studytime,failures,absences,G1,G2,attendance_pct,study_hours,engagement_score,final_score,pass,grade
3,2,22,13,9,50.0,15,19.25,43.59511748459528,0,F
4,3,3,12,11,92.82594344413303,8,27.60324293051663,56.95331789751906,0,C
1,2,17,19,13,58.94259035831062,3,16.367823794788826,64.193945350479,1,C
3,3,4,17,12,91.97071923040747,15,26.496339903800934,68.89628275412095,1,B
3,3,15,16,6,67.27099325206636,6,20.408874156508297,50.77885150486797,0,C
4,2,13,11,13,72.45441814379598,16,25.056802267974497,61.31643362653017,0,C
1,1,26,12,8,52.96733795049552,3,14.62091724381194,51.538458745237946,0,C
1,3,26,14,16,53.725522759977615,5,17.715690344997203,47.73387683345799,0,F
3,2,18,10,14,66.85174054898036,12,20.356467568622545,49.35634431355528,0,F
2,0,13,7,19,77.6600494839,6,20.7075061854875,69.38752007537744,1,B
3,2,8,11,15,81.94093159605764,9,27.242616449507203,53.21002248214781,0,C
3,0,5,8,9,87.67713565786742,9,21.95964195723343,61.12793718862916,0,C
3,3,16,15,16,62.115652130590746,15,20.764456516323843,60.598905503802925,0,C
3,2,18,14,15,69.07707272640914,9,20.634634090801143,64.01637436020592,1,C
4,2,11,18,9,82.92892982216603,16,29.366116227770753,68.37383605163079,1,B
1,0,3,9,8,93.22871827878348,5,22.653589784847934,69.33674932963558,1,B
4,2,15,12,17,71.64679291137075,12,23.955849113921346,57.850996110984624,0,C
4,2,24,19,10,50.0,16,20.25,59.32681911353592,0,C
4,3,10,11,5,77.20764203413547,20,23.650955254266933,50.2518592210034,0,C
3,2,21,11,6,55.36638470802083,9,17.920798088502604,44.87797538838116,0,F
2,1,3,12,8,94.73398199686181,4,25.841747749607727,71.88607425739987,1,B
1,0,16,14,8,74.33542771471764,2,15.291928464339705,65.90815670941794,1,B
2,2,7,7,12,87.73146171760706,6,22.966432714700883,55.42613002800506,0,C
4,0,13,7,13,73.87312396050893,8,26.234140495063617,67.10979784390781,1,B
4,0,26,6,16,50.0,20,25.25,62.27763264984489,1,C
2,0,1,19,8,98.43631275979965,6,25.304539094974956,81.52096050439985,1,A
2,2,10,5,10,82.99927999184068,8,21.374909998980087,55.28056002711649,0,C
2,2,10,14,8,78.72720542307576,4,22.84090067788447,51.25764662229391,0,C
4,0,23,10,8,58.499618922658364,12,21.312452365332295,59.18307715412019,0,C
4,1,21,10,16,50.471409711762426,20,25.308926213970302,61.421143093577896,0,C
1,0,23,17,15,62.293409297491316,3,16.786676162186414,78.02689997482555,1,B
1,1,5,14,16,87.68421238208029,4,19.960526547760036,86.14733357954049,1,A
4,0,20,16,13,51.752502169669455,16,20.469062771208684,65.57059534519968,1,B
2,3,20,12,18,52.24941887978558,6,16.5311773599732,51.878767066223986,0,C
2,0,13,18,8,78.25010245707558,6,18.781262807134446,74.55729299729633,1,B
1,0,29,10,17,50.0,3,18.25,57.73911120246001,0,C
4,2,9,10,10,79.26312841989825,12,29.90789105248728,51.3745545182007,0,C
1,1,25,5,18,50.0,5,13.25,43.71575291854603,0,F
1,3,26,16,17,50.0,3,17.25,48.11708038309918,0,F
3,1,7,11,13,86.36364382926374,15,27.795455478657967,75.25456593009135,1,B
3,3,6,11,7,89.13046437595938,9,26.141308046994922,63.11053605144545,1,C
3,0,7,14,11,82.7592944467279,15,21.344911805840987,76.7257536789165,1,B
2,2,27,13,11,55.73991871301466,8,21.967489839126834,55.93185003770874,0,C
4,2,7,18,5,89.1937215732663,8,26.14921519665829,73.84794239744637,1,B
4,1,22,19,15,66.79912856022305,12,25.34989107002788,71.50925097860298,1,B
4,2,1,16,6,97.7249730903663,12,31.215621636295786,64.73864034502152,1,C
4,1,26,11,9,59.52566620486477,16,25.440708275608095,56.377903468739156,0,C
3,1,15,12,12,69.42034593292132,6,20.677543241615165,54.85632087294075,0,C
2,3,8,8,10,85.06166047146158,8,19.632707558932697,61.91726566749067,1,C
2,1,12,13,18,80.23710531913352,8,20.02963816489169,81.1787215297466,1,A
3,3,22,19,18,50.70689928848152,9,20.33836241106019,65.18731995493576,1,B
2,2,11,18,17,82.89492485851672,6,20.36186560731459,66.95617895702699,1,B
3,1,26,5,17,52.72176019677824,12,19.59022002459728,51.07593310570144,0,C
4,1,21,12,11,56.69398426617809,12,23.08674803327226,56.80735057841718,0,C
3,0,24,7,19,54.34202263944995,9,19.792752829931246,64.30634609625864,1,C
4,1,28,18,19,50.7438504375424,12,24.3429813046928,67.98329353867122,1,B
4,1,16,5,7,61.183983924703256,8,24.647997990587907,32.16967568072841,0,F
1,0,26,6,10,50.0,2,13.25,47.755562550889884,0,F
3,0,1,19,13,98.08390546039077,9,30.260488182548848,100.0,1,A
1,2,12,10,7,77.27506699886297,4,20.65938337485787,61.80482460670268,1,C
3,1,0,9,18,100.0,6,27.5,79.67677960880972,1,B
3,2,25,18,17,50.0,12,23.25,62.36174044004639,1,C
1,2,27,7,17,50.0,5,16.25,40.99042231922746,0,F
1,0,18,13,17,71.38860016775581,5,17.923575020969476,73.96763589140606,1,B
3,3,10,12,10,76.46679296881632,9,27.55834912110204,52.661863616308935,0,C
2,2,4,17,11,91.860454920172,8,20.4825568650215,70.08767577057142,1,B
4,3,0,7,9,100.0,16,27.5,54.24659542319348,0,C
1,1,19,6,14,65.08056607077239,5,13.135070758846549,61.02483397888426,0,C
4,0,29,12,17,53.616628880924594,8,27.702078610115574,65.10547277767748,1,B
2,1,12,18,12,70.51957412318956,8,20.814946765398695,67.20100053640724,1,B
2,1,7,19,12,84.31129537769388,8,24.538911922211735,79.19313102377872,1,B
2,0,5,9,10,91.84111218450509,4,19.48013902306314,68.05857210867248,1,B
1,1,28,19,11,50.0,3,15.25,46.55626433265486,0,F
2,0,16,13,7,67.1107968354194,10,18.388849604427428,68.32107887560691,1,B
1,3,11,5,17,81.65322367266168,4,17.20665295908271,54.19861983250706,0,C
2,1,0,14,11,100.0,6,27.5,82.66342907536665,1,A
4,0,2,7,11,95.70850776909198,12,25.963563471136496,76.32836525294479,1,B
4,2,13,9,8,76.80786256640812,12,25.600982820801015,59.67855229251616,0,C
3,1,25,6,14,54.20977612775129,6,24.776222015968912,53.742833305673656,0,C
4,3,7,7,18,88.64580066054495,12,32.08072508256812,54.792076876908794,0,C
3,0,10,8,17,80.86759355674243,12,23.108449194592804,77.86581396134429,1,B
4,1,26,8,8,50.0,12,26.25,41.34817444167694,0,F
1,1,13,15,18,78.98516797090888,3,21.87314599636361,71.20029218067425,1,B
4,1,7,13,7,85.19650948815475,12,25.64956368601934,59.0061878095094,0,C
3,3,28,5,14,50.0,15,19.25,48.11039547368926,0,F
3,0,2,16,11,95.64363549121839,12,23.9554544364023,84.57243814729644,1,A
2,2,6,13,9,89.11097814689904,10,22.13887226836238,63.3415286721191,1,C
1,2,27,19,7,50.0,5,15.25,44.30898477957472,0,F
4,2,18,13,10,61.96954873132358,12,22.746193591415448,65.7971243733108,1,B
2,0,3,15,16,93.42847780256156,6,24.678559725320195,91.96053642242657,1,A
4,2,24,10,10,50.0,12,25.25,33.195612401383684,0,F
4,3,15,15,10,75.45472435150138,8,24.431840543937675,63.71569523610799,1,C
2,0,12,5,6,70.41708709359668,8,17.802135886699585,47.81505648390788,0,F
2,1,19,15,17,55.47073710257853,4,19.933842137822317,66.36649009653924,1,B
2,3,18,17,15,62.87826191322489,8,19.85978273915311,55.76848434430778,0,C
2,1,4,16,14,90.43856451688657,6,23.30482056461082,70.39590515913642,1,B
2,2,22,10,16,58.58647470442351,8,19.323309338052937,51.391845935128536,0,C
4,3,4,12,11,93.86285379357547,16,30.732856724196935,68.43879885133857,1,B
2,0,19,9,17,57.68640376350908,10,22.210800470438635,65.93625215056831,1,B
1,3,23,9,11,50.0,4,13.25,33.89953880094871,0,F
3,1,3,5,14,95.01443600927409,12,23.876804501159263,71.08757288469926,1,B
2,0,1,5,16,97.85612605298367,10,24.232015756622957,79.55492155357611,1,B
2,3,25,12,8,50.0,4,21.25,41.5156574849335,0,F
4,3,12,17,15,71.13919538034301,16,25.892399422542876,72.15710856892575,1,B
2,3,29,9,10,50.0,4,19.25,35.497547321687826,0,F
2,3,15,12,8,75.56899285922903,4,21.446124107403627,42.849553082100954,0,F
2,0,21,14,8,63.29514760860537,6,21.91189345107567,64.6815254194692,1,C
4,1,1,6,10,97.92227835898086,16,32.24028479487261,74.90089696522179,1,B
2,3,18,19,13,56.46289138308043,10,15.057861422885054,59.18108506632642,0,C
3,0,16,8,16,66.67942702082391,15,19.33492837760299,63.12479584277314,1,C
4,1,4,17,17,90.32151479665602,12,32.290189349582,91.01891297772944,1,A
3,3,24,15,19,50.0,15,18.25,57.57451797210942,0,C
4,1,17,18,11,64.32737910914724,16,23.040922388643406,71.29539038829992,1,B
2,1,27,14,6,58.9114402498901,4,16.36393003123626,46.68206739503936,0,F
3,0,22,13,18,59.67233310672489,6,24.45904163834061,61.00053554712639,0,C
4,1,20,17,10,68.85080885550187,20,28.606351106937733,63.720239574161084,1,C
1,0,17,7,18,69.02188004534152,5,15.62773500566769,70.76168542908823,1,B
2,3,7,10,9,89.0636655128909,10,24.132958189111363,65.86445455498543,1,B
4,1,26,15,10,56.63678760229838,8,21.079598450287296,61.06422481441149,0,C
1,1,14,11,17,73.25039717260627,4,14.156299646575784,60.13521220758315,0,C
4,2,12,7,12,75.82138305480423,16,24.47767288185053,57.631593384966436,0,C
1,3,12,5,12,79.39429974048574,4,19.924287467560717,49.129938101322736,0,F
2,3,15,6,19,66.51133931113017,8,16.31391741389127,51.430229821368144,0,C
3,2,21,15,7,56.10234294079258,12,18.012792867599074,50.0812218763865,0,C
1,2,19,18,13,58.35654991549772,3,14.294568739437215,51.78452899783157,0,C
4,0,12,14,10,73.20681182687903,20,26.15085147835988,66.38955140527159,1,B
2,0,19,11,11,57.68851356696055,8,22.21106419587007,54.53391477068303,0,C
1,1,1,11,13,97.56376609880314,3,18.195470762350393,67.68464905048654,1,B
4,1,2,16,19,96.52555933217067,16,33.06569491652134,93.15292180041689,1,A
4,1,14,5,18,75.21782105076224,20,26.40222763134528,69.88459724598503,1,B
4,1,22,14,17,64.92757650395268,16,25.115947062994085,64.42442515445069,1,C
1,0,18,11,11,62.333445566240144,4,14.791680695780018,58.7806646097424,0,C
1,3,12,19,14,77.25777390834561,4,20.6572217385432,74.19974417614425,1,B
1,1,4,14,13,92.01520447732895,5,16.50190055966612,75.70287733924327,1,B
3,3,25,15,5,58.25446355714651,6,19.28180794464331,39.159173984365125,0,F
1,1,21,10,17,54.86973473800095,5,18.858716842250118,61.57869618788281,0,C
1,2,5,15,5,89.40490319680274,2,20.175612899600342,72.25026163873933,1,B
1,1,13,10,7,77.05780244988375,3,20.63222530623547,57.35732245375028,0,C
3,1,3,11,17,94.10374992872178,9,25.762968741090223,76.99289407932315,1,B
1,1,21,11,13,50.0,4,16.25,51.2827663397286,0,C
4,0,18,5,5,59.07701738213563,16,24.384627172766955,56.324803968897186,0,C
1,2,22,14,5,62.007234711206706,4,14.750904338900838,45.246347780496635,0,F
4,1,6,9,9,85.72687088500238,20,27.715858860625296,68.54365151523871,1,B
4,1,3,19,12,95.29806107973538,16,32.91225763496692,94.4909147344041,1,A
4,3,1,18,6,98.08607143394458,8,29.260758929243075,68.15596436036756,1,B
3,2,26,18,8,58.9169260840277,9,21.36461576050346,63.388142986753536,1,C
3,1,6,12,19,85.45471483488107,9,23.681839354360136,71.82926222155119,1,B
3,3,2,12,10,96.91859511635991,9,23.11482438954499,66.35651799909093,1,B
1,3,14,7,19,76.88263585448922,2,21.610329481811153,66.19419240748692,1,B
4,0,0,7,5,100.0,16,31.5,85.12115504505039,1,A
3,3,1,11,19,97.91784235509937,6,26.23973029438742,71.14454444329175,1,B
3,1,9,19,8,79.34330822413361,6,21.9179135280167,68.68578641504944,1,B
1,0,15,8,8,77.25389859607307,5,19.656737324509134,70.48040055843356,1,B
3,0,24,10,13,53.941718306672385,15,20.742714788334048,59.07013460233025,0,C
1,1,27,13,13,50.0,3,14.25,49.74265630883409,0,F
2,2,14,14,10,70.88253307557781,4,17.860316634447226,53.672024446978746,0,C
3,3,23,6,12,50.0,9,19.25,31.563064407274226,0,F
2,0,14,6,16,65.51016732344371,4,20.188770915430464,56.294413110032544,0,C
1,2,13,10,14,71.59447338270871,3,14.94930917283859,54.761236603974794,0,C
4,1,21,7,8,61.619760304443204,12,27.702470038055402,42.443602852344995,0,F
3,3,13,5,14,76.48810985447525,12,24.561013731809407,48.877228549639014,0,F
1,3,5,6,12,92.14361296061766,3,16.517951620077206,62.030732760649215,1,C
4,0,13,18,19,74.93896267392071,20,23.36737033424009,93.49600453138603,1,A
4,3,16,17,7,61.353769350049916,8,24.669221168756238,46.11456289483284,0,F
2,3,17,11,6,66.37293874790232,6,23.29661734348779,43.82906629478165,0,F
1,3,19,8,10,54.191096707591164,2,16.773887088448895,34.8880989644069,0,F
4,3,18,16,9,58.2914452018917,12,24.28643065023646,46.045211932566225,0,F
3,1,29,6,12,50.0,15,19.25,36.4283112626194,0,F
3,2,16,15,19,60.83687548972699,12,22.604609436215874,61.56953742415641,0,C
2,1,15,16,5,66.90275096420515,8,16.362843870525644,55.348411650855525,0,C
4,1,7,16,15,83.40147899186817,8,24.425184873983522,90.12230149367788,1,A
1,0,6,12,16,86.51153379020575,3,18.81394172377572,81.31340765678462,1,A
3,3,19,8,14,58.13550422179786,15,21.266938027724734,46.30799037381985,0,F
4,1,27,8,7,50.0,8,27.25,46.085550682268426,0,F
4,3,11,6,11,75.56851957106242,16,25.446064946382805,51.88572168382237,0,C
2,1,8,18,17,84.96464790510761,4,25.62058098813845,78.35275769475557,1,B
3,1,26,5,14,50.0,6,20.25,46.030236220724355,0,F
3,0,13,5,18,76.67707493075042,9,27.584634366343803,69.30804990473936,1,B
1,2,19,7,16,68.68304906224475,5,19.585381132780594,46.987132542675695,0,F
3,2,0,10,8,100.0,12,30.5,65.40811968643261,1,B
1,1,9,11,14,78.40045639654946,4,19.800057049568682,65.80936207948177,1,B
3,0,16,17,9,65.57976469411474,15,22.197470586764343,72.37926973591897,1,B
2,3,16,13,12,75.10111424451023,6,22.38763928056378,55.92470796357307,0,C
3,3,16,9,5,63.02080088696557,15,24.877600110870695,45.49690881638934,0,F
1,1,3,13,5,92.69379541834749,5,21.586724427293436,64.91117506778524,1,C
1,2,16,12,16,62.72924096021167,3,14.841155120026459,62.419694406747624,1,C
2,0,17,5,11,62.1317959593523,6,18.766474494919038,54.595803138879845,0,C
3,2,19,15,19,68.6477124795469,12,26.580964059943362,72.84076096093767,1,B
3,3,22,16,17,59.32200237044306,12,23.41525029630538,60.728813734818274,0,C
2,2,1,7,16,97.93471311165197,6,27.241839138956497,68.0371194291177,1,B
3,3,7,12,13,88.96197454435128,6,27.12024681804391,66.56695744045868,1,B
3,0,12,13,8,80.72475743037057,12,27.09059467879632,68.742256504585,1,B
1,0,22,18,12,50.0,3,18.25,57.796958452004354,0,C
3,1,24,8,14,50.0,9,20.25,52.078280122832616,0,C
3,1,29,18,19,50.0,6,20.25,66.50152475085712,1,B
2,2,21,18,11,61.6254334950117,10,19.70317918687646,55.72170179340105,0,C
2,0,19,18,18,64.19584321867677,6,16.024480402334596,77.42553650167123,1,B
4,0,21,16,6,66.92350285584695,8,23.36543785698087,67.62406421859781,1,B
1,1,14,10,18,68.651522017998,2,13.58144025224975,62.329080214631446,1,C
3,3,19,8,9,68.14015377026709,12,26.517519221283386,53.86215643339794,0,C
3,2,22,17,13,50.0,9,21.25,60.76093407316746,0,C
4,2,8,19,17,81.23302056178453,16,25.154127570223068,77.88513659843672,1,B
3,1,2,13,17,95.72313164514507,15,22.965391455643136,78.8315068206519,1,B
1,0,2,6,13,95.46029011320218,5,18.932536264150272,72.37419839554329,1,B
4,1,1,10,7,98.32816483331396,16,32.291020604164245,75.12255561336018,1,B
1,1,0,15,15,100.0,4,21.5,74.37979371523537,1,B
4,1,13,17,16,71.7016089122003,12,24.962701114025037,67.0647936436103,1,B
4,1,16,7,7,65.41503070633155,12,24.176878838291444,44.5260624098773,0,F
2,3,12,14,6,80.59252146828183,6,18.07406518353523,57.764046136883394,0,C
1,3,18,8,11,66.80111567535931,5,19.350139459419914,51.140645346462364,0,C
3,0,29,6,10,50.0,12,22.25,44.895450558327326,0,F
3,1,22,15,19,54.40440880286802,6,18.800551100358504,58.33486047567064,0,C
1,3,14,12,9,68.28668019585146,4,20.535835024481432,48.06381957210118,0,F
3,0,26,14,11,50.0,6,22.25,59.15652154316619,0,C
3,1,24,12,8,50.0,9,20.25,42.464168163222645,0,F
1,2,13,5,9,79.2134212429129,3,17.90167765536411,43.48141862083037,0,F
4,3,1,14,13,97.62186130913273,16,30.20273266364159,70.25179103937074,1,B
1,0,6,10,19,87.78029758381444,2,17.972537197976806,77.31330341784945,1,B
4,2,16,5,15,75.40002143252524,20,27.425002679065656,62.091996117308184,1,C
3,1,17,10,13,63.56537894861876,9,25.945672368577345,47.67059445597915,0,F
3,1,5,11,8,89.91326406318463,9,22.239158007898077,76.61898691789534,1,B
3,1,26,19,10,55.27039120993731,12,23.908798901242164,64.68217640080114,1,C
2,3,20,6,6,54.711490827772906,8,20.838936353471613,31.808486258355614,0,F
4,0,7,13,7,82.96502224154415,20,26.37062778019302,70.92747904277307,1,B
2,2,27,12,13,50.78754674622534,8,17.348443343278166,44.48490970239247,0,F
2,0,26,13,10,50.0,10,14.25,52.22520761673932,0,C
1,3,1,19,12,98.37182500130157,2,17.296478125162697,69.35857787211361,1,B
2,0,0,14,19,100.0,10,27.5,96.18637045913955,1,A
1,3,15,17,15,72.7180591057115,2,21.08975738821394,66.72868910205662,1,B
1,1,6,8,9,89.83129189780284,3,21.228911487225353,55.584375037418646,0,C
2,2,21,8,6,58.45299778784143,8,19.30662472348018,38.0252268221489,0,F
4,1,23,16,11,64.50450274147283,12,28.063062842684104,66.41751572601875,1,B
4,0,10,12,10,82.47163168773595,20,28.308953960966996,77.49151949486586,1,B
4,1,14,5,15,78.05279168912026,20,28.756598961140032,64.18433685766881,1,C
4,2,12,12,19,80.4715461460696,20,30.0589432682587,74.184730835086,1,B
4,1,29,11,6,53.24743102488983,8,21.65592887811123,45.32058452943456,0,F
2,2,23,16,10,50.0,6,17.25,42.84184700181112,0,F
2,2,1,11,17,97.56956515196538,6,23.196195643995672,70.61621828075329,1,B
3,1,13,13,12,74.3312118448581,15,24.291401480607263,59.18541640985181,0,C
4,3,23,19,17,51.000406979373054,16,23.37505087242163,65.43017649725587,1,B
2,0,5,17,5,89.020490513685,6,22.127561314210624,76.91812849102496,1,B
3,3,8,14,8,84.86949340102352,12,21.60868667512794,52.1336935056907,0,C
4,3,27,11,5,50.0,12,25.25,30.02821197373916,0,F
1,1,6,19,6,86.94658588465798,5,20.868323235582245,64.15200922540251,1,C
3,0,17,6,5,68.09585324083095,15,21.511981655103867,49.43797116247764,0,F
2,0,23,5,10,52.13678105034593,6,16.51709763129324,48.39801145641242,0,F
1,3,8,5,15,83.87845751350834,2,16.484807189188544,66.42758512097109,1,B
1,1,22,11,10,55.46186678017841,2,18.9327333475223,47.52947220793547,0,F
1,0,3,9,5,93.01192341137065,3,18.62649042642133,67.7314469809673,1,B
3,3,8,8,8,82.36754312881042,15,26.295942891101305,52.00149646642049,0,C
2,0,3,9,18,92.61795203788571,6,26.577244004735714,83.46856223892028,1,A
1,1,11,14,18,74.79925710023262,4,17.34990713752908,70.669114749747,1,B
4,1,3,14,18,95.06262245620032,20,30.882827807025038,95.0,1,A
1,1,24,10,8,50.0,2,11.25,45.37363688574655,0,F
1,0,29,16,12,50.0,2,16.25,59.573716597196196,0,C
3,2,23,19,10,50.640988471238984,9,24.330123558904873,57.87604035396649,0,C
3,0,19,14,6,62.36585210235193,12,20.795731512793992,65.26901098972237,1,B
2,2,13,10,9,79.68796904239218,10,24.960996130299023,54.2674920204133,0,C
4,1,23,5,8,50.0,8,23.25,42.955753791855365,0,F
3,3,23,6,14,50.0,9,22.25,43.08956352586495,0,F
1,2,6,7,8,88.07915177552886,3,19.009893971941107,56.48627422563878,0,C
2,1,25,8,16,58.53547580922979,10,19.316934476153722,60.843400368621175,0,C
1,1,12,10,12,72.1063281057309,3,20.01329101321636,59.92067110495161,0,C
1,2,21,16,9,59.4558962864071,3,17.431987035800887,54.06212858339184,0,C
3,3,7,16,7,86.76920253545549,9,25.846150316931936,68.32448152809644,1,B
2,1,22,15,14,52.36159089748057,4,16.54519886218507,52.54155923728956,0,C
4,2,4,17,16,90.96529840586939,8,29.370662300733674,79.36990064578815,1,B
4,3,11,13,19,82.80875189717496,16,27.351093987146868,67.68132411216935,1,B
3,3,12,16,8,72.78932300219785,15,23.09866537527473,53.50653524914425,0,C
3,1,28,6,5,50.0,15,21.25,42.766321994627084,0,F
2,0,19,12,10,60.30501740008118,10,21.538127175010146,52.84173806600076,0,C
4,0,13,13,15,76.10055411334426,20,23.512569264168032,73.78276131077713,1,B
4,1,27,6,17,55.05034202409265,12,24.881292753011582,62.08078590368572,1,C
4,3,17,13,19,72.75489952387431,20,23.09436244048429,60.61017463905803,0,C
1,1,26,11,14,60.96922396331723,4,18.621152995414654,64.78520422067476,1,C
4,2,23,13,8,60.75141595908187,20,25.593926994885233,54.19448000154682,0,C
1,0,24,10,10,54.12791271880065,5,14.76598908985008,52.88288104953206,0,C
2,2,19,6,6,66.8707577033984,6,21.3588447129248,38.33455781356653,0,F
1,1,3,12,9,94.57306283918497,3,23.82163285489812,68.31746495541063,1,B
2,1,20,14,15,62.190951692780196,6,18.773868961597525,64.54277582204614,1,C
4,3,17,19,13,69.25954075608767,16,26.65744259451096,63.707833810170655,1,C
4,3,6,13,12,86.65227376804762,12,25.831534221005953,59.47854509814323,0,C
2,3,14,16,7,72.11582495169043,10,17.014478118961303,55.52071020535061,0,C
3,2,20,12,5,69.61345704495919,12,20.7016821306199,56.82521087886347,0,C
2,3,5,6,14,91.36665884318849,4,22.42083235539856,49.308778020487495,0,F
3,1,15,19,7,66.85512633048205,9,25.356890791310256,75.26761287255053,1,B
1,3,19,12,12,65.78232005755106,4,13.222790007193883,49.35928811980254,0,F
1,0,23,7,15,50.0,2,18.25,55.51352087171018,0,C
1,3,7,7,7,84.51135166786806,3,20.563918958483505,54.05295731481593,0,C
4,2,27,13,9,51.67197165124968,8,27.45899645640621,36.78885730701796,0,F
1,0,20,17,6,59.67180307653112,3,19.45897538456639,51.54220909343651,0,C
3,0,15,13,19,67.49141454729745,12,26.43642681841218,67.47773874666369,1,B
1,0,27,19,5,54.27912163589843,3,17.784890204487304,51.53445004114678,0,C
2,2,21,13,15,63.330063174375894,6,19.916257896796985,60.92822759395351,0,C
2,1,15,8,14,69.89314381206616,8,16.73664297650827,53.37376882609507,0,C
4,3,2,16,19,95.15021055501941,16,25.893776319377427,76.10822755651995,1,B
2,0,16,18,18,70.49583413027815,10,22.81197926628477,78.62992386315618,1,B
3,0,8,11,9,84.78295737519434,15,23.597869671899293,72.13373714833652,1,B
1,0,24,17,9,59.42511494364368,4,17.42813936795546,61.75652112768915,1,C
4,1,2,12,10,95.81358260945377,12,25.97669782618172,70.87984635141235,1,B
1,1,19,19,6,57.43713580223103,2,17.17964197527888,49.68420937655944,0,F
1,2,28,19,13,50.0,4,14.25,52.91576378750331,0,C
3,1,6,17,6,86.4985037220411,6,26.81231296525514,69.74803059214402,1,B
2,3,17,19,6,69.35571970274472,10,17.66946496284309,60.449229056147985,0,C
2,2,11,17,16,75.72317140168649,10,24.465396425210812,66.78275189336489,1,B
1,2,18,9,19,68.34979840293182,4,20.543724800366476,59.20241964808049,0,C
4,3,15,17,9,65.79025687342644,16,23.223782109178305,45.48507353232943,0,F
2,3,21,19,13,51.056526855716605,6,19.382065856964577,56.93411659727349,0,C
4,3,26,19,8,50.0,20,24.25,49.87123124843315,0,F
2,2,23,5,10,60.5441300654356,10,17.56801625817945,46.646317082075676,0,F
4,2,16,19,6,64.89200899369698,16,29.111501124212122,66.1162265633961,1,B
3,2,19,13,18,61.26773263984937,6,19.658466579981173,62.58591739465281,1,C
4,3,14,10,17,65.19548214015333,12,28.149435267519166,56.651973593698386,0,C
3,3,0,7,8,100.0,12,24.5,49.17905861025584,0,F
3,0,1,7,19,97.72874864716096,6,23.21609358089512,82.16686598496591,1,A
4,1,7,18,16,86.90945318059877,12,29.863681647574847,79.89104889234666,1,B
3,0,21,18,13,60.165993042765116,6,21.52074913034564,64.54744869425758,1,C
1,3,24,14,19,61.33618757427766,3,17.667023446784707,46.71413981967825,0,F
3,2,1,5,6,98.2603388141738,9,28.282542351771724,56.88657267128205,0,C
2,3,18,17,5,70.03928284169794,6,19.754910355212242,44.991535342852,0,F
4,1,8,12,8,86.72639551164858,20,28.840799438956072,67.33259451047692,1,B
1,0,8,6,19,87.92786777878516,4,18.990983472348145,70.6281256180763,1,B
4,0,12,16,8,72.47463076632685,20,24.05932884579086,79.69150186115847,1,B
2,2,5,5,5,90.16034391030159,10,19.2700429887877,46.32191125935661,0,F
2,0,29,11,8,50.0,6,17.25,48.686235389851035,0,F
2,0,14,18,19,70.42429427121674,8,18.803036783902094,81.15184716423335,1,A
3,3,18,15,7,58.035922075350825,12,20.25449025941885,44.35175781738744,0,F
3,0,20,13,17,59.92469993525118,12,20.490587491906396,79.31266991685655,1,B
4,0,14,10,6,77.68342570405632,16,26.71042821300704,55.52215306886503,0,C
4,0,17,12,17,64.01501806502301,12,22.001877258127877,72.89698598850737,1,B
1,2,6,12,14,86.93341082642355,4,18.866676353302942,70.79369371666263,1,B
1,2,25,13,19,50.0,2,12.25,54.76902581115331,0,C
4,3,10,11,8,76.9866368477342,8,26.623329605966774,61.884587418785856,1,C
3,0,7,13,12,84.3795052919565,15,27.54743816149456,85.62235629531301,1,A
2,2,5,19,11,90.33683775400566,6,25.29210471925071,70.80646664114234,1,B
4,2,7,13,13,83.7662744118133,20,29.470784301476662,70.74558591316631,1,B
1,3,1,16,12,97.8082134578573,5,24.226026682232163,74.02743883200748,1,B
3,1,18,15,5,70.8333987067298,12,21.854174838341223,59.184335806513104,0,C
4,0,15,5,16,69.4019062682527,8,29.675238283531588,64.68991386374601,1,C
4,2,6,10,6,86.62866516262036,8,26.828583145327546,67.5677884442353,1,B
3,3,9,16,16,81.52040618453547,12,26.190050773066936,74.41522703868368,1,B
4,3,11,12,6,73.06068483953243,16,23.132585604941553,60.4635625117602,0,C
3,3,16,14,16,74.37613970865968,9,24.29701746358246,61.8898197271168,1,C
2,2,6,13,12,86.66606984272704,4,20.83325873034088,66.19500320908156,1,B
3,0,21,19,16,51.18653295998049,15,19.398316619997562,74.56650587179159,1,B
3,1,7,8,8,84.5814276356638,15,28.572678454457975,67.4918502239476,1,B
3,0,6,17,13,88.68648996961356,9,26.085811246201693,83.05430727998052,1,A
4,3,3,6,6,94.34355906039002,8,28.792944882548753,47.394186196452054,0,F
4,3,2,15,18,95.82686498984998,16,27.978358123731248,75.0610684044274,1,B
3,1,18,13,8,65.85223534561851,15,19.231529418202314,58.4604860349689,0,C
4,0,14,13,17,66.63543803687837,8,29.329429754609798,65.88190102947075,1,B
1,3,3,16,17,95.17020814511665,2,22.89627601813958,75.2777423006436,1,B
1,3,24,12,19,50.0,2,14.25,36.29087726022226,0,F
4,0,8,7,19,86.9270803138109,16,27.865885039226363,74.00046469580342,1,B
4,3,12,9,5,75.5180823700115,20,25.439760296251436,54.50005058879239,0,C
3,0,17,6,7,62.33511955901818,12,21.791889944877273,53.07060464660931,0,C
2,3,20,18,10,66.68978166879502,4,19.33622270859938,55.994779111562096,0,C
4,0,15,7,13,66.9395016776552,8,22.3674377097069,63.28133033353086,1,C
1,1,0,5,15,100.0,5,20.5,81.22848099216043,1,A
3,3,3,8,5,93.63833876311259,15,27.704792345389073,60.95000720901393,0,C
4,1,17,9,19,65.90559850151095,16,24.23819981268887,76.66114854818122,1,B
1,3,7,16,9,87.41347532333518,4,22.926684415416897,58.486315217622206,0,C
1,3,19,6,16,69.38057411374925,4,15.672571764218656,47.178625879123324,0,F
2,2,15,19,6,66.46218790598626,4,21.30777348824828,48.48313179884883,0,F
3,0,20,19,11,62.363897332459885,15,24.795487166557486,78.2517771561563,1,B
3,1,10,7,8,84.13469222726823,9,26.51683652840853,64.03975949997302,1,C
2,1,19,16,9,56.817002572818076,10,20.10212532160226,54.16699946628808,0,C
2,1,20,10,12,65.34210633032359,10,20.16776329129045,55.667791799469946,0,C
3,0,20,10,6,55.270958925889595,15,18.9088698657362,55.37643657812313,0,C
3,2,20,19,7,58.70202628118527,9,22.33775328514816,53.729175195375205,0,C
4,1,26,11,15,55.94224569894467,16,27.992780712368084,58.20809236143029,0,C
4,0,18,16,9,71.62469691085374,12,22.953087113856718,69.11996088480362,1,B
2,3,22,13,14,53.94852166114223,10,14.743565207642778,45.71971913100981,0,F
4,1,18,8,8,72.54618701969028,20,30.068273377461285,62.03777700769585,1,C
1,1,17,9,9,73.38710375731009,2,20.17338796966376,54.13118307253882,0,C
4,2,18,15,7,60.36005652459939,20,23.545007065574925,40.482387171555686,0,F
4,1,10,6,17,79.61126158598697,12,30.95140769824837,68.55489369453441,1,B
1,1,2,10,16,96.34740946869124,3,18.043426183586405,72.05764187639735,1,B
2,3,7,8,13,85.72540440132103,6,22.71567555016513,59.76555323162718,0,C
1,0,19,9,12,60.25866277702653,4,18.532332847128316,58.46551213702339,0,C
4,0,18,11,18,62.8248544075996,8,27.853106800949952,67.35591678296933,1,B
2,2,9,10,10,80.71701389636058,8,19.089626737045073,54.60977391895358,0,C
4,3,15,12,19,63.39567849714449,12,23.924459812143063,59.920996085000425,0,C
1,0,4,10,18,92.4448899196639,4,22.555611239957987,81.80367759985873,1,A
1,3,19,14,5,65.77812314430605,2,19.222265393038256,40.8733402787854,0,F
4,0,8,18,8,87.69252071175865,8,27.96156508896983,78.9863994381961,1,B
3,3,7,12,11,88.47048860200263,6,24.05881107525033,62.31866043954825,1,C
3,2,10,17,14,83.93750184118858,6,27.492187730148572,64.44056904783719,1,C
1,1,15,18,9,72.46833719691307,3,21.058542149614134,72.61912895636847,1,B
1,2,6,18,8,87.34005562710966,5,17.91750695338871,64.54232297191773,1,C
3,0,14,8,13,78.35132552411584,9,21.79391569051448,74.39582327658256,1,B
3,2,23,16,12,50.0,9,17.25,62.41068498297997,1,C
4,1,28,11,19,50.0,12,23.25,64.08050620597689,1,C
4,2,20,7,7,50.72990968423091,12,23.341238710528863,28.834700857946608,0,F
3,0,19,5,18,60.70068547135316,12,24.587585683919144,57.92068218186429,0,C
4,0,22,17,10,50.03002912745325,8,20.253753640931656,63.17845773660984,1,C
4,2,16,13,16,62.22110028324747,20,22.777637535405933,60.27548458778183,0,C
2,1,5,13,18,88.05576849337237,10,20.006971061671546,87.19718888760377,1,A
4,2,14,10,18,71.7415355044827,20,22.967691938060337,63.45924392364353,1,C
1,1,7,19,16,86.72280209098243,3,19.840350261372805,84.20051832744996,1,A
4,3,6,6,8,87.63691006186936,8,25.954613757733668,50.01161865184203,0,C
4,1,1,12,11,98.09792959838258,8,32.26224119979782,77.12702615546131,1,B
3,3,29,14,5,50.0,15,17.25,41.931474170472136,0,F
1,2,12,10,5,78.112962074,5,18.76412025925,34.278675650608236,0,F
4,1,29,11,18,50.0,12,22.25,59.80479818160498,0,C
4,3,22,17,19,61.072372126913045,20,24.63404651586413,70.85290453443659,1,B
2,3,28,5,16,55.378983357399825,6,14.922372919674977,34.46225243112332,0,F
4,3,5,7,16,90.36768639638048,20,31.295960799547558,70.18758463912559,1,B
4,0,28,19,10,51.412050615109735,8,21.426506326888717,63.07840186776149,1,C
2,2,4,5,14,92.2065337904221,4,22.525816723802762,58.35502541463259,0,C
3,3,19,14,15,56.44823355065043,6,22.056029193831304,49.89651012660907,0,F
4,1,0,5,17,100.0,16,32.5,86.33670203084405,1,A
2,3,28,16,17,50.0,10,17.25,53.91596413389448,0,C
1,0,17,16,18,71.98677279302365,4,19.998346599127956,72.15800145408483,1,B
3,2,14,15,11,67.09629012826976,6,24.387036266033718,59.759572784756045,0,C
1,0,22,17,17,61.53832149039428,5,12.692290186299285,72.70127003849053,1,B
1,0,9,5,13,78.09459894230523,4,16.761824867788153,68.31408142847904,1,B
2,0,2,8,19,96.5457041471027,4,24.068213018387837,82.75133902048493,1,A
4,1,4,17,11,91.01215285614077,8,31.376519107017597,84.341106117723,1,A
2,2,23,11,13,64.07128828022068,10,20.008911035027587,55.47389574600784,0,C
2,2,28,11,14,50.0,10,18.25,51.098844834929714,0,C
2,1,12,16,18,79.37590938500871,6,20.921988673126087,74.15927426076296,1,B
2,2,7,17,13,84.80879220846235,10,20.601099026057796,75.02737068262232,1,B
3,0,21,9,18,55.147583909878215,6,23.893447988734778,73.62715385770595,1,B
4,2,20,16,18,51.52608240679676,12,20.440760300849597,69.72662313868483,1,B
1,1,28,10,12,50.0,3,11.25,41.72348272017378,0,F
1,0,1,6,11,98.09175118835009,5,20.26146889854376,63.64071078122235,1,C
4,1,8,9,16,86.45145756120638,8,29.806432195150798,75.01938824628152,1,B
1,3,16,11,7,65.48078386329377,4,19.18509798291172,40.67849972183617,0,F
4,0,26,18,15,57.97446829800636,8,21.246808537250793,67.70842498616884,1,B
1,0,17,13,18,60.41521394232994,2,19.551901742791244,79.21315573564382,1,B
2,2,12,10,7,79.03198543673363,10,17.878998179591704,69.55332847674886,1,B
1,0,0,16,15,100.0,4,19.5,79.526237295726,1,B
4,1,11,18,9,76.94457965237666,12,26.618072456547083,67.6435593038221,1,B
4,2,19,14,11,64.61269018244775,16,25.07658627280597,52.849593486080664,0,C
4,3,19,8,17,58.88639822612732,20,25.360799778265914,48.73789534441949,0,F
4,1,20,7,16,64.99566082215739,8,22.124457602769674,64.74901396376485,1,C
4,3,4,13,14,93.86150170489361,8,26.7326877131117,69.81619891928018,1,B
3,3,7,11,11,82.78512584705544,12,26.34814073088193,62.83116485574264,1,C
3,3,26,15,5,52.6788083850781,12,19.584851048134762,47.18848753324449,0,F
1,0,14,18,12,69.01152871475347,5,15.626441089344183,73.72515133501285,1,B
4,1,26,17,5,50.0,16,27.25,49.39262235230437,0,F
1,1,2,10,17,95.662002645774,5,22.95775033072175,80.4088411699463,1,A
4,0,5,11,18,91.94531738742161,12,30.4931646734277,86.26119475632542,1,A
4,2,27,19,15,50.0,16,25.25,61.61987008076207,1,C
3,3,12,12,8,77.29336535785336,6,21.66167066973167,46.8558529763293,0,F
3,1,11,9,6,78.52965476482922,12,24.816206845603652,63.17343922849682,1,C
2,0,18,7,9,55.60825000700374,4,15.951031250875467,51.784313516827666,0,C
3,3,28,7,10,54.183910664567016,9,22.772988833070876,41.66644047986866,0,F
2,2,17,17,8,61.67009700100623,6,21.70876212512578,49.40282695573982,0,F
2,2,23,6,18,57.90211573401453,8,20.237764466751816,56.77586334938161,0,C
2,3,0,12,16,100.0,10,21.5,74.21685740493834,1,B
2,2,24,5,17,57.501342498417635,4,19.187667812302205,52.31884784994709,0,C
2,1,26,16,8,51.93167961620484,6,15.491459952025604,48.24280279298727,0,F
1,1,6,12,11,88.85729764243837,4,22.107162205304796,70.28199341591201,1,B
3,1,11,7,15,80.52178294299831,9,25.065222867874787,72.15182562282511,1,B
2,2,9,13,8,80.49256167003871,8,25.061570208754837,62.850447600482795,1,C
4,1,28,16,6,56.66378445639302,8,26.082973057049127,54.00586218029662,0,C
3,0,11,18,8,79.84476813613527,12,25.980596017016907,79.4599712488742,1,B
3,1,10,16,11,82.1979439316393,6,26.274742991454914,67.3423703239452,1,B
2,1,3,15,5,93.2457459383504,6,26.6557182422938,73.01795745413072,1,B
1,2,18,6,19,70.36302620764805,2,13.795378275956006,60.285713181388644,0,C
2,1,5,14,8,87.79656428951384,4,22.97457053618923,70.22410010982554,1,B
1,3,24,13,10,59.907553310916285,5,17.488444163864536,44.53311422868309,0,F
4,0,8,10,12,85.03978108749159,12,27.629972635936447,76.74136156260666,1,B
3,2,19,5,12,67.70569632465667,6,25.463212040582086,48.312032967792014,0,F
4,0,9,9,17,83.91971850875119,20,27.4899648135939,80.71731608701715,1,A
1,3,4,14,13,90.9559011973275,5,17.36948764966594,68.45609305893787,1,B
1,2,26,13,9,50.0,2,14.25,50.35061133817546,0,C
4,2,12,17,18,80.049091392277,16,28.006136424034626,79.66080358310747,1,B
1,1,8,10,6,87.62692097084341,2,15.953365121355427,56.58534791053863,0,C
4,0,1,11,7,98.27008377982972,16,30.283760472478715,73.8621310186954,1,B
3,3,17,8,6,58.42475276505764,6,20.303094095632204,31.453707045020835,0,F
4,3,20,5,13,53.09366503623934,12,27.636708129529918,50.74932571906004,0,C
3,2,0,9,10,100.0,15,24.5,77.47621312312458,1,B
4,1,23,6,18,54.41410989524239,8,25.8017637369053,60.50281931409299,0,C
1,2,20,12,15,52.0126772124201,2,11.501584651552513,55.0561003936555,0,C
4,2,11,8,16,76.99520079386691,8,24.624400099233362,58.87603387644879,0,C
1,2,9,5,5,78.57309641366113,4,16.82163705170764,49.01868833902874,0,F
4,2,1,14,7,98.00816089564766,12,29.25102011195596,76.09071160307062,1,B
4,3,27,11,11,54.0973642837917,12,22.762170535473963,43.6460109189017,0,F
2,3,8,16,11,82.19258416046212,4,25.274073020057763,55.37685096299053,0,C
1,2,1,15,9,97.97360668042099,5,20.24670083505262,62.86040882974868,1,C
2,2,22,6,7,52.29432924069369,10,21.53679115508671,39.13819240251151,0,F
1,1,23,7,17,61.88368891591162,2,13.735461114488952,53.0129088494033,0,C
2,2,29,18,19,50.0,8,15.25,63.297893994933304,1,C
3,3,21,13,11,60.47259990449247,15,23.55907498806156,49.20484942747369,0,F
4,0,13,19,9,76.18402921345445,12,28.523003651681805,72.08948679297129,1,B
1,3,10,17,10,78.28524458927399,5,15.785655573659248,67.02061234680376,1,B
1,1,22,13,7,53.97073950825896,5,16.74634243853237,43.206439647392024,0,F
4,3,10,6,10,78.50892571063295,8,27.81361571382912,45.365562903924406,0,F
1,0,16,7,11,60.55467097229614,5,12.569333871537017,53.704140275447386,0,C
1,2,3,15,18,93.39641059129174,2,20.674551323911466,77.91760214432168,1,B
2,0,12,16,12,74.30921245272532,6,23.288651556590665,66.06700002186304,1,B
1,2,6,13,6,87.31868174895158,5,21.914835218618947,63.57105473918057,1,C
3,2,15,5,6,71.51928625969391,6,21.939910782461737,46.29460079156984,0,F
3,3,0,6,18,100.0,6,30.5,79.03164386523234,1,B
4,3,12,15,10,77.42873676993148,12,30.678592096241434,61.62950828280445,1,C
1,3,0,6,12,100.0,5,23.5,59.290779647710835,0,C
4,1,10,14,9,82.06856355285333,16,24.258570444106667,65.80373935847813,1,B
3,3,5,18,18,91.76121779116856,15,23.470152223896072,73.14441316576182,1,B
1,1,19,7,5,69.03449716133808,2,14.62931214516726,44.48122681345407,0,F
1,3,2,14,15,95.7308822866184,2,17.9663602858273,61.765522726640015,1,C
4,2,11,7,5,79.89249576472452,12,26.986561970590564,55.081413947117525,0,C
3,1,4,14,14,92.89980284563043,9,24.612475355703804,77.04443190693448,1,B
1,0,8,17,13,83.26352536514827,4,19.407940670643534,85.42855091802512,1,A
4,1,25,6,8,61.85825613836246,16,26.732282017295308,52.16275563028543,0,C
3,1,25,12,16,56.34435870038313,6,20.043044837547892,61.27001298525441,0,C
4,0,11,12,14,79.75397986151204,16,29.969247482689006,73.74525344057409,1,B
2,1,29,12,5,50.0,8,17.25,47.42259767645859,0,F
1,2,29,6,15,50.0,4,14.25,44.1307732301472,0,F
2,3,27,19,12,50.0,10,21.25,41.77694523211427,0,F
3,0,26,17,6,52.30283456203882,15,24.53785432025485,67.00488066211022,1,B
2,3,9,13,16,83.83203106952126,4,20.479003883690158,67.97025343285371,1,B
2,2,18,15,6,72.40244664582981,10,20.050305830728725,51.821574324649916,0,C
3,0,4,11,5,90.19313079744659,12,27.274141349680825,75.28744860143001,1,B
4,3,25,16,5,50.0,16,20.25,39.74008707589313,0,F
2,3,4,9,13,91.98990434122474,8,26.498738042653095,58.65304529184888,0,C
4,2,8,11,17,80.61251083723522,20,25.076563854654403,73.59761776983126,1,B
2,3,26,12,5,53.46212586585692,6,18.682765733232117,40.39464920662628,0,F
4,2,27,13,10,50.533134488764865,16,27.316641811095607,58.158335567109006,0,C
3,1,25,6,16,50.0,12,20.25,60.45673690340489,0,C
2,2,26,10,11,50.0,6,18.25,35.30243928003806,0,F
3,1,19,13,8,58.21309621678267,9,19.276637027097834,44.65291196022204,0,F
2,0,16,17,9,63.38050747964355,4,20.922563434955443,63.118749015415204,1,C
3,3,9,10,8,81.32402764638462,6,23.165503455798078,46.41677176910536,0,F
3,2,20,6,8,52.74353034576792,15,23.59294129322099,52.76773177122617,0,C
2,2,0,5,14,100.0,6,27.5,68.29328457557953,1,B
2,3,21,16,19,63.68384682772461,4,20.960480853465576,59.62159691201356,0,C
2,3,27,7,19,50.0,8,15.25,41.40246074778649,0,F
1,0,15,15,5,66.80582972264568,2,20.35072871533071,60.35406057877973,0,C
4,0,25,9,10,50.0,16,24.25,44.61712296600648,0,F
1,2,25,11,18,56.424580925731604,4,12.05307261571645,58.35448972993318,0,C
1,0,14,14,14,78.42490480794234,4,16.803113100992793,81.22336105066844,1,A
3,1,22,14,18,61.44542327140681,15,21.68067790892585,61.288500703906934,0,C
2,0,16,7,14,60.25532685994049,6,15.53191585749256,60.732123589451106,0,C
4,0,25,13,11,57.888343990238766,20,28.236042998779844,68.94233853843767,1,B
3,2,19,14,11,62.67693658867302,6,19.834617073584127,56.91719397718282,0,C
1,1,24,16,12,50.0,2,15.25,57.04280706015577,0,C
2,0,12,8,11,71.4463217794055,6,20.930790222425685,56.57150700354453,0,C
3,1,0,14,10,100.0,9,27.5,77.87448486362985,1,B
2,1,24,6,16,50.0,4,15.25,52.60791610616219,0,C
3,1,7,7,19,85.2693141449506,9,23.658664268118827,64.58056972704141,1,C
2,3,4,9,12,90.53872476748876,6,22.317340595936095,59.27034502286455,0,C
1,3,5,7,7,91.18078501430395,4,16.397598126787994,52.28712338139894,0,C
4,3,22,9,13,57.52757347226298,20,22.190946684032873,46.468575441079096,0,F
1,3,19,8,7,55.468322987363784,5,15.933540373420474,35.755659917672254,0,F
4,2,29,17,8,50.0,20,23.25,53.381095462625375,0,C
2,0,13,15,17,69.17411212490086,8,23.646764015612607,75.58936089173599,1,B
3,3,21,14,14,60.874583574344896,12,22.609322946793114,52.06117769697292,0,C
1,2,22,17,18,59.005316518086474,3,13.37566456476081,68.2040401049569,1,B
4,0,10,7,10,81.90967085208855,12,28.238708856511067,67.26654119047512,1,B
1,3,5,16,16,89.76528458181215,4,17.22066057272652,65.10102281155062,1,B
4,0,10,10,18,83.7093126110128,16,30.463664076376602,76.60121404584409,1,B
1,3,12,12,16,81.56076817782377,2,19.195096022227972,52.929135014246114,0,C
4,2,11,17,12,73.6284572203191,16,24.203557152539886,60.87258141816915,0,C
4,1,21,16,7,50.0,16,24.25,52.48236387888289,0,C
2,1,1,8,17,98.42382933810808,10,23.30297866726351,77.92864821820136,1,B
4,0,20,13,14,59.00604890077014,8,24.375756112596267,64.58640598589713,1,C
2,2,2,10,10,95.92063568048964,10,23.990079460061203,62.59455003523837,1,C
4,1,22,9,9,58.806525030812416,20,25.350815628851553,52.12443354434976,0,C
3,3,3,7,9,93.79328553848617,6,23.72416069231077,58.18336916815393,0,C
3,1,16,9,9,68.67009046835096,6,20.58376130854387,59.46982836878949,0,C
3,0,27,9,13,50.0,6,24.25,63.863752031838786,1,C
4,0,27,18,17,50.0,12,21.25,71.84260690960728,1,B
2,2,21,19,11,57.454834385983546,4,22.18185429824794,63.73320025952637,1,C
2,0,5,16,16,90.88170953597337,10,21.36021369199667,88.28884088554464,1,A
4,1,6,16,13,87.51126332746627,8,28.938907915933285,85.2606789976442,1,A
3,1,14,8,19,70.02944404093424,9,24.75368050511678,69.84402561321849,1,B
3,1,10,16,13,78.37688656000635,15,27.797110820000796,75.92428152418299,1,B
2,1,23,10,17,51.27894702752964,4,21.409868378441203,45.625941097800606,0,F
3,2,2,7,18,95.6707944705144,6,26.9588493088143,70.78096399129441,1,B
1,3,29,14,10,50.0,5,15.25,36.80473372407552,0,F
2,3,5,5,18,90.26933043460352,10,23.28366630432544,60.48241202566206,0,C
3,2,25,11,10,50.0,6,18.25,49.52605794122086,0,F
2,0,1,11,8,97.74563145839535,6,26.218203932299417,77.70646821017772,1,B
1,3,28,16,12,50.0,5,17.25,50.76190572015551,0,C
2,0,13,8,18,75.75067303427971,8,23.468834129284964,75.88239427592083,1,B
2,3,8,13,6,82.27293875861713,4,24.28411734482714,47.24553503160948,0,F
2,0,17,16,9,70.72305594279922,10,23.840381992849903,79.78849415673166,1,B
2,2,18,6,5,72.82914048035202,10,18.103642560044,43.425468615621035,0,F
1,1,11,19,14,78.31717397304513,2,16.78964674663064,79.40593294090665,1,B
4,0,12,17,18,79.9195221420839,8,29.98994026776049,94.5220085430425,1,A
2,1,25,5,6,53.042931024091445,4,15.63036637801143,30.470107140532377,0,F
2,0,11,19,5,80.29642434710352,6,23.037053043387942,71.78129581849484,1,B
3,0,11,7,10,74.95011922634465,12,24.368764903293084,67.3171946468288,1,B
2,0,17,11,6,68.86605551020288,10,20.608256938775362,58.19406146018326,0,C
3,0,8,13,16,82.87459366888541,6,27.359324208610676,93.58553895683932,1,A
4,0,16,6,8,65.21739845441087,8,29.15217480680136,56.470999423168855,0,C
1,1,20,10,17,60.87091428895289,3,12.608864286119111,61.599506830349966,1,C
1,0,15,7,9,76.28383096706632,4,15.53547887088329,68.47455274691457,1,B
4,1,16,9,11,64.7941586227935,20,22.099269827849188,52.61865589107255,0,C
1,2,20,16,14,68.49664170649265,4,17.56208021331158,59.57114263166551,0,C
4,3,23,13,5,63.218101926883854,16,22.902262740860483,40.50828536197013,0,F
4,0,7,7,16,88.12801841857578,8,31.016002302321972,79.03718895995851,1,B
4,3,10,5,15,82.19624202211841,8,28.2745302527648,63.29866868699648,1,C
1,1,23,9,9,50.0,2,11.25,37.165660596841754,0,F
3,2,1,5,19,97.8250782228955,9,29.22813477786194,65.72847494014874,1,B
4,2,7,12,8,86.78951048108269,12,24.848688810135336,63.999966965386164,1,C
2,2,11,11,11,72.73509803723171,6,20.09188725465396,62.59033773248133,1,C
1,3,20,19,18,65.12794915433707,2,19.140993644292134,58.76586831078217,0,C
4,1,0,15,14,100.0,8,29.5,79.18911812864289,1,B
4,0,22,6,11,50.0,8,21.25,57.75124363458043,0,C
2,0,12,18,12,72.37572906451858,8,24.04696613306482,75.05806602613285,1,B
3,1,21,15,8,66.60353728012184,9,20.32544216001523,63.12833066970812,1,C
3,3,20,13,8,56.054515526509135,9,24.006814440813642,50.029492561276044,0,C
3,0,16,9,14,71.87417991115693,12,20.984272488894618,71.1964681006985,1,B
4,1,13,11,9,75.87546478514894,20,24.48443309814362,65.49207383387532,1,B
4,0,13,8,9,74.14310422995484,16,24.267888028744355,59.874850986144594,0,C
4,2,15,16,15,65.6387475090191,16,23.204843438627385,63.68396138577097,1,C
1,0,16,17,7,73.34077691729524,2,21.167597114661906,68.9896871889595,1,B
2,3,5,5,9,91.95722382480191,10,24.49465297810024,59.30021942499317,0,C
4,1,25,18,9,58.663968873908885,16,22.33299610923861,60.842582386408154,0,C
2,3,27,12,12,53.60796453901645,10,14.700995567377056,41.20526566405954,0,F
2,1,6,17,11,90.64298887713383,10,19.33037360964173,79.97014478305859,1,B
3,2,25,5,12,50.0,6,17.25,34.71793482457206,0,F
1,1,25,7,17,54.52291482278129,5,16.81536435284766,55.52260101678043,0,C
4,0,0,10,9,100.0,8,30.5,73.75024119863056,1,B
3,0,24,12,16,50.0,9,24.25,64.48150046602971,1,C
3,2,14,12,15,67.9820543372672,12,25.4977567921584,60.40130796116324,0,C
4,1,19,6,6,57.188550853573076,8,27.148568856696635,44.1807667284275,0,F
2,2,20,13,12,55.62585614425815,4,16.953232018032267,53.7259850245091,0,C
3,0,17,8,13,73.64099041755456,12,24.205123802194322,67.2428486322758,1,B
2,3,29,8,6,50.0,4,15.25,31.162955324300164,0,F
1,2,27,19,18,50.0,5,13.25,56.88174356083907,0,C
2,3,25,18,5,50.0,4,21.25,37.631868183062366,0,F
1,3,12,6,16,70.52290450552928,2,13.81536306319116,41.90753443311453,0,F
2,1,23,5,10,50.0,10,14.25,41.75847162121668,0,F
3,2,29,14,7,50.0,12,20.25,46.99615801782884,0,F
3,3,1,11,5,98.31853278112183,6,24.28981659764023,59.06198506244678,0,C
1,3,18,15,17,64.42449172618484,3,14.053061465773105,64.65227134136184,1,C
4,1,14,14,10,65.70944320985501,16,29.213680401231876,66.7601114814137,1,B
1,1,11,7,16,77.09046222722225,3,17.63630777840278,60.51994005914925,0,C
1,0,14,8,12,77.56379082330066,3,18.695473852912585,76.30158071950947,1,B
2,3,24,15,13,50.0,6,17.25,42.13476890930808,0,F
2,0,17,13,17,73.77024359921415,4,22.22128044990177,76.10754194083344,1,B
1,3,13,10,10,70.8501355289514,5,14.856266941118925,51.97266349962888,0,C
3,0,5,18,16,88.10113686438676,6,27.012642108048347,90.8796280727225,1,A
2,1,11,5,10,78.82224845325331,6,22.852781056656664,45.80072516615736,0,F
4,2,19,13,5,63.641355603283344,12,26.955169450410416,53.2542394381821,0,C
2,1,22,13,9,60.30734970039602,10,15.538418712549502,52.54096745711077,0,C
2,0,29,9,7,50.0,8,17.25,44.240330911618855,0,F
4,0,29,12,11,50.0,12,27.25,50.5524754168962,0,C
1,2,5,11,16,89.6037002968269,2,18.200462537103363,68.88816508694089,1,B
4,3,25,15,13,50.0,12,20.25,46.24379420713009,0,F
1,0,29,12,17,50.0,3,15.25,62.61127739267064,1,C
1,0,8,13,15,84.5377095091967,4,15.567213688649588,72.61323462748335,1,B
1,0,29,18,10,50.0,5,15.25,78.28647582780867,1,B
4,2,24,6,9,50.0,12,20.25,36.66008190785556,0,F
1,1,25,14,11,61.64236149838674,4,13.705295187298344,62.908531880393966,1,C
3,0,3,9,15,95.3720545061603,12,28.921506813270035,88.21824370438961,1,A
4,2,16,12,13,69.15068028827315,12,27.643835036034144,65.51364368952791,1,B
3,0,1,7,9,97.84037816519039,9,29.230047270648797,69.3899916305674,1,B
1,3,15,15,19,71.70453062747025,5,17.963066328433783,72.88703686094664,1,B
2,2,23,19,9,50.0,4,18.25,51.98074353830415,0,C
1,0,13,15,14,77.96032964488023,2,17.74504120561003,76.62379024787066,1,B
3,2,25,10,8,62.301863549814314,15,18.787732943726787,48.46324513358667,0,F
3,0,7,10,9,88.16909446381061,12,26.021136807976326,72.86155472203939,1,B
4,1,13,11,11,68.97104912368309,16,26.621381140460386,63.517741184033994,1,C
2,0,1,17,7,98.35485100713153,10,20.29435637589144,74.22701106726575,1,B
4,2,15,15,8,70.3153782954004,8,22.78942228692505,58.129339062318095,0,C
3,3,3,7,13,94.24217145783565,12,24.780271432229455,65.72725327696722,1,B
1,3,0,12,19,100.0,2,20.5,70.26047478715287,1,B
2,3,22,12,16,65.79889709877204,8,20.224862137346506,54.39439353811339,0,C
1,0,19,13,6,58.983746749741705,2,12.372968343717712,44.59364371504806,0,F
1,1,26,12,12,51.77645725645928,5,15.47205715705741,57.308919888175865,0,C
2,0,13,7,13,68.46148573192752,4,18.55768571649094,68.32343487841793,1,B
4,3,7,10,9,83.55778869289867,16,26.444723586612334,58.041213221389114,0,C
1,2,24,13,11,54.41185003653793,4,18.801481254567243,50.02919578401746,0,C
3,3,27,5,10,50.0,12,21.25,35.33206302176223,0,F
1,2,24,7,5,62.75334993625007,3,15.844168742031258,41.60411440983607,0,F
2,1,2,6,19,95.42273555987163,6,20.927841944983953,76.67801654552397,1,B
2,2,4,16,12,92.26465390389055,8,25.53308173798632,78.8154344182384,1,B
2,0,5,12,13,90.33347427706207,10,23.29168428463276,83.06010917210527,1,A
4,0,21,10,14,64.92719023894782,16,24.115898779868477,72.01768488557258,1,B
1,0,25,14,15,50.0,5,14.25,63.31114748990571,1,C
4,2,7,15,5,88.90697052183941,16,30.113371315229926,69.8804485758983,1,B
4,0,5,15,19,89.41711410499812,16,25.177139263124765,87.86613200054025,1,A
2,0,5,12,12,91.29204779573057,10,25.411505974466323,69.73272592164881,1,B
2,0,3,6,7,93.32542586269189,4,24.665678232836484,65.2850982516069,1,B
4,1,6,15,16,87.35583089046057,12,27.91947886130757,90.70815850610941,1,A
1,2,29,10,10,50.0,4,14.25,44.12840111386473,0,F
3,2,29,11,14,50.0,15,23.25,55.23722366755064,0,C
4,3,23,12,12,60.975691959929854,20,27.621961494991233,48.074766481846765,0,F
1,2,18,13,9,72.98785486924127,3,18.12348185865516,56.861220691307125,0,C
2,1,6,9,12,88.80543244364358,6,22.100679055455448,62.356540728670495,1,C
2,2,2,15,11,95.16186156840698,4,19.895232696050872,70.5343398345191,1,B
1,1,7,7,11,85.45470430754916,4,21.681838038443644,60.7429675785764,0,C
3,1,0,6,11,100.0,9,28.5,73.07817981944224,1,B
2,2,0,12,13,100.0,4,24.5,72.75143818493139,1,B
2,3,13,5,10,68.72124277957894,8,23.590155347447368,46.54916583418768,0,F
2,0,5,14,10,89.85487421345286,8,21.231859276681607,82.41316564428028,1,A
1,0,9,19,15,81.63152123579151,5,21.20394015447394,89.80422708800472,1,A
4,2,24,10,13,50.0,12,20.25,62.91899348217508,1,C
2,2,27,6,19,50.0,4,18.25,43.37622451886979,0,F
4,1,13,7,10,71.41483820122922,8,28.92685477515365,54.50786308263345,0,C
3,2,3,12,11,93.68660711765108,15,26.710825889706385,69.26177930618226,1,B
2,1,5,5,19,89.4139244871072,4,25.176740560888398,61.700944342988066,1,C
2,3,15,10,11,72.05632983064922,4,24.007041228831152,50.72258428945371,0,C
3,2,27,7,6,50.0,12,18.25,35.61132793979364,0,F
2,0,20,10,17,57.644405898254774,6,15.205550737281847,69.09585202761026,1,B
4,0,27,7,16,53.46474231947866,20,27.683092789934832,67.88514259903114,1,B
1,2,0,15,12,100.0,3,20.5,76.12320505182464,1,B
4,1,5,15,16,88.19198493113385,8,25.02399811639173,81.40048392683161,1,A
1,0,8,12,15,82.99433963490729,2,22.374292454363413,72.76907630045531,1,B
1,1,14,9,10,73.41814220200895,2,20.177267775251117,57.40636330193525,0,C
4,2,11,8,8,81.44189164841184,12,24.18023645605148,57.737544949604896,0,C
4,2,2,13,15,95.77956805350959,20,26.9724460066887,79.42172529353543,1,B
4,0,10,19,17,83.15689619980495,20,30.39461202497562,92.96471352766648,1,A
4,2,14,9,11,72.41766156294378,16,26.052207695367972,58.29318676330713,0,C
3,3,2,16,12,95.64497893151753,15,29.95562236643969,74.40092068398125,1,B
2,3,13,18,5,73.14959935382544,8,22.14369991922818,57.62348093328758,0,C
1,0,1,8,14,97.57790009987373,2,18.197237512484215,63.22932779335741,1,C
4,3,28,12,17,56.88780634815047,20,28.110975793518808,58.292488529936065,0,C
4,1,3,12,17,94.66061537244579,16,26.832576921555724,85.13395944150871,1,A
4,0,25,12,8,61.07284746905047,16,22.63410593363131,65.73502170689592,1,B
3,0,18,8,8,69.497123859613,9,26.687140482451625,58.91838290539051,0,C
4,1,11,17,14,82.13618330569916,8,30.267022913212394,67.46468179991389,1,B
4,3,1,5,13,97.76733837297976,20,26.22091729662247,54.92601033438531,0,C
4,3,16,6,17,70.08998493928964,20,29.761248117411206,46.36982043051674,0,F
2,3,2,8,10,95.14991145759396,10,24.893738932199245,64.33544752647165,1,C
3,0,9,14,8,86.28960050477136,12,22.78620006309642,67.61358501463272,1,B
4,0,15,6,17,67.70613722583732,20,24.463267153229665,76.3437856059886,1,B
1,3,21,15,5,50.0,5,18.25,34.934422012584484,0,F
1,2,8,14,12,86.59329024151985,5,18.824161280189983,65.5140705396053,1,B
1,3,10,18,15,80.57567769714419,2,20.071959712143023,74.56295162840316,1,B
3,1,20,18,13,55.962202176594516,6,20.995275272074316,64.41281140696915,1,C
3,0,14,7,9,70.13606800947565,12,24.767008501184456,53.577840972192234,0,C
1,1,2,13,9,95.86794573886866,3,17.983493217358582,71.37259952687772,1,B
4,1,15,19,14,72.59865809418392,20,28.07483226177299,83.9115705728225,1,A
3,0,29,13,12,50.0,15,17.25,57.912595604450914,0,C
1,2,20,18,12,56.93489445863327,4,17.11686180732916,65.17255622846156,1,B
1,3,20,19,9,66.74399429112498,5,19.342999286390622,48.01171209931248,0,F
4,1,20,15,8,50.71818537388608,12,27.33977317173576,43.77523125638028,0,F
2,0,27,13,10,50.0,8,18.25,64.89902091182384,1,C
3,1,11,11,14,77.71992238860508,6,27.714990298575636,63.63577399928755,1,C
4,3,22,19,9,50.0,12,26.25,44.611800628176105,0,F
1,2,4,8,12,91.43834595748409,5,20.429793244685513,59.866342137734776,0,C
1,2,6,5,13,90.55312428036174,3,23.319140535045218,54.61752780959431,0,C
4,2,8,7,17,83.94728500967793,8,24.49341062620974,69.40849219330886,1,B
3,0,20,19,5,54.38807014211974,12,18.798508767764968,58.53211306810525,0,C
2,0,17,18,13,62.60033795699285,6,16.825042244624107,64.61781622602972,1,C
2,2,20,12,17,50.584625517145064,8,21.323078189643134,52.43524612957182,0,C
1,3,7,8,13,89.32558604219848,4,18.165698255274812,52.25562531131321,0,C
3,3,11,14,10,80.62659147695558,15,25.078323934619448,60.46633305000428,0,C
2,0,19,14,15,61.066027330633915,10,19.63325341632924,64.52529882362795,1,C
3,2,1,6,14,97.88051020097924,12,26.235063775122406,67.76953286148438,1,B
3,3,9,18,9,84.0307961268303,6,22.503849515853787,61.54353547797706,0,C
1,3,18,12,11,58.11757000523444,4,12.264696250654305,52.195970826195335,0,C
2,3,8,11,15,86.6852176566719,4,19.83565220708399,67.35726046044456,1,B
4,0,24,15,12,63.97962136907877,12,22.997452671134845,70.50336008401696,1,B
1,2,23,14,13,50.0,4,13.25,47.09761484588172,0,F
2,1,7,13,13,86.7591024389893,6,23.844887804873665,71.21474048262995,1,B
2,2,23,6,14,50.0,8,19.25,43.57099743884401,0,F
2,2,23,19,15,59.10757319205985,6,15.38844664900748,57.846807430426864,0,C
2,0,23,9,7,64.04068139198179,4,18.005085173997724,51.84427153217431,0,C
2,3,0,10,17,100.0,6,22.5,68.94070526155977,1,B
3,3,5,17,12,88.32090234087151,9,29.040112792608937,68.70431872155152,1,B
1,0,11,6,5,78.08704411267601,5,21.7608805140845,56.61400627448341,0,C
3,0,24,19,11,62.227591835731246,12,25.778448979466404,76.2901496622786,1,B
4,0,23,6,16,50.45491627561323,16,22.306864534451655,63.14445683159087,1,C
2,0,18,17,19,69.72140845944716,8,21.715176057430895,83.89955044578355,1,A
1,0,26,19,9,50.0,4,13.25,68.48556846304339,1,B
2,1,16,18,17,71.61563008732494,10,17.951953760915618,79.29713863695511,1,B
1,2,1,18,17,97.65229360968607,2,24.20653670121076,81.85779823557922,1,A
3,2,10,14,6,80.7307545810648,9,28.0913443226331,59.283984001820215,0,C
1,2,17,18,6,64.35970673278143,3,18.04496334159768,57.22559470128145,0,C
4,3,22,8,12,50.0,8,25.25,37.678423522973965,0,F
4,1,27,19,9,58.40814043946086,12,24.301017554932606,65.30513433495945,1,B
1,2,21,12,18,51.25551387001452,5,12.406939233751814,55.37177931782098,0,C
1,3,10,19,16,83.61351958234502,4,17.451689947793128,57.476925501325354,0,C
1,1,17,18,15,68.40688796154923,4,20.550860995193652,63.170304510257466,1,C
1,1,7,19,7,86.19053278922256,5,17.77381659865282,75.58011581297693,1,B
4,3,14,17,5,66.4640278286392,16,25.3080034785799,54.065174035243885,0,C
2,1,8,15,15,87.82047497683527,6,22.97755937210441,63.94189203053047,1,C
1,3,14,9,11,71.171163483845,2,19.896395435480628,32.8649947803934,0,F
1,2,6,13,15,87.14486499962564,2,15.893108124953205,74.94015265412366,1,B
4,3,19,8,16,65.4849361271176,12,29.1856170158897,56.20866624935958,0,C
4,1,12,7,7,78.51415874428648,8,25.81426984303581,62.97945073300164,1,C
3,2,12,14,11,76.1143700978744,6,26.5142962622343,57.070883011754574,0,C
1,2,0,19,16,100.0,4,19.5,80.10175002791186,1,A
3,0,19,12,6,62.60574033750577,9,19.825717542188222,66.32397243565669,1,B
4,0,3,5,8,93.20492402952956,20,27.650615503691196,73.3820120605491,1,B
4,1,23,13,6,50.0,8,22.25,47.69965387885182,0,F
2,3,3,8,8,94.34451584530329,6,19.793064480662913,53.65894276733171,0,C
1,3,3,15,9,93.64809486056895,5,22.70601185757112,54.740924036968465,0,C
3,1,12,13,19,81.99975378446926,15,22.249969223058656,85.64006320793759,1,A
4,2,1,12,18,97.94964751632855,16,32.24370593954107,72.56523035666136,1,B
4,1,27,7,12,50.0,16,24.25,53.49056051657909,0,C
3,1,25,7,6,54.69337432096971,6,19.836671790121216,42.107034251956755,0,F
2,2,22,18,14,53.91492526739659,6,16.739365658424575,58.93130701484324,0,C
4,3,14,13,7,68.32802879296142,12,26.541003599120177,46.41729946491556,0,F
1,1,3,7,14,93.67320093703107,4,19.709150117128885,76.461197302494,1,B
4,3,26,8,16,50.119000767862175,16,26.264875095982774,43.397137240845204,0,F
1,1,5,13,17,91.73712213345235,4,23.467140266681543,78.96650068256115,1,B
3,2,2,16,9,96.07259720508354,6,27.00907465063544,71.79675322173915,1,B
1,2,6,8,15,89.23129474492845,3,20.153911843116056,62.36091621447923,1,C
3,0,5,15,16,89.02039855619351,6,29.12754981952419,87.49898771407395,1,A
1,2,2,7,16,96.11617446457105,3,18.01452180807138,70.64113407204232,1,B
3,0,3,18,13,92.95036070617803,12,27.618795088272254,88.54194216530732,1,A
1,1,9,11,14,84.76009806796141,2,19.595012258495174,71.8400427869437,1,B
2,3,29,10,15,50.0,10,15.25,46.83593891035799,0,F
1,2,20,5,9,58.84990047210383,2,17.35623755901298,40.14135035042292,0,F
1,2,8,18,19,86.99188259177365,2,19.873985323971706,86.03998379331267,1,A
2,2,29,14,18,50.0,10,20.25,65.50143366509356,1,B
4,1,5,12,13,91.04539297336211,20,27.380674121670264,76.90077465155761,1,B
4,0,28,5,8,51.57295895583753,16,22.44661986947969,47.34706333637848,0,F
1,1,19,8,14,68.80369594514245,5,18.600461993142808,61.77040280418099,1,C
2,3,26,10,9,51.90306993352871,10,17.48788374169109,37.76236819013473,0,F
1,1,10,10,19,75.71017584805793,2,19.46377198100724,70.36794946449128,1,B
3,3,6,11,13,90.81396484401365,6,28.351745605501705,57.38163092807784,0,C
3,2,17,18,8,60.01334445876503,12,22.50166805734563,55.12160896072861,0,C
1,3,3,15,9,94.30791730664458,5,16.788489663330573,63.15456721299448,1,C
4,3,4,16,9,91.75359344509447,12,29.469199180636807,62.403955284917586,1,C
4,0,3,18,8,93.96156310922389,8,30.745195388652988,74.8345038262172,1,B
1,3,3,9,8,92.72277921517829,4,23.590347401897287,61.15330319251166,0,C
1,3,26,9,15,50.0,2,17.25,32.492853230311354,0,F
3,1,12,8,9,70.18211757606461,6,19.77276469700808,61.607282538459046,1,C
4,2,15,10,16,65.58355072567454,12,28.197943840709318,65.77923757840914,1,B
1,1,24,11,10,56.89867613903951,4,18.11233451737994,52.493186024301146,0,C
3,1,13,14,11,67.98251216832892,9,24.497814021041115,65.8402427803905,1,B
4,2,10,19,19,75.16434209192076,12,27.395542761490095,82.08099144840156,1,A
2,2,28,14,10,54.55337629873242,8,15.819172037341552,47.06811905274013,0,F
3,3,1,5,19,97.59895581621703,15,25.19986947702713,67.11154449302434,1,B
4,3,21,13,5,54.55175415924359,12,26.81896926990545,39.43962777328871,0,F
4,0,13,19,19,68.51408098956952,20,28.56426012369619,89.62038382593256,1,A
3,1,23,18,6,50.0,6,17.25,48.16886431794048,0,F
2,2,23,12,11,50.0,8,14.25,42.99490948346078,0,F
3,3,26,11,18,50.0,12,21.25,59.821115273715776,0,C
4,2,6,13,7,90.29412256604068,8,27.286765320755087,65.46173819932815,1,B
1,3,25,7,16,58.91210729304345,2,18.36401341163043,37.788879026142304,0,F
1,0,10,14,14,83.82220580623033,2,18.47777572577879,80.76048804180084,1,A
3,0,3,8,15,95.22691273359915,9,22.903364091699892,77.93319257994345,1,B
4,2,6,11,17,88.88028828955606,12,27.110036036194508,70.58725220959994,1,B
1,0,28,10,6,50.0,3,13.25,57.97683045617893,0,C
4,2,15,18,10,72.17961080391123,12,30.022451350488904,66.29827493938299,1,B
3,3,25,17,15,50.0,9,24.25,48.72492327432436,0,F
1,1,5,6,8,88.39858437489899,5,22.04982304686237,56.414319461457865,0,C
4,0,26,6,16,50.0,20,20.25,60.018563181375185,0,C
1,3,5,14,19,90.17447636858516,3,17.271809546073143,71.11079259348266,1,B
3,1,1,11,15,98.20448256040905,12,28.27556032005113,83.40275410497892,1,A
4,1,23,13,9,62.63872266352969,16,22.82984033294121,51.018328558700134,0,C
1,1,7,15,19,86.04443720462031,5,19.755554650577537,75.0008591271894,1,B
3,3,29,19,10,50.0,15,23.25,50.17299537603539,0,C
1,3,26,16,7,50.0,4,16.25,36.894286380798384,0,F
1,2,6,13,5,86.67110848425722,4,20.833888560532152,52.123932835991624,0,C
2,1,26,11,7,52.28428851906898,8,18.535536064883622,48.49816272170487,0,F
2,1,24,15,7,62.39689448667164,10,17.799611810833955,58.9570650744,0,C
3,1,23,12,10,50.0,15,23.25,61.73794513292515,1,C
2,2,13,14,8,77.64358654621577,8,17.70544831827697,61.97500820955099,1,C
3,1,8,7,11,83.06971951811181,15,22.383714939763976,66.98760097927372,1,B
2,3,14,5,17,67.73990157623373,6,18.467487697029217,47.22182444757292,0,F
1,1,24,11,19,60.66135995572776,4,18.58266999446597,76.68802828177853,1,B
3,0,21,12,15,55.93161108972121,6,18.99145138621515,61.43218799913832,0,C
3,3,17,6,6,62.780635848718404,12,18.847579481089802,34.57643637556076,0,F
1,2,11,19,16,75.28816046499183,5,15.41102005812398,75.6040016255208,1,B
3,1,22,13,8,63.75133455488727,6,21.96891681936091,47.56585305533818,0,F
3,0,18,8,12,58.14790908437131,6,24.26848863554641,56.67527522285408,0,C
2,2,12,14,15,80.87021720619435,8,22.108777150774294,69.22749114170863,1,B
3,2,6,15,10,87.88249919105915,9,26.985312398882392,66.68394966391921,1,B
4,3,24,13,14,53.35809529125088,12,21.66976191140636,54.48394794320561,0,C
1,2,9,17,7,84.50410533188003,5,15.563013166485003,65.21993900677754,1,B
2,2,29,7,14,50.0,4,20.25,44.40803816082274,0,F
2,2,9,12,16,85.02007795039988,6,18.627509743799983,68.72275015562923,1,B
4,2,1,15,6,98.07427380517875,20,29.25928422564734,71.2814157183718,1,B
1,1,13,6,19,80.03835794158272,2,15.00479474269784,55.2611255860357,0,C
1,1,12,19,7,71.33301669644614,5,16.916627087055765,66.53451342299762,1,B
2,1,21,18,5,65.06676596423151,6,18.13334574552894,62.66492696854344,1,C
3,1,28,7,5,50.0,15,18.25,40.896820923510006,0,F
2,0,5,5,6,88.18211299932999,10,26.02276412491625,55.59516462662229,0,C
1,1,8,9,18,84.3865823427385,3,22.548322792842313,69.12723055899936,1,B
4,2,12,8,7,76.0272914534189,12,23.503411431677364,49.55400425498314,0,F
2,1,8,17,17,85.58469167572414,10,22.698086459465518,80.16673228359353,1,A
1,1,12,5,13,70.03750480029365,3,14.754688100036706,55.577364345168604,0,C
2,3,4,14,12,91.3169112376391,8,25.414613904704886,59.39243150150622,0,C
3,2,13,13,16,68.12649228283782,12,22.51581153535473,62.8961487635607,1,C
2,1,4,10,19,92.34081262244729,8,20.54260157780591,78.26573537013655,1,B
2,1,8,10,15,80.93586736453771,4,25.116983420567216,75.94051755419595,1,B
1,1,7,18,15,86.36235756748053,4,16.795294695935066,80.77010974258056,1,A
1,0,6,15,19,85.79902676739212,4,15.724878345924015,82.2776146439677,1,A
1,1,7,6,13,88.58351408353599,4,20.072939260442,71.40493591584655,1,B
2,3,21,19,11,55.12605703786131,6,16.890757129732663,44.75629616500983,0,F
3,2,2,18,11,95.6425929703217,9,26.95532412129021,73.68496141165586,1,B
4,2,22,11,9,52.5642446596986,12,25.570530582462325,37.41926660733131,0,F
4,1,23,16,11,55.2183647850951,12,23.902295598136888,68.41957344517101,1,B
1,1,14,16,8,69.42517445956886,3,18.678146807446108,61.319600929931596,0,C
1,1,7,19,9,87.82375829428385,4,21.97796978678548,73.5966213833057,1,B
2,2,0,13,16,100.0,8,24.5,84.64205579881006,1,A
4,2,6,10,5,87.67459045330402,12,28.959323806663,55.60890760850057,0,C
1,0,18,15,15,67.26988860165233,5,16.40873607520654,69.07826283350612,1,B
3,3,1,12,8,97.72113619101877,9,29.21514202387735,68.64057103474802,1,B
3,0,13,16,7,79.44866314903715,12,26.931082893629643,70.39057189496809,1,B
1,3,17,9,6,71.5855257580348,4,17.94819071975435,38.827584694330405,0,F
1,0,29,6,6,50.0,3,13.25,41.54730653190852,0,F
4,2,14,17,12,66.51568622904867,8,23.314460778631084,63.609221696095375,1,C
4,0,13,19,5,73.02292579113669,20,25.127865723892086,77.27000331986817,1,B
2,3,23,8,12,50.0,6,19.25,36.213573816293255,0,F
4,1,24,16,13,51.578326740457754,16,21.44729084255722,53.53738846583211,0,C
3,3,18,5,10,58.86179256500297,15,19.357724070625373,40.624564876321394,0,F
3,1,29,5,5,50.0,6,21.25,37.2303266598979,0,F
1,2,18,10,14,58.327438290622524,5,13.290929786327816,50.486734114280786,0,C
4,3,21,19,16,60.06459251811886,12,24.508074064764855,58.30847960777825,0,C
2,0,26,6,11,50.0,8,16.25,39.63642502771531,0,F
3,3,25,10,19,58.102962711745974,12,19.26287033896825,53.28244484205429,0,C
3,1,16,5,19,61.27307161431109,12,25.65913395178889,55.5960731236464,0,C
2,2,21,15,9,53.76935849181722,10,18.721169811477154,52.67593198104658,0,C
2,0,27,14,19,50.0,6,18.25,70.66687557195345,1,B
3,3,18,7,13,69.25846767120221,9,23.657308458900275,40.67386888389207,0,F
3,1,26,18,11,59.24020676299985,15,18.40502584537498,61.325969864796136,0,C
2,0,15,13,9,72.44186105033478,10,19.055232631291847,75.30634527639234,1,B
3,2,19,6,17,61.6829775718563,6,22.710372196482037,49.739794234358264,0,F
1,0,24,12,6,50.0,4,17.25,50.00938464231444,0,C
1,2,18,10,18,65.84092452089041,5,16.2301155651113,62.702179134556246,1,C
2,0,0,16,8,100.0,8,24.5,83.86462392128024,1,A
4,3,18,10,6,66.29418797652315,8,22.286773497065393,47.26940921355368,0,F
2,1,6,11,13,86.77835553723307,6,25.847294442154134,75.54335820170371,1,B
2,3,28,9,6,50.0,8,21.25,39.21196815244036,0,F
4,3,22,16,6,50.0,20,22.25,45.46908682933989,0,F
4,2,10,15,6,83.2502091127926,20,25.406276139099077,63.196049223160884,1,C
4,2,4,8,5,90.98761550146399,8,27.373451937683,49.704826355001934,0,F
1,2,29,10,13,50.0,4,12.25,46.00530995415553,0,F
3,3,16,12,12,72.27047039749533,9,26.033808799686916,61.01621702597086,0,C
1,0,10,8,6,77.46386362859322,3,15.682982953574152,53.59175342259237,0,C
3,0,23,9,6,55.206575157169425,15,21.900821894646178,49.33839107269139,0,F
1,3,25,11,9,50.0,2,16.25,33.690279796425074,0,F
3,3,7,10,16,84.86419928384751,15,24.60802491048094,60.42315502083842,0,C
1,1,9,17,17,85.5042091007674,5,18.688026137595926,80.88914453151408,1,A
4,2,11,8,18,74.26018672652077,20,28.282523340815096,64.46355151317144,1,C
2,2,9,17,16,80.36672584259513,10,22.045840730324393,67.71581912154338,1,B
1,3,12,8,18,72.63295944836003,2,14.079119931045003,48.87406758699995,0,F
3,3,25,14,8,51.30585412589828,15,18.413231765737287,50.19499939771357,0,C
4,0,17,8,6,71.18395073105246,16,27.897993841381556,61.01127368989123,0,C
1,3,9,5,12,83.56407828627403,5,18.445509785784253,57.039002684731784,0,C
1,0,18,9,12,56.77355388890339,5,19.096694236112924,53.66865456971475,0,C
4,3,19,12,17,53.677646564822865,12,22.709705820602856,44.6010247893855,0,F
1,1,16,11,8,68.2901376235634,3,13.536267202945425,51.795915409920624,0,C
2,1,19,9,18,65.82288407216151,4,20.22786050902019,70.70655365962195,1,B
1,0,15,7,8,66.54533313837254,2,13.318166642296568,40.77107813754101,0,F
2,2,4,19,13,90.9360279589349,8,25.367003494866864,68.86603633443787,1,B
2,1,2,19,8,95.36906740518617,10,25.92113342564827,78.30557321450513,1,B
4,0,29,15,19,55.59856948904762,12,23.949821186130954,78.95853566383094,1,B
1,3,26,5,14,60.746919317687535,4,19.593364914710943,35.58271188158045,0,F
4,3,14,17,15,73.99982120405406,16,28.249977650506757,68.24050664474002,1,B
1,0,25,11,13,58.68758455558726,2,18.335948069448406,59.334955541972825,0,C
1,2,1,17,7,97.69501814148589,3,23.211877267685736,75.76301258247955,1,B
3,0,12,19,6,75.60587375705629,15,26.450734219632036,86.14796901376671,1,A
1,0,21,15,19,51.16768934640224,2,15.39596116830028,62.931214519138344,1,C
4,1,7,7,15,88.26160846279106,16,28.032701057848882,71.13875024177713,1,B
2,0,22,8,12,53.201100405039796,8,15.650137550629974,53.57009551343737,0,C
1,0,26,18,16,50.0,3,17.25,62.83002313362789,1,C
3,3,29,9,7,50.0,9,23.25,43.20770721134095,0,F
4,1,16,17,17,67.72669919107582,20,28.465837398884478,72.35866660023615,1,B
1,3,3,19,6,93.73291738862585,3,16.71661467357823,69.21874806031457,1,B
4,3,18,16,17,56.98921951835521,12,26.1236524397944,56.430163217377086,0,C
3,2,21,12,15,67.33159392012014,6,20.41644924001502,58.59512908033864,0,C
3,2,24,17,12,50.0,6,19.25,53.138972556077725,0,C
4,1,8,11,19,80.15874888575242,20,25.01984361071905,76.4813372239591,1,B
1,1,22,13,12,50.900948721610085,2,11.362618590201262,54.72208800119965,0,C
2,2,14,15,9,68.67714224834893,10,18.584642781043616,59.28689779823617,0,C
3,2,27,7,13,53.61469396911741,6,24.701836746139676,52.58826027702669,0,C
1,2,8,18,15,83.8154137524069,4,18.476926719050862,76.01018202006816,1,B
1,2,23,15,10,50.0,2,16.25,40.191106569069696,0,F
2,2,20,14,9,57.95437991294159,10,22.2442974891177,50.60532548797897,0,C
3,3,8,5,16,84.91894714306575,6,28.614868392883217,64.89475925571352,1,C
3,1,13,5,7,68.27846066927519,9,21.5348075836594,45.58930242805204,0,F
1,3,22,16,11,55.692291689466785,4,11.961536461183348,53.62323173258963,0,C
1,3,20,14,18,50.602482691289424,2,17.325310336411178,53.23615991878391,0,C
2,0,15,17,19,69.04186477746366,8,20.63023309718296,84.69400609792521,1,A
2,3,23,18,13,50.0,8,16.25,39.280371322030106,0,F
3,2,22,5,8,50.67549173061595,12,20.334436466326995,38.86663680930052,0,F
4,2,24,6,15,50.0,16,22.25,57.55543533362736,0,C
3,0,25,6,11,62.13847885615473,9,23.76730985701934,52.14406515727911,0,C
1,0,16,11,16,74.76113359199512,3,15.34514169899939,78.68375294786883,1,B
3,0,12,13,7,75.0221885415443,15,24.377773567693037,69.18093284271228,1,B
4,0,8,12,15,80.70574862611772,20,24.088218578264716,76.56424242093365,1,B
2,0,14,19,6,70.58401666392018,10,20.823002082990023,68.15410973594612,1,B
4,3,6,8,17,89.584024024973,20,26.198003003121627,59.44687429446002,0,C
4,0,0,6,15,100.0,16,32.5,83.43667034113689,1,A
4,3,0,7,5,100.0,16,33.5,60.20915081007742,0,C
2,1,4,14,10,91.61178213753993,8,23.45147276719249,85.30869368165136,1,A
4,0,23,9,9,50.0,12,26.25,55.02275964841748,0,C
4,0,8,13,6,83.7673234879396,12,30.470915435992453,78.55771942586732,1,B
4,3,11,12,17,79.59483629829437,16,24.949354537286794,61.16629422730972,0,C
1,1,5,17,17,89.87503621629291,4,21.234379527036616,81.45551940792227,1,A
4,3,27,16,7,50.0,16,27.25,46.843589865247615,0,F
2,3,12,18,13,75.51563433059349,8,19.439454291324186,58.64035309326151,0,C
4,0,25,7,7,54.348686242807155,12,20.793585780350895,48.68283505504529,0,F
4,2,27,13,11,50.357231620162885,8,21.29465395252036,52.85283943515272,0,C
2,2,7,14,5,84.20231726530355,10,24.525289658162944,72.15830526186423,1,B
4,3,14,7,11,78.06972412394205,20,24.758715515492757,58.26176557943536,0,C
2,0,5,14,13,91.12622361912744,4,21.39077795239093,76.48945706286852,1,B
4,1,26,16,16,57.02102264937792,12,22.12762783117224,66.61432292166386,1,B
2,2,5,18,15,87.77662183401384,6,18.97207772925173,70.24397803285673,1,B
4,1,3,12,12,95.22971721049547,8,28.903714651311933,77.42520507979492,1,B
4,2,10,5,11,77.41816390403743,20,27.67727048800468,64.47576943415493,1,C
1,0,20,8,14,57.39148861061659,5,17.173936076327074,59.00955804638252,0,C
1,3,29,8,18,50.0,2,16.25,42.27538970324358,0,F
4,1,17,10,12,61.52163853848596,8,22.690204817310743,56.053344774954795,0,C
4,1,2,16,17,96.19902405585242,16,30.024878006981552,90.61753427516676,1,A
3,3,2,16,8,96.19851327000545,6,28.02481415875068,74.15045586507499,1,B
2,1,29,6,19,50.0,4,18.25,56.01185484293628,0,C
3,2,11,11,6,76.92474959425773,15,25.615593699282215,50.810508294767025,0,C
1,3,26,9,18,50.0,4,14.25,40.82205441705445,0,F
1,2,20,14,18,51.520336012181374,4,18.44004200152267,62.02242105218217,1,C
1,2,29,10,15,50.0,5,12.25,48.54836436177015,0,F
1,0,20,15,13,51.876284579339,5,17.484535572417375,52.542673687585726,0,C
4,2,5,18,19,87.68240585822116,12,24.960300732277645,88.20020192205055,1,A
1,0,20,10,7,54.09790113994418,4,12.762237642493023,47.04041211595289,0,F
4,1,27,18,18,50.0,8,24.25,63.45197471568184,1,C
4,1,5,18,15,90.08387516834148,16,27.260484396042685,91.43169991048786,1,A
1,0,7,16,8,82.98120155933081,3,18.372650194916353,76.72400424182293,1,B
1,2,14,18,11,69.61988694615405,2,13.702485868269257,59.3623404593079,0,C
2,3,17,15,6,60.54820265983502,6,15.568525332479378,45.15552998616917,0,F
3,3,19,10,18,69.29383332083707,15,23.66172916510463,56.42362279896493,0,C
1,0,28,14,19,52.570760377461966,3,11.571345047182746,62.413913230452906,1,C
2,1,15,16,12,72.33837299015546,10,21.04229662376943,67.10818004504591,1,B
2,1,5,12,16,91.55879672220223,6,26.44484959027528,76.10595665442611,1,B
3,3,27,14,14,50.0,15,17.25,46.006894382959935,0,F
4,0,20,8,12,65.66218906005057,16,22.20777363250632,68.06531479424154,1,B
1,3,16,14,16,67.08506057071206,5,20.38563257133901,57.38914726354335,0,C
3,2,8,12,9,87.31636903880418,12,26.91454612985052,60.031681250169285,0,C
1,2,18,13,13,70.21068676257036,5,18.776335845321295,55.43100597114774,0,C
2,0,17,17,12,70.29394270548951,6,20.78674283818619,66.5854397981809,1,B
2,0,24,17,5,50.0,6,17.25,53.85171999486545,0,C
4,2,22,8,13,50.0,12,20.25,52.76886058261666,0,C
2,1,4,5,17,91.30577976492172,10,20.413222470615217,72.69278717231896,1,B
2,0,27,7,18,50.0,10,21.25,60.11581831075638,0,C
3,2,5,5,18,87.71895670316192,9,23.96486958789524,58.465165645201566,0,C
1,2,11,11,9,78.51069794293376,4,21.813837242866718,62.80728436438842,1,C
1,1,10,16,13,81.72310550557373,5,20.215388188196716,73.07988473946462,1,B
3,1,15,5,13,72.77027009718589,12,27.096283762148236,59.86442042119275,0,C
4,1,19,15,14,70.82114706045247,20,28.852643382556558,68.07288537238847,1,B
1,1,16,8,14,71.52579050037859,3,20.940723812547326,58.761041773888515,0,C
2,3,19,17,7,64.75412662331887,8,20.09426582791486,45.25044744759775,0,F
1,1,8,18,12,87.70480928441013,2,15.963101160551266,71.85236470786059,1,B
2,3,0,5,11,100.0,10,25.5,50.939906280250256,0,C
4,0,25,17,19,50.0,16,23.25,64.68823674729332,1,C
3,2,2,17,11,96.4969981601312,9,28.0621247700164,87.29547307152748,1,A
1,3,20,6,16,53.948821993808295,4,18.743602749226035,41.75136681018743,0,F
3,0,22,15,14,50.0,6,18.25,68.09382493374655,1,B
1,0,8,19,6,85.3198979221196,2,22.66498724026495,73.03200039776604,1,B
2,3,21,18,6,53.86157118874702,8,18.732696398593376,43.40056976264999,0,F
3,0,18,5,6,67.78255891545757,6,20.472819864432196,45.61531100276697,0,F
1,0,12,17,17,81.15668516934761,5,20.14458564616845,86.30309923693947,1,A
2,3,22,9,15,55.894447653562466,4,16.986805956695306,47.42618256397674,0,F
3,0,13,11,6,74.80174846857223,12,23.350218558571527,66.20742517582616,1,B
3,1,19,7,18,68.8750946241318,12,23.609386828016476,64.86391297573196,1,C
1,1,18,18,8,64.17003993417848,5,17.02125499177231,61.8353639336171,1,C
1,2,29,12,11,50.0,5,11.25,41.90290840497116,0,F
1,0,22,18,6,50.90935076183914,4,12.363668845229892,60.70072747126454,0,C
2,2,26,19,9,50.0,6,18.25,44.40946097972122,0,F
1,1,26,9,18,50.0,5,12.25,49.80293520400056,0,F
3,1,6,9,11,86.53219715638872,9,23.81652464454859,65.71663710920262,1,B
3,1,3,17,13,95.44029569379818,6,22.930036961724774,75.14357606234165,1,B
1,0,11,9,12,73.32839970736676,2,20.166049963420846,55.982849147972544,0,C
1,0,22,12,13,50.0,5,18.25,56.38618040846781,0,C
4,1,26,6,11,53.86093540674193,20,27.73261692584274,49.50161828793078,0,F
3,2,13,6,7,73.3143344371238,12,22.164291804640477,47.31488233227864,0,F
2,2,1,19,5,97.88499407004683,4,27.235624258755855,70.92607413015666,1,B
4,3,0,18,14,100.0,20,26.5,84.12367845994658,1,A
1,1,27,16,11,52.64298882485756,4,11.580373603107194,55.14073908665245,0,C
1,2,17,12,17,74.10474260016942,3,15.263092825021177,71.38925783150232,1,B
3,1,19,13,15,55.08491731896896,12,23.88561466487112,62.55672197828987,1,C
1,2,7,15,10,89.3256645117766,2,22.165708063972076,74.07874464551956,1,B
2,3,2,16,6,96.36260832427827,8,25.045326040534782,69.03512064268517,1,B
3,3,25,14,5,60.543837676344424,12,18.567979709543053,48.85439864568067,0,F
1,1,5,14,16,88.59297036914474,5,18.07412129614309,69.23943568692077,1,B
3,2,21,6,14,50.0,12,22.25,45.68533144599005,0,F
1,0,12,8,8,75.24621256218649,2,16.40577657027331,60.17139933545675,0,C
1,3,8,12,18,86.88346546153343,4,21.86043318269168,64.99576435509451,1,C
1,1,8,6,8,83.5347131337112,4,20.4418391417139,57.15133020882848,0,C
2,1,19,8,10,56.8635164503991,4,17.10793955629989,42.272830895715586,0,F
2,2,8,14,15,82.25267035818959,6,25.2815837947737,76.44187454291607,1,B
3,1,14,17,9,68.61593391786823,9,20.57699173973353,64.45481341609565,1,C
1,3,12,17,13,78.64991388935826,2,15.831239236169782,62.835148598101085,1,C
1,1,21,5,12,66.95151202573092,3,16.368939003216365,46.72643923901813,0,F
2,1,15,6,13,75.26554542177325,8,23.408193177721657,67.6582267278047,1,B
1,0,1,11,14,97.54449351492106,5,24.19306168936513,85.79772699445304,1,A
2,0,25,5,11,50.0,4,20.25,52.45935607854916,0,C
1,3,13,16,13,71.03730512376896,4,17.87966314047112,67.05543029644907,1,B
3,2,26,5,7,50.0,15,20.25,35.198139078391016,0,F
1,0,5,6,13,88.23622716724354,4,23.029528395905444,72.7529585121477,1,B
1,2,1,8,6,98.28159815028089,2,20.285199768785112,60.49373184265248,0,C
4,3,7,11,13,89.09357968773872,16,25.13669746096734,62.344448266633506,1,C
2,0,3,8,17,92.72461539740962,4,25.590576924676203,81.13877321560516,1,A
1,2,20,9,10,50.36663414724486,4,11.295829268405608,35.40501062982538,0,F
1,0,23,8,8,52.45108354917857,5,14.556385443647322,47.701819594518255,0,F
4,3,13,8,16,68.95077510710887,20,26.61884688838861,48.760811006203596,0,F
4,3,10,13,18,82.68183950285247,20,27.33522993785656,67.70606831772366,1,B
2,0,23,19,16,62.94610979443342,6,16.868263724304178,66.14343193499147,1,B
4,2,27,10,17,50.0,16,22.25,61.57383729517241,0,C
3,1,13,16,15,69.95461554671078,12,22.744326943338848,75.39712946671969,1,B
4,1,11,7,6,76.29881014435634,20,23.537351268044542,55.05579775120891,0,C
3,0,15,10,17,67.94019747784353,6,23.49252468473044,65.93838518435975,1,B
2,2,5,17,14,92.41270545887417,6,19.55158818235927,81.32660693002052,1,A
2,1,19,11,7,65.46763504506328,8,22.18345438063291,62.57333705244051,1,C
2,3,0,11,9,100.0,8,21.5,66.64578105569719,1,B
2,2,11,12,13,82.02299106531385,6,24.25287388316423,71.0637309549338,1,B
2,1,6,17,11,86.64180432887707,6,23.830225541109634,74.97857892913581,1,B
3,2,7,8,15,84.18482192334369,15,21.52310274041796,55.293214520039385,0,C
3,0,8,5,16,82.13733405446169,9,27.26716675680771,70.8622547092129,1,B
2,2,1,10,17,97.51071510589982,10,25.188839388237476,76.35973358915882,1,B
4,1,16,12,15,69.4526686183692,12,22.681583577296152,72.57696873399256,1,B
1,0,19,9,7,58.53832554802863,3,16.31729069350358,48.51887530293301,0,F
2,2,12,17,17,79.67613863939437,8,23.959517329924296,68.36418180011418,1,B
4,3,4,7,8,92.40116033651564,20,30.550145042064457,49.75518249773421,0,F
1,1,9,8,18,82.07595457810186,3,19.259494322262732,72.09782419771727,1,B
2,0,11,12,16,81.13689704789972,6,18.142112130987464,74.91897030477591,1,B
2,2,16,10,15,61.49102812225824,8,15.68637851528228,48.11290049506394,0,F
3,3,20,17,6,55.67604339065275,6,20.959505423831594,46.8533647985151,0,F
1,1,5,19,18,91.08121115953753,4,17.38515139494219,89.71932992423737,1,A
1,3,2,17,12,96.73008712140481,5,22.0912608901756,69.47643063336606,1,B
4,2,27,9,10,51.72758213259229,8,23.465947766574036,48.34915182511135,0,F
3,2,14,17,7,70.27820464859681,9,23.7847755810746,61.705809564744825,1,C
3,0,6,13,17,86.04154817013828,15,24.755193521267287,84.38369781499858,1,A
3,3,29,14,9,50.0,6,20.25,39.77917324270111,0,F
3,0,5,7,9,91.98752663247743,15,29.49844082905968,71.1405791307689,1,B
1,1,3,11,16,94.75205540076674,4,21.84400692509584,76.87144852154279,1,B
1,0,18,13,5,66.78740945098806,2,13.348426181373508,63.423123313754694,1,C
2,1,4,15,17,91.4554549851559,4,19.431931873144485,86.49994008732699,1,A
2,2,2,17,9,96.50671324927664,4,25.06333915615958,74.69529532819169,1,B
3,2,25,15,10,56.65179018365271,9,19.08147377295659,61.27432737326657,0,C
3,3,24,16,14,57.13115515309134,12,25.14139439413642,60.774071543176305,0,C
3,1,8,8,14,83.2597676443716,6,28.40747095554645,66.5192917982168,1,B
2,2,5,14,15,90.03684858028916,10,21.254606072536145,76.56449603686197,1,B
4,3,12,14,15,71.90036856037071,12,24.98754607004634,67.91317160045354,1,B
4,3,26,7,15,50.0,16,25.25,44.23097014566755,0,F
2,0,21,5,17,54.49674068891705,8,21.81209258611463,56.781891186930466,0,C
2,3,27,13,6,55.32444832587543,8,19.91555604073443,48.61395915864726,0,F
2,2,29,17,7,54.89839384024662,8,17.86229923003083,52.39157227517866,0,C
2,0,19,5,14,61.81002157337384,6,22.72625269667173,62.69965959932247,1,C
2,1,3,6,9,95.2850750038854,8,20.910634375485674,61.05166866446474,0,C
2,1,1,13,18,98.13598208407366,10,21.266997760509206,89.48791617096542,1,A
3,2,25,9,17,61.84719129096028,15,22.730898911370033,57.446255994809675,0,C
3,2,3,8,7,94.96957307011044,15,22.871196633763805,61.86733729427908,1,C
3,0,7,13,9,88.7274249191754,6,28.090928114896926,70.08432703240557,1,B
3,0,12,13,9,72.3881799522895,12,25.048522494036188,67.25906013014644,1,B
2,2,9,6,12,83.38486462690462,10,24.42310807836308,51.33481686470308,0,C
4,2,17,7,14,73.15960918937606,16,28.144951148672007,65.08799358100627,1,B
1,1,8,16,13,85.87615836368256,3,20.734519795460322,71.58185739763965,1,B
2,1,29,7,12,50.0,10,19.25,49.15852118071224,0,F
1,1,0,9,16,100.0,2,21.5,70.65766634565686,1,B
4,2,12,17,7,80.56161844180575,8,26.07020230522572,65.95955609413406,1,B
3,3,17,7,19,61.26437052112313,9,19.658046315140393,38.012306642047776,0,F
4,2,14,14,5,73.81217178496091,20,29.226521473120116,54.42863928785208,0,C
2,2,1,10,18,97.820617331065,6,22.227577166383124,81.99735286790863,1,A
3,1,10,6,19,78.28492210703055,6,20.78561526337882,63.731738954362314,1,C
2,2,28,10,7,50.0,4,14.25,36.359291551110395,0,F
3,0,13,10,5,71.43662385598239,12,24.9295779819978,49.10043327441331,0,F
1,2,21,6,17,67.68376450987749,3,20.460470563734688,60.316650510358556,0,C
1,2,14,10,15,71.72726444754633,2,19.96590805594329,56.1122226548069,0,C
1,2,13,10,13,78.33964474487738,5,14.792455593109672,65.08057145965115,1,B
4,2,15,10,16,62.95053193760965,20,23.868816492201205,57.30792177052051,0,C
2,3,22,16,17,61.371640152755845,4,22.67145501909448,50.13994537688414,0,C
4,2,28,17,7,50.0,12,26.25,56.99053708259768,0,C
1,0,14,18,18,76.24616987517187,3,15.530771234396484,83.70808478424539,1,A
2,0,18,9,12,70.57739559127666,10,22.822174448909582,65.86942701097311,1,B
1,2,26,11,10,50.0,2,15.25,38.45358011804578,0,F
4,1,8,17,7,84.05456281006784,20,25.50682035125848,80.0071684648648,1,A
4,3,4,19,13,92.50136106358784,12,26.56267013294848,65.62729346263612,1,B
4,2,4,16,12,93.6583239113939,8,28.707290488924237,78.90483287591465,1,B
1,2,10,9,7,77.64040635331432,5,15.70505079416429,44.338711560145484,0,F
2,2,27,15,11,59.34187995674269,4,19.417734994592834,55.34711125445398,0,C
2,1,19,5,9,62.80442982174295,8,18.85055372771787,57.24215997930738,0,C
1,1,24,16,6,50.0,5,12.25,47.89144840786912,0,F
2,1,23,13,18,55.59365078098502,10,17.94920634762313,63.1980357635353,1,C
1,3,27,7,12,56.092357434397755,4,18.011544679299718,35.68386879799824,0,F
2,0,3,6,5,93.1652503414449,6,20.645656292680613,62.53992884915735,1,C
3,3,19,14,8,65.34506490623119,15,19.1681331132789,47.74904105675661,0,F
3,1,17,10,15,72.20915562990714,15,20.026144453738393,66.9821501274651,1,B
4,0,24,12,17,50.79362044608631,12,21.34920255576079,63.781859103914414,1,C
3,0,2,6,15,96.96165688487197,6,29.120207110608995,77.10531022125329,1,B
3,1,3,8,16,94.52780892776516,12,25.815976115970646,73.78301726010055,1,B
3,1,13,6,17,70.74164919528579,9,23.842706149410724,61.91611286767122,1,C
1,3,6,16,8,85.52373202381496,2,15.69046650297687,57.10217847380204,0,C
3,1,25,16,17,50.0,12,20.25,72.51438673742953,1,B
3,0,7,13,14,87.97671890221903,6,28.99708986277738,88.34008654808551,1,A
4,2,23,14,18,60.43999653357463,20,25.55499956669683,68.2614619311673,1,B
3,1,15,17,9,68.44192503681404,12,22.555240629601755,63.38531135151695,1,C
3,1,19,19,8,63.77152757006414,6,19.971440946258017,63.83048975998008,1,C
2,3,14,6,5,76.51829981713735,8,17.56478747714217,36.25962906298386,0,F
4,3,6,14,18,86.27561776195768,8,24.78445222024471,67.43896723331076,1,B
4,1,25,6,11,57.49392408746924,8,21.186740510933653,48.76462607115097,0,F
4,0,16,18,14,70.85374664562562,20,23.856718330703202,78.11729127098195,1,B
4,0,21,17,15,67.2099817856598,12,26.401247723207476,74.24716194470449,1,B
4,2,21,9,6,53.7711856248441,16,27.72139820310551,40.729154365844536,0,F
4,1,21,16,14,62.71916352035491,20,25.839895440044366,81.93750351834883,1,A
1,3,11,9,7,80.93846341416824,4,20.11730792677103,48.181546096537296,0,F
3,0,17,16,9,69.34290913762169,9,24.66786364220271,60.62644704395529,0,C
4,2,23,11,12,50.0,20,26.25,52.36734121667847,0,C
3,1,13,5,14,73.7657585838532,9,20.22071982298165,61.161567639886925,0,C
3,0,14,16,12,76.78961378185925,15,25.598701722732407,78.13023839399798,1,B
1,1,14,6,18,68.1572675780145,5,19.519658447251814,63.46544852326359,1,C
4,1,4,15,6,93.16618701748206,20,29.645773377185257,72.89028727046889,1,B
2,0,15,15,13,71.3128577771564,10,21.91410722214455,72.80616208456013,1,B
1,0,4,10,10,91.72769672300855,2,21.465962090376067,71.26957211683698,1,B
2,0,1,6,13,97.9155570852703,8,20.239444635658785,71.90341063397821,1,B
3,1,19,8,18,70.18838978636185,6,23.77354872329523,59.95777636141919,0,C
3,1,27,14,8,50.0,6,23.25,50.594235336125195,0,C
1,2,24,10,7,52.49366176149131,2,11.561707720186414,38.67256977700349,0,F
1,3,8,17,18,80.08591440225686,5,19.010739300282108,54.67562369696476,0,C
2,1,21,16,18,53.43370943310056,10,17.67921367913757,63.372378800323276,1,C
4,3,26,11,9,50.0,12,20.25,37.97429677484404,0,F
2,0,8,14,9,84.37219801547913,8,23.54652475193489,74.73516088112703,1,B
1,1,3,9,8,95.07765577827797,3,22.884706972284746,69.58701818883358,1,B
2,2,14,12,17,68.81766872158494,6,22.602208590198117,60.7023738394343,0,C
1,2,10,10,11,77.22239717516884,4,20.652799646896106,59.19031742283423,0,C
2,3,0,9,12,100.0,8,25.5,57.61112193541133,0,C
1,0,17,8,19,69.37536656469271,3,13.671920820586589,74.53207209777052,1,B
1,3,28,10,9,50.0,3,16.25,34.42058255508618,0,F
1,0,0,10,19,100.0,3,24.5,79.28960995778863,1,B
4,2,7,10,13,83.44684634371671,20,26.43085579296459,70.72866536000315,1,B
2,3,24,5,11,63.383587766652624,8,15.922948470831578,38.03939916722959,0,F
2,2,15,10,17,67.43624823919762,8,20.429531029899703,68.78933661814344,1,B
2,2,25,5,17,50.0,4,20.25,52.05074760125642,0,C
1,0,27,9,11,57.24988001124744,5,15.15623500140593,59.26622233093076,0,C
2,3,21,11,12,50.0,10,17.25,27.278528083337946,0,F
2,3,17,5,16,66.9286710046763,8,20.366083875584536,46.3795208202106,0,F
1,2,21,17,8,54.34058808732449,5,12.792573510915561,55.062940109622105,0,C
3,2,8,5,14,80.93761763597507,9,27.117202204496884,62.70286853047973,1,C
1,0,11,17,17,82.06866822049727,4,20.25858352756216,78.78361532237182,1,B
2,1,18,17,17,57.594823416914785,8,15.199352927114347,66.40365284475813,1,B
1,1,24,19,10,50.0,5,17.25,59.85105307928269,0,C
3,2,17,10,9,60.226930526728296,12,21.528366315841037,40.48619847557719,0,F
1,1,26,19,5,50.0,5,18.25,43.81015138018262,0,F
2,1,4,11,19,93.86606058584903,10,26.73325757323113,94.78920024187533,1,A
3,1,26,10,18,50.0,15,21.25,58.10725159911053,0,C
4,1,1,9,17,98.12546757157982,12,29.265683446447476,71.64183575088254,1,B
2,2,6,10,13,88.5855049938227,10,25.073188124227837,63.31961070399842,1,C
3,1,26,17,6,50.0,15,23.25,55.9012990528808,0,C
3,1,9,18,10,82.06381327796365,6,27.257976659745456,77.32438883805202,1,B
4,0,14,7,19,69.73292074407689,8,28.71661509300961,67.644778408321,1,B
1,2,24,13,19,50.0,3,14.25,48.17345517400888,0,F
1,3,6,19,12,86.33894628183025,3,21.792368285228783,71.34234759588374,1,B
2,3,27,9,7,50.0,10,18.25,29.13722587222606,0,F
4,0,4,6,9,90.78608232031702,8,27.348260290039626,67.19800465244302,1,B
1,0,14,18,18,77.28991108953159,3,17.661238886191448,85.94965214295803,1,A
4,2,19,18,11,55.60046434224105,16,23.95005804278013,56.85483175089627,0,C
1,3,27,16,8,50.0,4,12.25,50.076604324942366,0,C
3,1,19,14,18,61.45324316048437,15,20.681655395060545,65.44058145193283,1,B
1,0,14,14,16,72.9270883930716,2,21.115886049133948,72.0246076354575,1,B
4,3,9,11,9,82.21854516032616,16,25.27731814504077,55.26619664353558,0,C
3,2,23,7,5,58.93516324213711,6,22.366895405267137,34.850862657568825,0,F
3,1,25,5,8,58.25122723000818,9,24.28140340375102,50.55189861326599,0,C
3,2,28,7,18,55.06294747478839,6,24.88286843434855,49.62025681384763,0,F
4,0,25,13,18,51.215029023298314,20,27.40187862791229,85.5596008344838,1,A
2,3,13,9,11,78.8716070448248,4,23.8589508806031,51.979811550994015,0,C
2,3,25,11,16,56.37528818630149,8,20.046911023287684,50.24205590300518,0,C
2,3,25,7,14,59.159602859345874,4,21.394950357418235,34.75671432163851,0,F
4,3,9,8,11,85.51790891582239,8,24.689738614477797,52.12260561366382,0,C
3,1,16,5,14,61.88062163443598,6,22.735077704304498,55.927001076732076,0,C
2,1,20,7,14,56.519480939826316,6,17.06493511747829,53.97058178131279,0,C
4,2,13,11,8,68.49113154570406,20,27.561391443213008,50.76765228059103,0,C
2,1,1,8,16,97.85598784176709,8,24.231998480220888,74.35510666003152,1,B
1,0,15,19,10,64.8407346394923,4,15.105091829936537,52.39132461268086,0,C
2,0,12,6,17,75.33641692876432,4,22.41705211609554,63.97533975843962,1,C
2,3,26,18,9,50.0,4,15.25,52.590081651107255,0,C
3,0,8,9,5,83.77218079197283,9,24.471522598996604,64.92357655523512,1,C
4,2,6,19,12,89.07864703313935,20,29.13483087914242,85.66413702315754,1,A
3,1,15,9,16,67.63041413509313,12,25.45380176688664,56.1223518538378,0,C
3,1,9,19,11,78.42542588496389,15,24.803178235620486,76.85902031157727,1,B
3,1,23,6,19,50.0,12,22.25,54.82975047308675,0,C
3,0,21,19,9,58.797999774517,6,21.349749971814624,62.917402541038456,1,C
3,1,8,19,17,80.36864731338414,9,25.046080914173018,81.09694687785861,1,A
2,3,21,15,14,50.0,6,20.25,45.057546676690336,0,F
3,3,22,10,14,56.1517865859356,6,22.01897332324195,39.45917053771734,0,F
3,3,6,14,11,85.81216095212332,6,26.726520119015415,62.346853895259315,1,C
4,0,15,8,19,77.42844615732812,8,30.678555769666016,80.52407241705856,1,A
1,1,8,18,14,87.46675526602661,5,15.933344408253326,74.46495660062772,1,B
2,0,26,5,7,60.41787536785177,4,20.55223442098147,44.13312495923433,0,F
2,1,23,7,12,50.0,10,19.25,51.471516242219934,0,C
2,2,28,18,9,55.766184879589424,4,21.970773109948677,53.103144327497326,0,C
3,2,16,13,6,75.72719126297315,9,25.465898907871644,53.94324513155928,0,C
3,0,19,14,6,68.69904330625008,15,19.58738041328126,64.88414150781803,1,C
3,3,6,11,8,89.16223125220874,9,28.145278906526094,67.99014029666118,1,B
4,0,10,17,11,80.35299318102543,8,27.044124147628178,83.87765011622464,1,A
1,3,7,10,18,89.04217700698717,2,17.130272125873397,72.42427702742744,1,B
3,1,6,18,14,88.00610659869446,12,26.000763324836807,86.23282972117242,1,A
1,3,27,5,8,52.80234055179579,5,18.600292568974474,26.428716983880136,0,F
4,3,18,13,13,68.0613130882428,20,27.50766413603035,56.62115512788742,0,C
2,1,19,17,6,55.8838572186906,10,18.985482152336324,51.04603130242915,0,C
3,2,11,13,10,72.64384066342427,15,21.080480082928034,63.09113206146631,1,C
1,1,6,5,8,88.2168158244303,3,20.027101978053786,55.59272804539876,0,C
1,0,7,18,10,87.24760513391853,5,16.905950641739814,74.70052652201082,1,B
3,0,6,17,14,85.4113109430426,9,24.676413867880324,83.38747794657749,1,A
2,0,5,17,13,89.99775776766842,4,22.249719720958552,76.03660688606459,1,B
2,0,24,19,14,50.0,6,21.25,72.45629627018879,1,B
2,0,8,10,16,84.69007975232093,10,19.586259969040114,72.57348331252874,1,B
4,2,26,11,13,55.733736980887855,12,21.96671712261098,56.59137431317164,0,C
1,2,12,6,13,74.1413786491885,5,21.26767233114856,55.25762978494876,0,C
1,3,6,14,13,87.01094410277969,3,22.87636801284746,65.81486074310509,1,B
1,0,7,12,7,86.27871304944735,4,17.784839131180917,62.23343854163046,1,C
4,1,21,12,16,62.83105766330244,20,21.853882207912804,67.96766204649633,1,B
1,0,16,10,15,62.69098412699602,3,18.836373015874504,60.532179145948305,0,C
4,2,16,13,18,71.59491000983076,20,22.949363751228844,61.74937478610278,1,C
2,0,15,7,13,67.61464020599811,4,21.451830025749764,67.76544586855475,1,B
3,2,21,6,7,60.43630189825337,9,22.55453773728167,40.43723429186757,0,F
1,3,1,6,14,98.02751932206228,3,21.253439915257786,57.82221197886044,0,C
1,3,29,10,7,50.36932281648631,4,12.29616535206079,39.12849614483608,0,F
2,3,7,11,9,84.95364038164445,10,23.619205047705556,61.1907964901078,0,C
3,2,16,10,10,72.38678666209304,9,21.04834833276163,70.99472027546129,1,B
4,0,12,15,13,76.17143144070863,16,30.52142893008858,74.49913915396081,1,B
3,0,17,7,5,68.91619031651109,12,26.614523789563886,52.70362260656943,0,C
2,1,23,9,19,50.0,8,14.25,65.92792608932214,1,B
2,2,27,12,12,50.0,10,19.25,43.85586419868716,0,F
3,1,21,10,18,52.67668254590109,15,24.584585318237636,57.84115891870609,0,C
4,3,27,6,18,50.0,12,25.25,44.3580014476048,0,F
4,0,9,19,8,85.47804421473036,20,28.684755526841293,91.90676609883927,1,A
1,2,1,11,14,97.50767534598656,5,24.18845941824832,68.99366792997021,1,B
4,1,1,12,11,98.39644408362915,8,33.299555510453644,88.64839129782278,1,A
3,1,26,8,10,50.19825388434373,15,23.274781735542966,48.61464896587467,0,F
2,1,13,16,19,77.3936815879921,4,17.67421019849901,83.53857785942533,1,A
1,0,15,5,10,63.19231054892213,3,15.899038818615267,49.796577704596174,0,F
1,0,6,6,11,87.18526039120515,4,15.898157548900643,60.94319703453655,0,C
2,0,20,8,8,58.05744932353116,4,15.257181165441395,53.222157001204906,0,C
4,2,20,11,10,50.05122990225347,12,21.25640373778168,38.455176625817415,0,F
2,0,23,6,7,51.41419961051266,4,18.426774951314083,36.000596381130954,0,F
4,2,11,10,9,76.39224130970362,20,29.549030163712953,63.79038635824645,1,C
2,1,27,6,17,58.29109391898751,6,18.28638673987344,51.723741493118716,0,C
3,1,22,16,17,50.0,12,17.25,56.82434495249895,0,C
4,3,27,11,18,50.0,8,20.25,45.344185145798996,0,F
3,0,13,6,19,68.01595504319206,15,20.501994380399008,72.71095765564014,1,B
1,1,24,7,17,58.69346537108635,3,17.336683171385793,50.08810007301545,0,C
2,0,3,13,6,94.82225396808953,10,21.85278174601119,60.79882982056147,0,C
1,2,25,17,7,53.34882186967055,3,15.66860273370882,46.10827812029538,0,F
1,1,3,19,17,94.5693697872473,2,20.821171223405912,88.01010478295231,1,A
1,0,17,8,13,69.30455099424258,3,17.66306887428032,65.66479129570811,1,B
1,1,2,18,10,95.78956656572981,2,16.973695820716227,82.1855013876764,1,A
2,1,0,9,7,100.0,6,27.5,67.68046324945473,1,B
1,0,16,13,6,61.0117094292064,5,12.6264636786508,64.6134224035441,1,C
2,1,6,11,9,90.592837128536,10,19.324104641067002,67.79416987110122,1,B
2,1,29,12,14,50.0,4,21.25,52.65488753533133,0,C
3,1,15,19,18,73.67479339835567,12,25.20934917479446,79.67648390134532,1,B
4,1,29,15,9,50.0,8,22.25,53.68673948363319,0,C
4,2,4,7,5,92.30266294754172,20,25.537832868442713,61.940284328050595,1,C
2,1,18,15,7,65.99491350934561,6,23.249364188668203,64.99544429256183,1,C
3,3,6,15,11,85.2871167437128,12,25.6608895929641,61.630896283042134,1,C
2,1,13,8,13,74.81732227090299,10,22.352165283862874,58.32723996139435,0,C
2,0,1,11,9,97.94840742891515,8,27.243550928614393,78.34373594564713,1,B
2,3,2,8,8,95.50273343902819,4,26.937841679878524,53.34650388651208,0,C
3,2,16,6,7,64.39864324821565,15,26.049830406026956,39.76617796926772,0,F
4,3,15,18,14,68.75553149958147,8,26.594441437447685,67.97107202894266,1,B
3,3,7,14,17,83.47417583550566,15,22.434271979438208,75.46082331483731,1,B
1,3,17,10,13,63.88891774800593,5,14.98611471850074,39.11239416883069,0,F
3,0,14,13,18,66.75337613655961,6,22.34417201706995,72.80972373016323,1,B
3,0,6,6,11,89.18340549650497,15,22.147925687063122,74.2761698164267,1,B
3,0,26,5,16,57.567384400253275,12,24.19592305003166,69.47918749777577,1,B
3,2,8,12,11,81.44383634760584,12,24.18047954345073,63.49113839942599,1,C
4,0,5,5,18,90.58741046012545,8,25.323426307515682,81.46543754478768,1,A
1,0,17,5,17,63.431562282098916,3,14.928945285262365,57.58944373776317,0,C
4,3,17,7,12,61.96570966001691,16,23.745713707502112,48.23646902647888,0,F
4,0,24,9,14,56.158948589746025,20,28.019868573718252,69.19388841324518,1,B
3,1,25,17,5,50.0,6,21.25,51.6264030753716,0,C
2,0,23,16,15,50.0,6,16.25,64.45379409829478,1,C
2,2,13,13,8,69.06268794189987,4,21.632835992737483,57.29886050419357,0,C
4,2,13,15,17,70.75835799233406,16,27.844794749041757,77.57192502311172,1,B
4,1,13,14,17,70.58438608473446,20,28.823048260591808,76.72608273633732,1,B
3,2,24,6,9,50.0,12,20.25,43.86176042684154,0,F
4,2,3,16,9,93.29100283813025,8,32.66137535476628,69.13636711799852,1,B
3,3,3,16,5,94.48124392208952,15,25.810155490261188,62.138730133532576,1,C
2,1,14,5,7,77.30904248503974,6,19.66363031062997,59.40608512012203,0,C
2,3,14,5,6,73.09362260035368,8,24.13670282504421,25.236355747456813,0,F
1,3,17,12,16,73.0151619304875,2,17.126895241310937,54.78828313819919,0,C
2,0,13,14,11,78.99497989911976,10,22.87437248738997,75.10427821049255,1,B
4,1,25,14,17,50.0,8,20.25,54.806105292235195,0,C
2,0,0,14,18,100.0,6,21.5,96.10570618643044,1,A
3,0,9,6,9,78.83552169576731,9,26.854440211970914,62.633761220962036,1,C
2,3,28,17,7,50.0,8,19.25,46.05224401144673,0,F
1,2,19,13,15,63.54773946039865,3,16.94346743254983,64.20108300907776,1,C
2,1,9,13,12,86.27357095784575,6,19.78419636973072,76.9238928008984,1,B
3,2,9,6,5,77.89746666722466,12,23.73718333340308,46.591251567112835,0,F
3,3,26,7,5,59.15575572663289,6,22.39446946582911,27.45994511505399,0,F
4,3,23,6,18,51.46624948154385,16,26.433281185192982,44.954874253986574,0,F
2,3,1,10,10,98.39779678826949,8,21.299724598533686,62.67414602142087,1,C
3,3,28,19,5,50.04386499949209,15,18.25548312493651,35.73183519362385,0,F
1,3,27,11,8,54.48292865293254,3,14.810366081616568,44.56710555523702,0,F
4,3,26,16,10,50.0,12,24.25,47.48627802878684,0,F
1,2,7,10,5,83.2904725841453,2,22.411309073018163,50.878813717479105,0,C
2,0,0,7,17,100.0,6,25.5,72.59983165185784,1,B
2,2,0,16,13,100.0,4,25.5,77.37229821539229,1,B
2,1,3,19,19,92.77320551136009,10,23.59665068892001,91.15297869907477,1,A
4,2,6,7,8,86.50344863217336,8,25.81293107902167,51.9281073028573,0,C
3,3,8,16,13,81.07235330892775,6,25.134044163615968,65.14582271438842,1,B
4,2,15,6,13,71.25411862210203,20,28.906764827762753,56.997004090389936,0,C
1,0,4,6,17,90.53857464891152,4,21.31732183111394,67.14608469073673,1,B
4,1,1,15,10,97.85413861143415,20,30.23176732642927,86.09749064240506,1,A
1,2,27,16,17,55.83858986598387,3,11.979823733247983,70.13167067729333,1,B
4,0,22,9,11,66.14832481592455,12,25.26854060199057,72.04554264608927,1,B
3,2,10,15,19,82.55965586314215,15,26.31995698289277,80.6599505942124,1,A
1,1,17,15,17,68.06805596994624,2,16.50850699624328,69.40678620668169,1,B
2,2,24,12,5,50.0,10,14.25,31.81232481329588,0,F
2,3,24,10,9,50.0,6,20.25,37.559873983131574,0,F
4,2,18,13,7,55.803236899475486,20,26.975404612434435,49.45728561072926,0,F
2,0,12,15,14,75.28990241504192,4,18.41123780188024,61.39314221365757,0,C
1,2,23,9,14,50.0,3,13.25,41.859764320402284,0,F
2,0,10,14,17,82.24716614757375,8,23.28089576844672,78.98594086512499,1,B
3,1,19,8,10,58.588020034989164,15,19.323502504373646,44.408108423841774,0,F
3,2,18,13,8,60.28927835434685,15,18.536159794293354,50.746299003931355,0,C
4,1,16,16,19,62.425354745287024,20,25.803169343160878,68.6651684866409,1,B
1,1,4,14,17,91.85438595649967,5,16.48179824456246,81.49036164906354,1,A
3,2,12,15,18,74.21193822885787,9,23.276492278607236,73.33027526242091,1,B
3,0,29,18,17,50.61158450695793,6,21.326448063369742,59.68950471875978,0,C
1,1,26,9,13,50.0,4,12.25,45.70680841408659,0,F
2,1,19,5,11,55.57017726983743,10,18.946272158729677,44.35123289870558,0,F
2,2,0,9,19,100.0,6,23.5,75.31297749982171,1,B
4,2,9,19,18,85.45892983863222,20,24.68236622982903,72.123348397152,1,B
2,2,7,9,19,87.3099985058164,8,24.91374981322705,73.10793735635285,1,B
1,2,23,9,8,54.563163026740334,5,12.820395378342543,47.3109017306808,0,F
3,2,28,17,17,50.0,6,19.25,65.8082182889794,1,B
2,3,7,6,15,87.25771024494342,10,24.90721378061793,63.3774224813765,1,C
4,2,18,17,10,57.87476107589595,20,28.234345134486993,50.04727160288445,0,C
2,0,5,10,6,90.64105104317298,10,21.330131380396622,66.05711558207629,1,B
1,1,11,9,18,83.02880017258343,2,15.378600021572929,71.96296702697076,1,B
4,0,27,6,7,50.0,12,21.25,48.88651446272985,0,F
2,0,6,16,19,87.13466098293375,4,24.89183262286672,93.56809448773762,1,A
4,3,15,14,15,65.47065257903952,12,28.18383157237994,57.17756150038372,0,C
1,2,8,19,11,85.20888149386485,2,16.651110186733106,63.0336705971595,1,C
3,1,20,19,15,69.64739615694708,6,23.705924519618385,76.19485822396067,1,B
1,0,24,18,16,62.229929832212136,5,18.778741229026515,71.41239229432274,1,B
1,2,21,12,8,66.15218360528263,2,18.26902295066033,55.675937477379904,0,C
1,2,9,10,18,79.25367179659868,3,14.906708974574835,67.35074200154008,1,B
1,3,9,15,16,83.78708721075859,3,19.473385901344823,63.51717252713949,1,C
3,3,9,14,14,77.51891341519783,9,20.68986417689973,61.87871566496234,1,C
3,3,19,16,11,57.09062046655918,9,21.1363275583199,55.57842167390555,0,C
4,1,28,15,13,50.0,8,20.25,59.85630716822625,0,C
2,0,15,7,18,62.74570882005363,10,19.843213602506705,66.28544766452474,1,B
3,3,0,13,17,100.0,12,24.5,77.14678736640003,1,B
3,3,16,17,9,73.35015089406126,9,27.168768861757655,56.252937939687016,0,C
2,3,29,15,18,50.0,4,14.25,52.68429862879661,0,C
3,0,25,15,5,55.54791553025896,15,23.94348944128237,58.79298676796866,0,C
1,0,20,18,9,50.779261438664854,2,18.347407679833108,53.99910254847546,0,C
1,3,28,8,10,50.0,3,12.25,35.02355317504232,0,F
2,3,13,7,18,68.4567428646704,6,19.5570928580838,54.79033547003688,0,C
4,2,18,11,15,55.9942882676282,20,22.999286033453526,62.24134469128131,1,C
4,3,20,16,6,57.6869036516728,8,28.2108629564591,37.4955958077771,0,F
2,1,20,17,12,56.1576270086274,6,17.019703376078425,61.511442137508425,0,C
2,1,16,19,17,74.49206147563689,6,21.31150768445461,75.85767012729167,1,B
1,3,13,18,6,70.58034792352704,4,13.82254349044088,53.2074972408204,0,C
4,0,7,12,19,88.08555645846174,16,28.010694557307716,81.92017570827512,1,A
3,2,20,11,18,53.19347880591234,9,20.649184850739044,61.77384211304508,1,C
1,0,20,5,13,50.76936358777998,4,12.346170448472497,43.23245899926165,0,F
2,3,8,5,18,86.30097896667621,8,23.787622370834526,57.281675101698696,0,C
4,1,7,17,17,88.95378217676065,12,31.119222772095082,95.0,1,A
3,2,12,9,6,76.19331832878532,6,24.524164791098165,50.69409824875,0,C
3,0,16,19,7,63.33521004882705,6,21.91690125610338,71.51129073141118,1,B
1,0,18,18,12,59.12847694101659,2,12.391059617627073,66.94714158766905,1,B
4,3,27,12,15,50.0,20,23.25,56.80182491195211,0,C
4,2,6,18,10,86.07582405859155,8,26.759478007323942,74.89849556761392,1,B
2,1,16,14,5,73.20018635847757,10,21.150023294809696,55.084392217067645,0,C
4,3,0,15,19,100.0,20,27.5,74.64888499994407,1,B
4,2,4,7,8,91.5772827364094,16,31.447160342051177,55.73858357663049,0,C
1,0,24,12,9,60.317638629767366,5,12.539704828720922,54.51132778815634,0,C
4,3,5,7,18,90.42786464680727,20,27.30348308085091,71.4018200101748,1,B
3,0,25,8,15,50.0,15,20.25,63.79496958010377,1,C
1,0,1,14,7,97.52819819595184,5,21.191024774493982,76.37712315332045,1,B
1,3,26,11,5,50.0,4,15.25,32.2496445163933,0,F
2,3,24,7,7,50.0,6,14.25,18.05457766470184,0,F
4,3,15,8,17,75.51926154124874,20,24.439907692656092,59.413825094301586,0,C
2,3,21,12,13,50.0,6,16.25,42.015491479993166,0,F
3,3,4,8,6,93.86597400327715,6,27.73324675040964,55.48368699117556,0,C
1,0,4,13,5,91.89096290611559,2,17.48637036326445,67.23215022535835,1,B
1,1,11,8,11,80.29890837582099,3,21.037363546977623,57.74142434020062,0,C
1,1,2,17,17,95.37218178643039,3,22.9215227233038,94.43955792642569,1,A
3,3,29,18,11,50.19123466917219,6,17.273904333646524,40.41053061747396,0,F
3,0,15,8,9,77.32704944900291,12,20.665881181125364,71.21773167268711,1,B
2,1,5,17,6,90.42695270381904,8,21.30336908797738,74.53506552973653,1,B
2,1,14,9,18,78.10248803266977,10,21.762811004083723,70.05221924820842,1,B
2,1,14,5,5,74.93870403137151,8,24.36733800392144,60.55791618186835,0,C
4,0,28,11,17,50.0,16,24.25,65.13737029400951,1,B
1,3,15,13,9,73.07945235075151,5,16.13493154384394,45.70704707236534,0,F
1,3,19,16,14,66.82992868089659,5,14.353741085112073,56.83395702548633,0,C
2,3,12,13,8,80.13405204315592,8,24.01675650539449,58.93430203168084,0,C
1,2,11,5,13,82.0131049850703,3,17.251638123133787,57.09043499590659,0,C
2,2,9,19,9,81.76728364136723,10,23.220910455170902,66.14722542783893,1,B
4,2,13,10,15,71.64040870173487,12,29.95505108771686,65.55938021161364,1,B
4,0,1,7,14,98.04726679426436,8,30.255908349283047,70.72597993471334,1,B
3,1,28,8,16,54.539113226660184,15,24.817389153332524,64.69223400971804,1,C
4,1,2,12,16,95.70448740095695,12,26.96306092511962,85.91292348716843,1,A
2,0,8,19,6,83.5430248134269,10,21.44287810167836,65.16283049424122,1,B
4,0,10,8,8,81.18724544734553,20,25.14840568091819,64.80539083456671,1,C
3,3,10,12,17,81.69953122873986,15,27.212441403592482,73.46266284138441,1,B
1,3,24,8,16,59.604330612396595,5,19.450541326549576,45.079770527435294,0,F
2,2,21,13,13,65.4277113645394,6,20.178463920567424,56.61880608430471,0,C
1,2,9,10,12,83.4510547497817,3,15.431381843722713,66.31969983648226,1,B
3,0,25,5,7,61.45922189741362,9,19.6824027371767,46.84087060046541,0,F
3,2,13,17,12,74.82384363358301,6,26.352980454197876,55.081828020909114,0,C
3,1,8,14,17,83.18740856572052,15,28.398426070715065,87.34002900766521,1,A
1,0,19,6,6,53.60856876943508,5,18.701071096179383,42.3263411414446,0,F
1,0,26,11,7,50.0,3,12.25,47.751950792083925,0,F
1,1,20,14,18,57.51847906288201,3,19.189809882860253,62.659539727320166,1,C
1,3,9,11,9,83.13026674956755,5,15.391283343695944,50.07382211722958,0,C
3,3,21,7,15,65.70033971809792,15,23.21254246476224,46.47984636058735,0,F
3,1,28,5,16,50.0,6,20.25,47.68018051189201,0,F
2,1,8,12,18,83.21058944745988,10,21.401323680932485,71.75459319775048,1,B
2,2,28,17,14,50.0,6,20.25,61.82657685529438,1,C
1,0,4,17,14,90.69565290441828,2,18.336956613052287,89.30484298619245,1,A
4,2,7,14,12,87.70850335552315,16,27.963562919440392,74.96117753954775,1,B
4,1,10,18,5,82.58779924772112,16,27.323474905965142,73.77925952288251,1,B
3,2,0,15,8,100.0,15,24.5,65.3920408360415,1,B
3,1,20,19,5,58.67969633731141,9,20.334962042163927,62.88046164447147,1,C
3,2,9,15,5,84.53846982967504,15,24.567308728709378,60.688804760338755,0,C
2,2,0,14,16,100.0,6,21.5,85.19710932473404,1,A
2,3,25,19,9,53.85302875064013,6,16.731628593830017,56.349671780829254,0,C
3,1,29,11,10,50.0,9,18.25,48.02267679543192,0,F
3,2,21,14,19,62.38806101288377,12,25.798507626610473,54.94061369783044,0,C
3,0,6,12,5,87.44624924757053,15,21.930781155946317,71.66445990350903,1,B
4,2,27,5,15,50.0,20,24.25,41.862838891912034,0,F
2,2,13,18,10,67.75793591587481,8,20.46974198948435,57.912618667810705,0,C
4,0,4,7,9,90.35572777411298,12,29.294465971764122,69.95610308582071,1,B
4,1,16,17,8,67.94338004276077,8,25.492922505345096,68.13861397018502,1,B
3,3,21,6,14,58.24466925033002,6,22.280583656291252,44.0457159283584,0,F
3,3,25,5,9,51.55749985160628,12,21.444687481450785,41.2089894630275,0,F
1,3,20,9,12,69.44498804022723,2,20.680623505028404,42.869867456765725,0,F
1,0,5,7,13,91.67022751256869,3,18.458778439071086,77.15146066603826,1,B
4,2,15,14,15,76.61216367543916,12,29.576520459429894,73.03045423561117,1,B
2,1,10,19,18,78.0364491522468,10,19.75455614403085,85.08237549548416,1,A
3,2,9,12,16,82.78088814803651,9,26.347611018504566,75.0843976596377,1,B
3,3,14,10,6,78.10722170708426,9,22.76340271338553,52.137450630212,0,C
4,2,6,14,10,86.85654953407678,12,27.857068691759597,60.09701795558681,0,C
1,0,22,18,7,52.822411017785235,2,17.602801377223155,54.89413372125544,0,C
2,0,1,13,19,97.78003716930951,4,25.22250464616369,94.46857785231342,1,A
1,1,11,13,6,76.90182470462274,4,19.612728088077844,61.09941134795913,0,C
1,1,18,15,16,70.09228792094889,4,17.76153599011861,73.92151300349579,1,B
1,3,11,10,18,82.82468472483615,2,18.35308559060452,61.98931084605134,1,C
1,1,15,6,17,65.24288544659444,5,19.155360680824305,55.14146794079213,0,C
3,2,5,13,5,91.42095500517067,15,28.427619375646334,60.541585189472315,0,C
3,0,2,6,8,95.91494151905164,6,25.989367689881455,60.7238807733569,0,C
1,0,1,7,12,98.01478298526781,4,24.251847873158475,77.38006184283229,1,B
2,0,19,10,7,54.00000173170623,10,17.750000216463278,44.63843318555186,0,F
4,1,4,6,9,91.7902409565828,12,28.47378011957285,65.44144411204023,1,B
2,0,10,9,18,79.19983114612849,10,20.89997889326606,75.50336555614514,1,B
2,0,25,6,14,54.51237415710468,10,17.814046769638086,61.12155749401123,0,C
2,0,24,16,9,50.0,10,21.25,71.06894801623275,1,B
1,3,2,8,9,95.77525236852154,4,21.971906546065192,54.06245730231382,0,C
3,3,2,19,15,96.99003923281748,12,27.123754904102185,82.02583311539628,1,A
2,1,21,15,13,56.822272461565774,4,17.10278405769572,58.7125778638451,0,C
1,0,4,15,19,92.5445384467792,5,21.5680673058474,84.57025308947225,1,A
2,1,21,7,12,67.82564370972452,8,17.478205463715565,61.112597737689924,0,C
2,0,22,9,12,57.50590471884414,8,21.188238089855517,60.04761346764852,0,C
1,0,10,10,17,77.2643351162137,2,15.658041889526713,74.6229759296383,1,B
3,0,2,17,17,95.99242108408727,9,29.999052635510907,97.89308577071472,1,A
3,1,12,11,5,74.32649096632007,9,21.29081137079001,60.43027532947271,0,C
4,1,20,14,5,57.205170685593664,20,27.150646335699207,54.67552785189722,0,C
1,0,7,12,6,84.802864882616,3,15.600358110327,70.67293313238102,1,B
4,2,19,13,18,64.13567230319707,8,24.016959037899632,62.32427939591773,1,C
4,1,9,18,12,83.16995644848839,16,28.39624455606105,73.58523271668307,1,B
4,3,1,8,14,98.49541546865473,12,29.31192693358184,69.31439719428215,1,B
3,1,3,8,5,95.03733261841323,15,23.879666577301656,71.75117548265735,1,B
1,0,17,11,19,58.33622638271362,5,18.292028297839202,63.91557064178542,1,C
4,2,18,16,8,57.836499115812224,16,23.229562389476527,46.65728010639273,0,F
1,0,3,19,13,94.67467468783029,5,20.834334335978788,88.3225489405324,1,A
1,3,19,14,6,63.87735297041012,2,13.984669121301266,36.660270778054155,0,F
3,1,25,14,7,50.0,9,19.25,46.55442968132977,0,F
4,1,8,15,15,85.99644416357138,20,30.74955552044642,83.14357002938472,1,A
4,0,15,13,10,69.51200546066605,12,27.689000682583256,53.73690935237587,0,C
1,0,25,15,17,61.94800539861489,4,19.743500674826862,68.92507201911052,1,B
2,3,5,6,19,89.40132581823596,6,23.175165727279495,60.929813463378736,0,C
3,2,24,17,15,50.0,6,23.25,65.8453954089158,1,B
3,3,3,15,14,92.84576984547994,12,27.605721230684992,70.9786921699212,1,B
3,2,8,10,7,83.98424623497974,15,28.498030779372467,70.54654800065136,1,B
3,1,26,14,19,50.0,12,19.25,70.21752791288516,1,B
4,2,12,14,19,75.16242167184058,12,26.395302708980072,74.72817040169501,1,B
4,2,8,12,8,87.46420604676659,12,26.933025755845826,65.56035052482608,1,B
2,1,5,17,13,91.70638256561627,6,21.46329782070203,81.01645927956773,1,A
3,1,20,9,13,50.72365370460481,9,24.3404567130756,52.391602114946025,0,C
3,1,18,9,14,68.39256345630989,12,19.549070432038736,54.27312913943229,0,C
1,3,13,12,9,75.5021601907468,4,17.43777002384335,51.660659633434264,0,C
4,1,20,5,11,59.82111384090985,12,26.47763923011373,51.122448057691614,0,C
3,0,14,10,13,65.29215018849322,15,21.161518773561653,67.4517195849483,1,B
2,1,2,14,12,95.62001298754045,8,26.952501623442558,86.99864935431076,1,A
2,1,4,17,15,91.48160600907855,4,22.43520075113482,80.02946046266658,1,A
4,1,20,13,11,59.512000551182815,16,23.43900006889785,55.08945346711652,0,C
2,2,17,16,16,62.58853495189253,4,21.823566868986568,59.05812960406347,0,C
2,3,13,10,12,71.8677934231315,10,19.983474177891438,55.83044039279363,0,C
4,1,15,19,9,63.95738661608527,8,25.99467332701066,66.37603409426765,1,B
3,3,13,11,9,73.4561410302599,6,26.18201762878249,50.08792905630261,0,C
3,0,8,8,9,84.62797929447608,15,28.578497411809508,63.34618230453442,1,C
2,0,14,16,5,67.6997316071058,6,17.462466450888225,67.7569987303321,1,B
2,1,6,14,10,86.2012999918791,8,18.775162498984887,67.02365054207354,1,B
3,0,13,5,9,78.29212630584286,15,21.786515788230357,64.40024007014368,1,C
4,3,5,13,12,91.31604001071773,8,27.414505001339716,64.62221501880842,1,C
2,2,20,16,12,50.82723477400588,6,16.353404346750736,43.38213394722178,0,F
1,1,14,10,6,72.78246646264661,4,18.097808307830825,54.857678413222615,0,C
4,0,19,7,15,61.626446765907396,20,23.703305845738424,59.52278403858754,0,C
2,3,7,8,10,87.32887912794133,8,23.916109890992665,56.31656732314444,0,C
2,3,1,14,16,98.01892897710265,6,23.25236612213783,70.1443245662413,1,B
1,0,7,16,15,84.2965037496304,4,22.5370629687038,80.47658560082772,1,A
1,3,0,10,14,100.0,3,22.5,69.34518889988134,1,B
3,3,25,10,14,54.630383001033366,15,18.82879787512917,40.646756485494286,0,F
4,1,16,16,19,74.46398392968997,12,29.307997991211245,95.0,1,A
4,3,18,13,10,56.29129263032337,20,23.03641157879042,44.71195262686528,0,F
3,0,4,8,7,90.51336870879241,9,26.314171088599053,71.97784227968971,1,B
4,1,29,9,5,50.0,16,27.25,49.508912719011285,0,F
4,0,21,9,11,53.92450975930614,12,20.74056371991327,64.02676138952789,1,C
4,2,19,7,14,61.70531219543891,12,26.713164024429865,48.956638228594144,0,F
4,0,15,6,9,64.03904820816325,16,23.004881026020406,53.5615686597455,0,C
4,0,6,12,16,86.2497909232177,8,28.78122386540221,86.77564120493105,1,A
1,1,6,14,16,86.10393494905323,3,19.76299186863165,78.1252630526668,1,B
4,3,17,19,14,69.23764195900907,20,29.654705244876133,70.56241022257397,1,B
1,0,17,13,9,67.30120935215923,3,14.412651169019904,68.22724496393707,1,B
4,1,1,14,15,97.79319773587675,8,30.22414971698459,83.77756252005213,1,A
3,2,14,15,12,73.80512775509145,15,27.225640969386433,67.00537046576993,1,B
2,1,13,17,16,74.07832950741874,8,23.259791188427343,81.792003456629,1,A
1,1,17,13,9,63.5092795490129,4,18.93865994362661,56.331245225071164,0,C
4,3,28,18,9,50.0,16,27.25,44.73763822812112,0,F
3,0,8,9,5,81.65568314269689,15,21.20696039283711,59.6530779097497,0,C
2,2,13,15,6,78.98837509450131,6,24.87354688681266,57.147355681988515,0,C
1,1,4,13,9,91.12777396087193,5,23.390971745108992,71.76525692018093,1,B
2,0,10,8,11,83.54789939388722,10,18.443487424235904,73.4795845793318,1,B
3,0,7,6,7,82.93512241550032,6,23.366890301937538,73.0411677273314,1,B
1,1,4,7,16,92.74384927722016,5,19.59298115965252,70.06158213433729,1,B
2,0,28,5,19,50.0,8,16.25,49.99161983956616,0,F
4,1,10,9,5,79.78583021891325,20,26.973228777364156,52.82403170443105,0,C
1,1,4,5,15,93.6356517336485,2,17.704456466706063,65.95633898292272,1,B
2,1,16,16,16,66.67861032974241,10,20.3348262912178,70.51965074104459,1,B
3,2,21,15,6,50.0,15,19.25,49.419410321359166,0,F
3,1,3,5,7,95.02829678668628,12,26.878537098335784,75.57902188829024,1,B
1,3,14,18,16,74.50170270894836,5,16.312712838618545,67.47436973635618,1,B
2,0,18,15,13,65.09514392276068,6,18.136892990345086,69.0107726278201,1,B
1,2,21,15,12,62.72388566984627,4,12.840485708730784,59.77764210295754,0,C
1,0,1,17,19,97.55622052526364,2,24.194527565657957,85.30716172960555,1,A
2,2,23,11,8,56.81749390940529,4,18.102186738675663,44.878080500502556,0,F
2,3,16,6,12,65.47100706422914,4,17.18387588302864,33.42962088713885,0,F
4,2,11,19,17,81.03691559192927,20,30.12961444899116,89.02237795203236,1,A
2,2,24,12,13,58.727057500440445,6,19.340882187555057,45.4974029883513,0,F
3,2,23,10,7,61.4554652811094,12,20.681933160138676,51.61311411140765,0,C
1,0,16,8,10,69.04300378357243,3,20.630375472946554,62.606527651534066,1,C
1,1,9,13,12,81.70427617938951,3,19.21303452242369,74.83845473762982,1,B
3,0,27,19,14,59.20979952470729,6,18.401224940588413,66.84068807013134,1,B
2,1,24,14,11,50.0,4,20.25,52.194463282725124,0,C
3,0,17,12,13,65.78318382697131,9,20.222897978371414,71.72838491714501,1,B
3,3,18,17,11,70.17022137850422,9,22.771277672313026,59.52465373707928,0,C
4,3,17,14,5,73.35601368744919,16,26.16950171093115,54.37681215944541,0,C
3,2,12,7,13,81.24160843444807,6,23.15520105430601,61.85473330946783,1,C
1,3,13,7,16,77.15063467083912,2,20.64382933385489,51.21426149457503,0,C
3,2,23,8,9,54.016280596667485,15,18.752035074583436,38.85536694048492,0,F
1,1,15,18,10,64.59640695995503,2,16.07455086999438,57.74526239672083,0,C
1,3,17,13,6,59.14958774285464,4,13.39369846785683,38.555583799182166,0,F
1,1,25,13,19,50.0,5,15.25,56.243528778398954,0,C
2,0,17,9,6,68.91442104194769,8,16.61430263024346,54.61040704496901,0,C
4,1,15,16,17,72.90163372440851,8,24.112704215551062,74.5917975595402,1,B
1,0,16,13,8,60.20066647752004,2,13.525083309690004,63.756861887308986,1,C
1,1,6,10,8,86.91231622007524,3,21.864039527509405,56.98064760907428,0,C
2,1,11,12,9,80.14552864616704,6,25.01819108077088,60.27995043814603,0,C
1,3,1,15,11,98.1709198476752,4,24.271364980959397,67.58432648255857,1,B
3,1,9,12,17,82.58820004620372,15,24.323525005775466,72.04377225428856,1,B
3,3,4,16,15,91.51277320870065,6,27.43909665108758,56.1939108427307,0,C
4,3,20,14,16,52.04041680056642,12,22.505052100070802,49.069884192093355,0,F
1,2,2,19,19,96.60338576060718,3,23.075423220075898,83.87172290023256,1,A
2,2,18,11,5,71.48073884167967,4,18.93509235520996,48.41658923892213,0,F
3,0,12,8,14,77.13097451254922,6,25.641371814068652,63.99909464686694,1,C
2,1,11,8,8,80.79998969128366,10,23.099998711410457,68.05131330808538,1,B
2,0,2,10,17,95.8479346531218,6,25.980991831640225,87.61415554476146,1,A
3,1,5,18,13,89.00392581426289,15,27.12549072678286,77.52143169492633,1,B
2,2,13,13,12,76.4604326016734,10,21.557554075209175,59.512560072283506,0,C
3,2,3,11,7,93.44364613341403,6,29.680455766676754,59.472232103506684,0,C
2,1,12,9,10,77.88223294170632,10,20.73527911771329,55.93232977778805,0,C
3,1,18,9,15,61.57057348600728,6,21.69632168575091,63.61977101384841,1,C
1,2,17,12,13,63.7379662852942,4,12.967245785661774,47.674241987514236,0,F
4,2,28,10,12,50.211528304193976,20,22.276441038024245,50.233343107454516,0,C
3,0,2,5,11,95.72855449657959,9,25.96606931207245,69.52187710664148,1,B
3,2,19,5,11,64.26185318125053,9,24.032731647656316,45.44213266637746,0,F
4,1,5,13,5,90.81772527819668,16,29.352215659774586,74.97171063195479,1,B
3,0,15,12,19,73.16068379400261,12,26.145085474250326,80.77866187174686,1,A
3,1,19,10,9,64.93274005744851,15,19.116592507181064,58.154476295739386,0,C
2,3,23,17,11,50.0,6,21.25,48.29697427189773,0,F
4,0,2,5,18,96.50964237165496,12,28.06370529645687,84.20618008833968,1,A
1,1,11,18,17,75.9981385433906,2,21.499767317923826,70.8809271880699,1,B
3,2,18,6,6,56.7888294703438,6,20.098603683792973,33.21544647486381,0,F
4,3,18,14,19,66.69227906137789,12,29.336534882672236,65.6828928204465,1,B
2,1,23,7,10,64.8212225166173,4,18.102652814577162,46.64445664445329,0,F
1,0,3,14,18,95.42618191262503,2,16.92827273907813,84.68598682549873,1,A
4,1,0,16,6,100.0,8,32.5,78.14499699565765,1,B
1,3,1,7,7,98.38995515690134,4,23.29874439461267,59.595506111195874,0,C
1,0,12,6,5,73.0229770015428,3,18.12787212519285,56.37874106324987,0,C
1,3,29,16,7,50.0,3,17.25,47.38753068167191,0,F
3,1,25,6,19,50.0,9,21.25,55.00889681010724,0,C
3,2,28,10,11,56.811247799689816,6,25.101405974961228,48.28525715125061,0,F
2,2,12,11,9,78.4511166870623,10,20.806389585882787,54.415066811814256,0,C
2,1,29,8,8,50.0,10,17.25,46.47123708877313,0,F
4,1,1,5,19,98.22311948964764,8,28.277889936205955,83.77116512671165,1,A
2,1,29,10,19,50.969184695119814,8,19.371148086889978,55.86232142914815,0,C
1,0,18,11,17,61.87751162015824,4,13.734688952519779,67.87121316278117,1,B
1,3,21,8,16,54.583869737209994,3,14.82298371715125,47.97031464022112,0,F
3,3,23,10,12,62.08529371888501,15,22.760661714860625,44.784905985822654,0,F
1,3,15,13,12,66.38281023077863,4,15.297851278847329,52.422871500488895,0,C
4,1,11,8,5,80.74949976115508,20,28.093687470144385,63.341379902143856,1,C
1,3,0,16,13,100.0,5,19.5,60.51880385820269,0,C
1,1,8,19,18,81.36953328925102,4,15.171191661156378,77.96552535436363,1,B
4,0,16,18,13,61.58134535566093,8,24.697668169457614,66.42292535136966,1,B
2,2,9,14,6,79.07719317878419,6,22.88464914734802,54.506106891113376,0,C
2,1,17,8,6,71.9880320540342,6,16.998504006754274,48.728175024256906,0,F
4,1,18,14,12,55.01318256826264,16,23.87664782103283,60.381341272576975,0,C
3,2,6,16,16,86.96706751130579,6,26.870883438913225,79.76868399076288,1,B
1,2,24,9,15,51.7439530830231,4,16.467994135377886,52.68097613764954,0,C
4,0,18,7,10,55.81285466043816,16,25.976606832554772,56.922296901469075,0,C
1,3,23,14,7,50.0,5,15.25,43.93061869466609,0,F
3,1,14,6,16,69.31559744519768,15,23.66444968064971,66.78565189701577,1,B
1,3,8,19,6,81.29282201214293,3,16.16160275151787,56.344908605249415,0,C
4,1,9,13,9,83.03080075049867,20,28.378850093812332,79.05427897867273,1,B
1,0,22,17,19,51.9423542003153,5,18.49279427503941,71.3388465785875,1,B
2,2,19,5,12,67.8789796441344,4,18.4848724555168,48.052319254534936,0,F
3,0,19,9,10,52.727987929925064,12,18.590998491240633,49.476534496493535,0,F
3,2,3,9,16,93.73305489971979,12,24.716631862464972,73.96678362734168,1,B
3,3,5,12,7,88.42881376282347,6,23.053601720352933,57.62853071113042,0,C
4,3,3,10,16,94.2779803584069,20,27.78474754480086,76.00600485963456,1,B
3,0,4,10,16,90.96564472289927,15,23.37070559036241,81.58637841708186,1,A
2,2,8,10,13,84.90092080424512,8,21.61261510053064,60.13068902070654,0,C
4,0,11,8,12,77.00994404343359,12,28.6262430054292,70.9894718755082,1,B
2,2,22,19,14,50.0,8,17.25,61.109844189395446,0,C
1,2,7,5,10,88.68468260692633,3,17.085585325865793,52.45300937636754,0,C
1,3,20,7,5,62.864282972607036,5,12.85803537157588,28.878050151223164,0,F
1,3,4,17,6,91.82025220409561,3,22.47753152551195,58.60004758103649,0,C
1,2,28,17,8,50.0,3,18.25,54.77263268549633,0,C
2,2,10,19,6,81.9083276524434,6,19.238540956555426,58.6811429906341,0,C
4,2,22,14,7,60.803390029180335,12,21.60042375364754,46.02360404187121,0,F
4,3,10,16,18,82.72208178190638,12,29.340260222738298,82.13804354533816,1,A
3,3,12,15,12,71.81314524933244,12,21.976643156166553,57.51465016969702,0,C
2,1,13,10,13,68.4920413177923,4,17.56150516472404,52.68313877440283,0,C
1,2,27,9,10,50.0,5,11.25,32.44317498710169,0,F
2,1,7,14,8,89.29000341064446,8,24.161250426330557,73.05768423803005,1,B
3,2,24,5,15,50.0,6,18.25,43.79171909399176,0,F
3,3,29,9,6,50.0,12,20.25,36.60823653386897,0,F
2,1,17,6,11,61.61212850597869,4,18.701516063247336,44.48274017091143,0,F
2,1,18,5,14,65.12790927406907,8,17.140988659258632,47.894603894637456,0,F
2,0,11,8,15,83.04589893622628,10,19.380737367028285,75.84648238620551,1,B
4,2,11,10,11,76.00080515535522,20,27.500100644419405,56.781119084033165,0,C
1,3,17,11,14,66.94981562701165,3,18.368726953376456,49.30435886764346,0,F
2,0,9,13,13,78.63360854009278,4,23.829201067511598,68.76012241131376,1,B
2,0,6,9,9,86.57117237907144,8,21.82139654738393,77.16421742224973,1,B
2,2,27,12,14,50.0,6,16.25,53.23672076822819,0,C
3,0,17,12,8,62.190606683675085,12,19.773825835459384,73.44226556220707,1,B
3,2,11,15,14,78.05270540605517,15,24.756588175756896,73.24474852526104,1,B
4,0,13,13,10,77.90722862062592,20,29.73840357757824,77.14947045672456,1,B
1,2,14,7,16,73.1215915278369,2,19.140198940979612,59.06272120571096,0,C
4,3,15,7,6,74.16156408237032,16,30.27019551029629,38.28207569097624,0,F
1,2,1,13,6,98.49502348006162,4,18.3118779350077,55.096754708508215,0,C
3,2,29,11,16,50.0,9,20.25,54.948568400784225,0,C
3,1,29,19,13,50.423881548660745,15,17.302985193582593,60.862634217064766,0,C
3,3,17,8,11,74.42627255232267,9,27.303284069040334,50.34841790498807,0,C
4,3,11,19,11,74.87682095089761,12,28.3596026188622,56.10554997264178,0,C
2,3,15,5,17,76.34522592743721,4,17.54315324092965,48.896411957252965,0,F
2,0,12,11,9,76.61129111273341,6,20.576411389091675,63.679043802258356,1,C
3,1,19,14,11,63.56021966175577,6,25.94502745771947,65.30792202583207,1,B
2,3,16,10,13,73.09747012311131,10,19.13718376538891,53.92061930693745,0,C
2,0,17,7,14,58.06323538886453,6,22.257904423608068,50.943099918556,0,C
4,0,2,18,9,95.79253279014628,12,30.974066598768285,83.8657332788961,1,A
1,0,22,9,13,50.0,3,15.25,58.47551199590042,0,C
3,1,9,7,5,82.03473498488545,9,22.254341873110683,53.01273229785309,0,C
3,0,0,12,17,100.0,15,30.5,96.20308897336416,1,A
4,1,5,9,19,87.65110395844121,8,25.95638799480515,73.78062194129726,1,B
4,2,2,14,16,96.3031891723938,20,32.03789864654922,84.58690321912826,1,A
2,0,18,14,7,63.92325065122098,4,16.990406331402625,59.48986612904737,0,C
3,3,3,10,11,93.95638930392398,6,26.744548662990496,60.55530944503671,0,C
1,0,28,6,8,50.0,3,15.25,37.25663257179777,0,F
4,2,19,12,19,67.07111621854796,12,25.383889527318495,58.02663804299121,0,C
1,2,22,13,6,52.14323481108427,3,15.517904351385534,41.818335847607045,0,F
1,0,2,7,16,96.72354064308861,2,18.090442580386075,77.20092837423353,1,B
3,2,7,17,18,83.01048527562027,12,28.376310659452535,76.254543134561,1,B
3,1,7,19,7,85.36732656698811,12,26.670915820873514,70.16674835468838,1,B
4,1,26,10,11,50.0,16,26.25,59.503835457721294,0,C
3,0,28,10,12,50.0,15,18.25,62.27524969347328,1,C
3,1,6,6,15,87.65734052737511,6,25.95716756592189,71.62398456632805,1,B
3,1,1,14,13,97.8179927287618,12,27.227249091095224,89.90910370864972,1,A
1,3,20,12,10,56.02558719942179,2,18.003198399927726,35.500154956164366,0,F
4,0,5,9,14,90.1975958824562,8,28.274699485307025,78.81796738587278,1,B
2,2,27,15,13,50.0,10,14.25,44.9312878486947,0,F
1,0,15,15,8,74.70717671532786,3,18.338397089415984,64.62067024998802,1,C
3,1,9,12,16,83.04476895548912,9,21.38059611943614,72.29668413363936,1,B
1,3,3,18,9,92.52772917836333,5,18.565966147295416,62.17938196974244,1,C
3,0,12,17,5,78.76166107457817,15,26.84520763432227,72.56367004820633,1,B
3,0,9,18,18,79.63803182191506,6,20.954753977739383,96.00576852593042,1,A
1,1,20,12,13,68.81305059886722,4,20.601631324858403,63.035294864236164,1,C
4,1,13,19,13,74.42290563370044,8,27.302863204212557,79.73282684212101,1,B
3,0,8,16,13,87.53271894466283,6,22.941589868082854,81.971099113733,1,A
4,1,10,7,7,80.24200066192101,16,25.030250082740125,51.02920317659874,0,C
2,1,22,9,17,66.3938458621937,6,23.299230732774213,59.62203634675882,0,C
3,1,17,11,19,64.07398888477361,6,23.0092486105967,63.47704509029734,1,C
4,1,10,9,14,79.1349090002112,12,26.8918636250264,67.90345868528144,1,B
4,1,16,10,14,63.234508437914315,12,26.90431355473929,64.51682394152293,1,C
2,3,1,6,14,97.91671379779865,6,24.23958922472483,65.79070122099147,1,B
4,1,2,12,12,95.14800167529785,8,29.89350020941223,78.00329297955186,1,B
4,2,10,9,7,77.16895385925645,16,28.646119232407056,61.07183640414769,0,C
2,0,17,10,17,72.24483915452109,8,20.030604894315136,68.62786020194686,1,B
3,3,26,5,10,54.09769710404164,9,20.762212138005204,37.612905572220924,0,F
4,3,2,14,9,96.94753880446241,12,28.1184423505578,69.51403521270352,1,B
4,1,25,6,12,52.84664996067981,16,22.60583124508498,54.695302334734606,0,C
4,0,14,15,7,71.8664924472277,20,24.983311555903462,67.05624308913448,1,B
1,2,10,8,18,75.54053751217934,5,17.44256718902242,70.16885394157997,1,B
2,1,10,15,5,79.7773256771818,6,17.972165709647726,57.668907263403,0,C
1,0,27,13,16,50.0,4,15.25,58.91073310712177,0,C
2,1,29,10,13,50.0,10,20.25,55.89035795291021,0,C
3,1,27,12,14,55.36472219401154,12,24.920590274251442,51.75851007588827,0,C
3,1,24,6,13,50.0,6,19.25,41.47006492469397,0,F
4,1,19,14,7,66.79892223788276,12,29.349865279735347,60.64759936822193,0,C
2,1,27,19,6,50.0,10,21.25,45.48472772415919,0,F
3,1,24,9,8,59.92360298339288,9,24.49045037292411,46.54962406799228,0,F
2,1,10,16,18,76.48413458984894,4,17.560516823731117,75.67013896205573,1,B
3,2,18,16,12,59.08874355865989,12,22.386092944832487,54.17854351440988,0,C
1,3,27,17,10,50.0,3,18.25,53.022943422901236,0,C
3,2,0,5,14,100.0,15,28.5,73.60952492228714,1,B
1,1,26,8,19,52.401536935056,2,16.550192116882002,56.93910324769362,0,C
3,1,4,14,19,93.33586341733844,15,27.666982927167304,88.24433146836677,1,A
4,2,9,5,5,85.0866339240599,16,30.635829240507487,56.957695586289574,0,C
1,2,9,15,19,84.06676977565866,5,15.508346221957332,74.21237757485157,1,B
3,3,13,15,12,74.69904728165932,15,25.337380910207415,56.274117470795005,0,C
4,2,1,13,9,97.62397713491877,20,27.20299714186485,75.36642904816213,1,B
1,3,3,6,17,95.2313930435268,2,17.90392413044085,57.67857464315831,0,C
4,1,1,11,10,97.58475795556525,20,31.198094744445655,80.29102837232843,1,A
2,0,17,7,9,58.76658992421853,10,21.345823740527315,55.12147815620147,0,C
2,0,12,18,14,73.27316331196849,4,21.15914541399606,73.8130652019952,1,B
1,0,18,6,9,56.79489495473297,2,12.099361869341621,57.72666608717975,0,C
3,0,4,17,7,90.92005347928816,6,22.36500668491102,83.69191602403973,1,A
1,1,19,8,18,61.46228166204068,4,17.682785207755085,58.52836028046545,0,C
4,0,1,11,8,97.89924977377406,8,29.237406221721756,79.33699813015244,1,B
3,2,10,11,9,78.71775523522417,12,26.83971940440302,61.15668895015979,0,C
2,2,29,13,15,52.820094851489785,4,16.602511856436223,48.98161178916893,0,F
3,0,29,16,15,50.901430011992204,6,23.362678751499026,68.77403273328306,1,B
2,2,25,17,6,50.0,6,18.25,44.549685231122815,0,F
3,3,17,7,10,72.541118682894,9,20.06763983536175,38.95696500801773,0,F
3,1,29,11,6,50.0,9,19.25,42.28022903297566,0,F
3,0,5,10,8,89.96436360742788,9,27.245545450928486,69.26130808636016,1,B
4,0,22,14,16,58.63810481411269,8,28.329763101764087,60.341599819684326,0,C
4,1,27,11,5,55.2464189850279,8,24.905802373128488,53.52934798636589,0,C
1,2,9,11,8,82.75119492272333,4,15.343899365340416,53.2128061950445,0,C
1,1,21,14,18,62.149050073156474,2,17.76863125914456,63.448764912041014,1,C
2,1,22,9,11,65.06560223355524,8,17.133200279194405,66.1942124993179,1,B
4,2,16,13,19,60.527915276191656,20,21.565989409523958,61.147754087739656,0,C
2,1,21,11,18,62.93545998297212,10,16.866932497871517,64.28748682973745,1,C
1,2,10,11,12,78.09529757866476,2,19.761912197333096,50.24643315374039,0,C
2,2,18,16,6,71.35619496719639,10,17.91952437089955,52.86746347377823,0,C
1,1,16,18,7,61.38929585077164,2,15.673661981346456,54.04391439978883,0,C
4,3,23,7,5,51.91271661410673,16,27.48908957676334,39.29452134458012,0,F
3,2,3,5,19,93.52938399887016,9,29.69117299985877,66.59165816868382,1,B
4,1,25,18,11,50.0,20,25.25,67.31558686314813,1,B
2,2,23,18,8,51.563947440703075,4,19.445493430087886,62.75779598421684,1,C
2,3,25,9,15,60.72731353966861,6,18.590914192458577,55.715964136738336,0,C
4,3,13,12,14,74.91542849278201,16,30.36442856159775,47.07926035662415,0,F
4,0,26,9,12,54.187217573390235,8,22.77340219667378,59.156700017225106,0,C
1,2,19,14,9,62.252376607057506,5,16.781547075882187,58.80706985230837,0,C
2,2,3,7,13,94.28702451495478,8,26.78587806436935,61.63587077356719,1,C
2,1,27,13,10,50.0,4,16.25,49.130581819720966,0,F
4,2,13,6,15,77.28838182127298,20,29.661047727659124,61.425548900558994,0,C
3,0,25,19,14,57.46747351805129,12,21.18343418975641,77.77354308260482,1,B
2,3,3,7,6,92.62574111364827,8,21.578217639206034,48.761142532268025,0,F
3,3,5,16,5,87.7524169305541,9,28.96905211631926,68.9616832325417,1,B
4,0,29,8,5,50.0,12,24.25,53.216931431702115,0,C
4,2,8,14,16,83.4529553636293,12,28.431619420453664,65.60679371480927,1,B
1,2,20,5,16,67.73712078822003,2,13.467140098527503,42.0543550681844,0,F
2,0,11,15,18,73.81815485189082,8,24.227269356486353,81.22581332129471,1,A
3,1,28,8,18,53.93678044078606,9,19.74209755509826,56.0191613723008,0,C
1,3,25,8,13,58.610141849271095,5,15.326267731158886,41.27975907160678,0,F
2,0,29,13,5,50.89147054290345,4,14.361433817862931,46.14151255983934,0,F
1,0,7,12,7,84.92606815224835,3,17.615758519031044,61.63341761191161,1,C
4,2,23,6,16,63.03442177577158,8,26.87930272197145,52.94768751611253,0,C
2,3,3,17,6,93.1651551129647,8,23.645644389120587,65.49206772573058,1,B
1,2,26,11,19,59.48545850509059,5,15.435682313136324,62.558713590978755,1,C
1,0,25,10,19,59.738835983204496,4,19.467354497900562,72.68921249793786,1,B
3,1,24,11,19,53.57230860000331,15,24.696538575000414,64.43592242603131,1,C
1,3,24,15,16,54.899883953202384,4,16.8624854941503,52.9472703349346,0,C
2,0,4,8,8,90.04116692641027,4,21.255145865801282,58.55509641685667,0,C
2,0,5,18,5,87.66568021640649,8,25.95821002705081,79.41455088368153,1,B
3,1,4,18,19,93.2412727705775,15,29.655159096322187,95.0,1,A
2,0,18,9,5,55.96002018858767,4,21.995002523573458,51.42456486332416,0,C
4,0,26,10,8,50.0,8,24.25,51.22462632550424,0,C
2,3,7,13,17,86.63809784126737,10,22.829762230158423,63.6504362422378,1,C
2,3,8,6,17,82.08295254271246,10,23.260369067839058,53.534558650233805,0,C
1,3,14,15,18,66.39802648010834,2,15.299753310013543,57.18208264961088,0,C
1,2,3,13,8,94.95957533860307,5,18.869946917325386,67.27320057884653,1,B
2,1,24,14,11,59.296377726936136,8,22.412047215867016,48.32944214670687,0,F
3,3,8,5,12,84.73023390217872,12,24.59127923777234,47.022909811414884,0,F
1,2,6,8,17,89.98472937198957,4,16.248091171498697,71.0515257060521,1,B
3,2,7,16,12,86.97721760005929,6,25.872152200007413,79.15964419596034,1,B
2,1,14,9,12,69.9603186211248,8,16.7450398276406,57.530749112542665,0,C
2,1,18,13,18,58.36927374399061,4,15.296159217998827,65.87773234014801,1,B
4,0,14,19,18,74.77291087240441,20,30.34661385905055,89.52200355319218,1,A
1,2,4,10,16,92.87307726478065,4,20.60913465809758,70.23115526664179,1,B
2,3,18,8,18,58.9646266409948,4,17.37057833012435,42.053796119320495,0,F
4,1,6,6,13,88.71384264398495,12,29.08923033049812,71.37546784033601,1,B
1,2,5,9,5,88.40762316065579,4,21.050952895081974,50.12470288965321,0,C
2,3,26,12,13,50.0,8,14.25,44.030235710590446,0,F
2,2,18,12,14,55.36596383229309,4,21.920745479036636,55.279854489212454,0,C
1,1,24,10,12,50.0,2,18.25,51.23174692815924,0,C
1,0,27,15,5,50.0,5,14.25,47.10623823408411,0,F
1,2,16,5,11,74.95216224837179,2,18.369020281046474,49.80866779110921,0,F
2,3,9,19,13,79.85763430554645,10,23.98220428819331,64.72094516824599,1,C
2,1,18,12,8,55.39658966104161,6,17.924573707630202,53.39508396095,0,C
4,0,10,8,17,84.32015536784371,20,26.540019420980464,84.65220176473225,1,A
3,3,14,19,19,78.91365205131103,12,27.86420650641388,79.1547956159491,1,B
1,3,9,18,17,79.01401423076454,2,21.876751778845566,75.1449104886396,1,B
2,3,10,6,13,83.97741037961762,6,20.497176297452203,55.6127019151684,0,C
2,2,22,5,5,65.20429443019725,6,21.150536803774656,46.39385711631291,0,F
1,1,2,11,13,95.17932786355364,2,19.897415982944203,76.4462047581811,1,B
3,3,29,6,10,54.192736461515445,12,23.77409205768943,34.10542254825363,0,F
1,2,2,17,8,96.77196469044915,2,20.096495586306144,71.00633633085796,1,B
3,1,17,8,16,64.81724752041521,6,23.1021559400519,65.22303451607006,1,B
2,1,24,8,16,50.0,4,16.25,56.597739552029445,0,C
3,2,10,17,9,81.00427741285773,15,24.125534676607217,66.05697097051787,1,B
4,2,19,14,19,63.50880594688258,12,22.938600743360322,64.25981094436213,1,C
2,3,25,19,11,50.0,6,18.25,51.87225673749039,0,C
4,1,28,5,14,50.0,16,27.25,47.12272581941632,0,F
1,0,21,6,17,68.10880585166794,3,17.513600731458492,62.593646652167095,1,C
1,2,17,5,8,72.5690858333726,2,15.071135729171575,44.223330255213384,0,F
1,1,24,10,12,50.04159962739034,3,17.25519995342379,47.87177508586956,0,F
3,1,14,17,7,67.88872486422989,12,26.486090608028736,68.14935660050541,1,B
2,3,6,7,6,86.42138112742026,10,20.802672640927533,52.7274194785368,0,C
1,0,9,5,5,79.83949096635719,5,17.979936370794647,56.05704648466322,0,C
1,3,20,16,18,54.57454767583732,2,14.821818459479665,48.1665265919432,0,F
2,0,22,12,17,66.02224352086048,4,18.25278044010756,76.86130298830768,1,B
1,0,29,18,10,50.0,3,17.25,56.61381175308204,0,C
4,2,19,16,6,54.60362100097818,12,27.825452625122274,47.70903118587477,0,F
2,1,28,18,12,50.0,8,15.25,54.827662270332205,0,C
2,1,9,8,19,84.2626510095811,4,19.532831376197638,64.15800620381216,1,C
2,1,12,14,15,74.8938583266228,8,24.361732290827852,76.3358479207572,1,B
4,0,14,11,14,71.18959703074599,20,28.898699628843247,83.71653561159363,1,A
2,1,22,14,17,62.09494143081537,6,16.76186767885192,59.16125124753137,0,C
4,2,17,6,8,64.24678695821262,8,29.030848369776578,35.650909749154025,0,F
2,0,22,19,13,50.0,6,18.25,66.62169741895075,1,B
3,0,3,10,8,93.08167940576423,6,29.63520992572053,74.55274982942466,1,B
1,0,19,10,8,70.36574137668163,5,19.795717672085203,49.115106430685856,0,F
3,0,16,11,17,72.84538701100057,12,23.105673376375073,69.99856407907137,1,B
1,2,27,16,16,50.0,2,11.25,60.0142531797015,0,C
4,1,2,5,12,95.2803361091714,12,29.910042013646425,72.75567434042976,1,B
3,2,20,18,16,59.57565835101569,6,25.446957293876963,70.53964707877856,1,B
2,1,20,16,17,55.84948663330039,8,18.98118582916255,60.378383045095745,0,C
1,2,1,5,12,98.4789279893431,5,20.309865998667888,62.40238874808958,1,C
1,3,3,19,9,93.6747375643438,3,18.709342195542973,66.36947849104524,1,B
3,3,0,6,7,100.0,15,29.5,63.72477761271513,1,C
4,3,14,18,16,69.74579550154166,20,28.718224437692708,65.81561783807909,1,B
3,3,24,15,6,50.0,12,22.25,38.33899036186709,0,F
4,0,0,6,19,100.0,8,29.5,87.27080821006072,1,A
4,0,5,9,13,88.28310631112036,8,27.035388288890047,79.10598420950508,1,B
1,2,6,5,18,90.25502555045712,2,19.281878193807138,61.79300401210152,1,C
3,2,18,15,13,70.7767612680373,6,23.847095158504665,63.469837678451626,1,C
3,3,11,6,9,82.17802737884625,9,27.27225342235578,54.29985696725393,0,C
4,1,0,10,18,100.0,20,31.5,88.94419589141286,1,A
3,3,6,7,17,89.01841863497731,6,28.127302329372164,60.12759185134826,0,C
2,2,18,8,19,60.054654632661354,10,16.50683182908267,57.54890680695101,0,C
2,3,12,5,12,71.16853702839524,6,20.896067128549404,47.72902512869773,0,F
3,2,25,9,11,50.0,9,24.25,44.48594709056408,0,F
3,3,11,8,7,81.15468388291563,9,25.144335485364454,51.418940214810604,0,C
4,1,11,12,16,73.26035445717974,20,23.157544307147468,77.73515705108558,1,B
2,3,21,7,9,57.414995899102365,4,19.176874487387796,37.7879315981115,0,F
2,1,12,14,19,73.36065336237094,10,21.17008167029637,79.44321161943658,1,B
1,1,27,5,17,50.0,2,15.25,46.80492728860599,0,F
4,2,13,18,13,67.63218488271426,16,29.454023110339282,65.94812123725322,1,B
1,1,21,17,8,57.87265706886485,2,17.234082133608105,62.30154926842535,1,C
2,0,29,14,7,50.0,4,14.25,40.7737184644391,0,F
4,0,11,9,11,77.26446228149933,8,25.658057785187417,69.40323996270408,1,B
3,0,19,18,12,62.257375026079686,9,23.78217187825996,69.8635126516801,1,B
4,2,11,19,9,77.58516228796081,16,28.698145285995103,73.07960069274532,1,B
3,0,26,5,17,50.0,6,23.25,49.30461568933673,0,F
3,2,5,15,12,90.3948594060266,12,28.299357425753325,75.23201272381309,1,B
4,2,26,9,9,50.0,20,26.25,48.66160854520865,0,F
3,0,9,13,13,84.25291765647107,15,27.531614707058885,82.12361512035024,1,A
1,1,19,9,11,59.78875214968599,3,18.47359401871075,46.607465882122796,0,F
2,3,28,6,9,50.0,10,14.25,29.074156894769587,0,F
3,2,23,17,17,50.0,12,18.25,63.53249764740468,1,C
1,0,8,19,13,85.34498280849931,4,17.668122851062414,81.77011721964773,1,A
3,2,1,6,9,97.63940089648393,12,29.204925112060494,53.4389758793816,0,C
2,1,6,14,12,85.32825297204482,8,25.666031621505603,70.68559786311542,1,B
1,1,8,13,16,82.81056493806625,4,20.35132061725828,79.00554080449326,1,B
2,0,24,16,8,50.0,6,19.25,56.11254804800093,0,C
2,2,11,18,13,79.0372234419924,4,17.87965293024905,61.517068619650885,0,C
1,3,4,9,16,90.19145832086123,5,17.273932290107652,60.16819295335962,0,C
1,3,0,15,10,100.0,4,23.5,67.338242811551,1,B
1,2,21,12,10,61.98670701902688,5,19.74833837737836,46.419961097848024,0,F
4,2,14,14,18,73.34034113872369,12,24.16754264234046,76.83534253730518,1,B
1,2,7,8,7,85.17571140107897,3,18.64696392513487,51.185778384085694,0,C
1,0,0,6,17,100.0,2,23.5,78.37987947490456,1,B
1,1,17,8,7,61.68345512621504,3,15.71043189077688,44.971084283762636,0,F
1,3,12,16,8,79.30370180476429,2,19.912962725595534,45.92491637327193,0,F
3,0,28,15,5,50.0,12,22.25,56.6057018751669,0,C
4,2,0,8,10,100.0,12,30.5,65.23938804351164,1,B
2,2,4,15,5,90.56100841735385,10,21.32012605216923,51.51929433611036,0,C
1,1,17,13,15,62.02369293158814,3,12.752961616448516,52.731956061181236,0,C
3,2,15,14,8,65.51762362671573,9,23.189702953339467,53.491055830797755,0,C
3,0,25,15,19,50.0,12,19.25,76.32837420048001,1,B
3,0,9,10,17,81.12005594900135,6,26.14000699362517,80.15675724270842,1,A
2,1,29,19,11,50.0,4,17.25,60.46993165114192,0,C
1,0,3,14,16,94.80438330692448,3,16.85054791336556,84.68543033007272,1,A
4,3,0,19,10,100.0,20,27.5,79.75180307635358,1,B
4,0,22,10,12,62.122891691257436,12,22.76536146140718,63.491819246535464,1,C
3,0,7,9,8,82.95759546880055,15,25.36969943360007,65.19410568793685,1,B
2,0,4,10,13,92.68010665016932,8,23.585013331271163,74.39539206940653,1,B
2,3,1,5,14,98.32816200182438,8,20.291020250228048,60.62856232501446,0,C
2,2,23,17,12,62.092118517028354,4,16.761514814628544,53.560124415776265,0,C
4,0,16,9,18,73.00364452899468,20,29.125455566124337,69.22565009502428,1,B
3,1,6,16,19,88.31475814862101,9,28.039344768577628,88.47719924252826,1,A
1,3,16,10,9,67.64560974271906,3,17.45570121783988,45.67764513690516,0,F
4,1,27,12,18,50.0,12,27.25,53.394870511490375,0,C
3,0,5,8,10,90.59492598536153,9,23.32436574817019,65.29980100163391,1,B
3,1,28,18,9,51.91049535396249,12,20.48881191924531,60.02566887551065,0,C
1,0,21,9,19,52.87975665137298,5,15.609969581421623,56.14967332987019,0,C
1,3,14,8,10,77.11483828899952,4,19.63935478612494,47.78792359826359,0,F
1,1,4,11,5,90.43086651193924,5,22.303858313992407,66.84000547781609,1,B
2,1,14,14,8,73.26840510707675,4,19.158550638384593,57.94253102708107,0,C
1,0,17,10,13,64.06469477786534,5,20.008086847233166,65.66862462513201,1,B
3,0,17,18,8,71.33486617551912,9,23.91685827193989,68.73794444935217,1,B
1,2,24,8,6,60.507300422083915,4,15.56341255276049,37.67355516959589,0,F
3,0,20,10,10,54.02321250490289,9,17.75290156311286,57.055899707182085,0,C
4,0,20,17,6,61.405954161708806,20,27.6757442702136,70.55365480379666,1,B
2,2,22,8,7,50.0,10,15.25,30.96373797437792,0,F
4,0,5,16,11,89.87851027773775,8,31.23481378471722,75.72938435440324,1,B
4,0,1,12,8,97.65434708924231,20,33.20679338615529,74.74645959337613,1,B
3,2,26,15,5,50.0,15,22.25,54.0785315455403,0,C
4,3,16,19,13,71.50159741586398,12,22.937699676982998,61.82097075856731,1,C
3,3,20,19,10,53.982365756892676,15,23.747795719611585,49.64197044449689,0,F
1,0,3,7,13,95.43398151002606,5,20.929247688753257,75.86775394262808,1,B
1,0,11,12,7,76.02270470132868,4,16.502838087666085,54.46898201486279,0,C
3,2,18,17,9,59.58638035987871,12,18.44829754498484,53.74426434451813,0,C
1,2,1,6,13,98.0226362875645,2,23.252829535945562,63.96892102970918,1,C
2,3,25,10,10,58.44736974706245,4,17.305921218382807,35.57524136929354,0,F
4,1,1,12,6,97.88327945192155,12,30.235409931490196,66.3368411147467,1,B
2,0,13,5,19,68.83212742733775,6,22.60401592841722,64.68866385977653,1,C
4,1,14,10,5,65.96153120590424,16,24.24519140073803,50.989155237101464,0,C
1,1,19,13,13,57.32405458202754,4,14.165506822753443,53.61413608089745,0,C
2,2,1,19,5,98.2362867415744,8,23.279535842696802,64.22401805083467,1,C
1,0,3,17,18,92.88901922182023,2,22.61112740272753,82.04553059275858,1,A
4,0,18,14,19,57.00118479936948,8,21.125148099921184,77.75360426385713,1,B
3,2,8,14,9,85.06206235403823,15,25.63275779425478,60.22878681299089,0,C
3,1,6,6,5,89.90210958073791,6,25.23776369759224,56.44802370147391,0,C
2,2,29,15,9,50.0,10,16.25,46.827564187952525,0,F
1,3,12,17,9,71.37883221696623,3,16.92235402712078,50.79542226729433,0,C
1,0,26,5,11,58.376441801668435,2,15.297055225208554,49.05048039449869,0,F
2,3,11,6,11,72.86317278555263,6,19.10789659819408,43.2181555600983,0,F
3,2,2,9,15,95.9338388938424,15,26.9917298617303,71.37270775345776,1,B
4,0,12,10,14,70.07523766068476,12,28.759404707585595,75.40313746589992,1,B
2,3,14,5,5,72.76988449696645,6,24.096235562120807,33.02507610382497,0,F
4,3,13,11,13,73.56731658832588,8,24.195914573540733,51.61847438102892,0,C
3,1,23,15,5,59.38009486466135,15,21.422511858082668,59.70423043417183,0,C
1,0,8,8,9,80.80842043587705,5,15.101052554484632,59.94994589210417,0,C
3,3,12,13,11,76.67545459512907,12,22.58443182439113,55.11173587799483,0,C
2,3,22,19,16,50.0,4,15.25,50.046693373813056,0,C
1,1,21,19,12,66.82558022300327,2,20.35319752787541,72.14172379717658,1,B
2,3,3,19,6,93.13526011451556,10,22.641907514314447,70.32667800536208,1,B
2,3,20,10,18,60.195137154970496,4,22.524392144371312,45.32077296357518,0,F
3,3,7,13,5,89.46214484186825,9,24.18276810523353,63.11218536680073,1,C
2,1,2,5,8,96.54747412200241,8,22.068434265250303,52.31229240103448,0,C
3,3,1,8,16,98.30626978855689,15,26.288283723569613,61.11689055681231,0,C
1,3,18,6,19,59.46823753643008,2,18.43352969205376,38.243515955020904,0,F
3,0,27,10,8,50.0,6,22.25,44.975199144991095,0,F
1,0,22,19,14,63.486195272883855,3,17.935774409110483,70.32074061208594,1,B
3,1,7,8,16,87.70237916068324,6,21.962797395085403,65.3229642900421,1,B
4,2,16,13,10,67.93477111510585,8,24.49184638938823,49.90811371000332,0,F
4,0,12,18,5,81.7643416321639,12,26.220542704020488,76.59990159993633,1,B
2,1,6,7,18,88.45524647140375,4,22.05690580892547,69.7319033024643,1,B
3,3,8,5,5,82.57550877077009,12,22.32193859634626,47.90989165946028,0,F
3,3,11,15,7,77.80469956185533,9,22.725587445231916,58.98180242752109,0,C
1,1,28,17,9,50.0,5,17.25,53.94051677787406,0,C
2,3,13,15,16,76.25396447884856,8,19.53174555985607,66.48711254712642,1,B
3,3,13,5,10,78.12001558774318,6,23.765001948467898,44.78005877647895,0,F
2,2,14,16,9,67.66362193502746,6,21.457952741878433,50.40960602803972,0,C
4,3,2,13,17,95.18873025712728,12,27.89859128214091,66.71201270470613,1,B
3,0,14,13,17,71.84963201475149,6,25.981204001843935,65.39833119558087,1,B
3,3,18,9,17,67.50925817353496,15,22.43865727169187,59.58612709510804,0,C
2,1,23,19,9,53.74228892108633,8,14.717786115135791,58.533222016161695,0,C
3,2,19,6,13,54.799275107889486,6,20.849909388486186,28.57586595595709,0,F
2,3,13,13,6,71.51171748412348,10,22.938964685515437,51.38508445450378,0,C
3,1,7,17,16,83.48968739596918,9,26.436210924496148,80.52728774420183,1,A
1,0,4,16,16,92.6864823076878,3,17.585810288460976,80.62773011213109,1,A
2,3,29,17,5,50.0,6,16.25,34.09210916851036,0,F
3,2,18,12,10,61.2451185127909,6,18.655639814098862,48.16646373675021,0,F
4,3,3,17,13,93.78515061804875,20,32.723143827256095,82.37480482843085,1,A
3,1,13,15,11,73.63307675200339,6,22.204134594000422,65.95750467333801,1,B
4,2,15,14,12,69.23533175290605,8,24.654416469113258,56.07167460287947,0,C
4,3,19,14,9,55.356249295192725,16,26.91953116189909,58.550615060767015,0,C
1,0,23,10,14,50.0,4,18.25,60.603589331041306,0,C
2,2,5,11,8,91.93569767807381,8,24.491962209759226,67.60707834034503,1,B
3,0,22,16,10,54.487025293012636,15,20.81087816162658,69.32207278242107,1,B
1,1,24,10,7,50.0,3,13.25,47.8171050583267,0,F
3,3,5,19,5,91.82630007420453,12,27.478287509275567,67.64980670198642,1,B
4,0,2,19,15,96.17428125340619,12,26.021785156675776,93.92515848172762,1,A
2,1,14,9,8,77.75287760108735,10,23.719109700135917,59.97261597355255,0,C
3,3,28,8,13,54.822660743727354,12,22.852832592965918,36.40797530302839,0,F
3,1,2,11,8,95.19177837488094,12,27.898972296860116,60.3565167571693,0,C
4,0,10,8,5,80.53820415169507,12,29.067275518961885,66.31026740088389,1,B
3,1,2,14,18,95.6225206919908,6,28.952815086498852,93.89952507345544,1,A
3,2,27,14,8,55.7493105724246,15,21.968663821553076,48.843997629329394,0,F
4,3,9,14,11,86.30247265846519,20,29.78780908230815,73.90781432380614,1,B
1,1,17,13,7,59.361772725069315,4,14.420221590633664,58.08849174643088,0,C
4,0,0,9,14,100.0,20,31.5,84.0754839143925,1,A
1,3,15,12,10,77.2001836664349,3,17.650022958304362,57.64496659852051,0,C
2,2,15,16,19,62.614907786080195,4,16.826863473260026,67.64235619360943,1,B
1,3,26,17,18,50.0,2,13.25,50.462193090070016,0,C
1,2,9,19,5,82.21711142651252,5,20.277138928314066,65.06390277684321,1,B
2,3,0,16,15,100.0,4,25.5,76.01525881483904,1,B
1,1,3,16,8,95.47628639741362,3,19.934535799676702,63.35568921678946,1,C
4,1,2,10,7,95.86172325258713,16,32.98271540657339,84.184807717107,1,A
1,0,4,8,18,91.48206438404137,4,18.43525804800517,73.21071044530336,1,B
2,2,11,16,5,80.2335107508662,10,22.029188843858275,60.91142530522559,0,C
4,0,24,7,7,50.0,20,24.25,59.98583453045572,0,C
2,1,11,15,19,79.34825002160235,10,17.918531252700294,77.27856193815404,1,B
2,2,12,10,8,73.38672238650233,8,21.17334029831279,48.671059896720884,0,F
3,0,23,5,9,62.19202089559217,15,24.774002611949022,55.87309160887889,0,C
3,0,11,6,10,73.4493240235488,6,26.1811655029436,58.56838002457621,0,C
2,0,24,11,6,50.0,8,21.25,55.956201903048765,0,C
2,0,15,19,6,75.24060285868345,6,20.40507535733543,66.30329448783074,1,B
2,0,12,8,10,70.73855275497374,10,20.842319094371717,58.82510164500962,0,C
3,2,4,9,9,91.7688789089309,12,25.471109863616363,62.9143642022984,1,C
3,0,23,19,5,50.0,15,19.25,53.32146980897558,0,C
1,2,3,15,7,92.97911862287042,4,16.622389827858804,61.703415546075064,1,C
1,0,20,14,15,68.32860105839993,4,18.54107513229999,67.99730172890708,1,B
2,1,14,5,9,76.63001899547366,8,22.57875237443421,48.299058960635456,0,F
4,1,11,6,19,80.30569986365443,12,29.0382124829568,68.21276881686764,1,B
4,0,18,8,17,64.41031933503376,16,29.05128991687922,73.55720036656936,1,B
3,3,20,12,16,63.078909874025186,6,18.88486373425315,42.71163893064835,0,F
3,1,27,14,16,50.0,15,22.25,67.16011629751316,1,B
3,2,18,8,6,69.65349350781275,15,23.706686688476594,46.07058470006332,0,F
2,0,20,18,5,56.35691720133671,10,21.044614650167087,62.02809729454181,1,C
4,2,10,7,13,84.44265118816269,16,29.555331398520337,69.03666853785296,1,B
1,3,29,7,19,50.0,5,16.25,38.602469366832,0,F
2,0,20,16,9,66.41933510657755,4,17.302416888322192,67.27198619607354,1,B
1,1,5,9,6,88.8503336406466,2,22.106291705080825,53.1658533321608,0,C
1,2,8,7,14,80.9307732893607,2,19.116346661170088,50.20562596097298,0,C
2,1,0,12,8,100.0,6,25.5,71.47656243320628,1,B
1,1,11,9,7,74.8645835854696,2,15.3580729481837,52.12480725632891,0,C
4,0,25,16,11,50.0,8,24.25,66.53985864052463,1,B
1,2,13,18,5,67.83838718401728,5,16.47979839800216,46.25281305583133,0,F
4,3,5,16,19,89.60306874527456,16,28.20038359315932,81.36261320299414,1,A
4,1,0,18,14,100.0,20,31.5,89.82257000256466,1,A
4,0,21,11,16,61.738554402786065,12,26.717319300348258,68.44264490541751,1,B
3,0,1,15,16,98.12102992070555,9,30.265128740088194,80.34249178885621,1,A
1,3,23,12,8,51.408649631464584,3,18.426081203933073,35.694864169364855,0,F
2,0,10,9,11,80.09769987860875,4,19.012212484826094,69.95896611416232,1,B
2,1,2,12,15,95.69272994718634,4,19.961591243398292,75.4159115797052,1,B
1,0,9,16,14,86.14617513823382,2,22.768271892279227,78.66819544252749,1,B
3,2,29,19,17,53.4294350389477,12,18.678679379868463,73.19734821333172,1,B
3,2,5,7,9,87.6173025028662,15,23.952162812858276,59.43115632905152,0,C
4,1,5,19,8,87.52307248906881,8,24.9403840611336,66.12617612729392,1,B
1,2,19,18,8,57.31348247435159,3,13.164185309293948,42.734227062172245,0,F
1,3,20,16,15,64.8720569963794,4,19.109007124547425,63.64459160396946,1,C
2,0,1,11,16,97.54661826559945,8,27.19332728319993,82.77643088624899,1,A
1,1,25,12,18,57.157430155207415,3,18.144678769400926,64.93535694964318,1,C
3,3,25,11,6,50.0,6,19.25,31.856766204306133,0,F
1,0,23,18,12,62.84905883108311,4,14.856132353885389,70.45980669858777,1,B
2,3,9,6,16,80.65985951296149,6,25.082482439120184,53.110649266617685,0,C
4,1,22,12,8,50.290669926165,8,26.286333740770626,48.400892332894124,0,F
2,1,25,10,6,50.0,8,21.25,45.88018994693885,0,F
2,3,5,14,13,88.82846930155995,8,24.103558662694994,59.27276333241352,0,C
4,0,22,7,18,50.0,20,26.25,65.02152720329504,1,B
2,2,27,8,18,50.0,10,18.25,51.111905885532735,0,C
2,2,16,11,17,65.16114228970676,8,21.145142786213345,51.95007094114567,0,C
1,3,29,7,16,50.0,4,18.25,53.20798720951953,0,C
1,1,13,5,14,80.36493715923893,4,16.045617144904867,57.90865501530242,0,C
4,0,4,10,17,90.97322817813064,20,31.371653522266328,81.44665802861215,1,A
1,0,22,7,11,50.0,2,14.25,55.23527026808523,0,C
1,1,16,15,19,73.21720836784436,5,20.152151045980546,68.06958369144546,1,B
2,2,1,19,7,98.4713592483347,6,25.308919906041837,70.63823312387069,1,B
3,0,8,14,19,86.68398523598829,12,25.835498154498538,88.72265435709062,1,A
1,3,11,10,11,73.65181777436783,3,19.20647722179598,45.97569268376324,0,F
3,2,18,14,5,67.68081299131606,9,24.460101623914507,54.21340080705383,0,C
1,3,21,16,16,63.592213588072894,3,18.949026698509112,59.2665920342545,0,C
1,2,6,7,5,90.9124610509407,5,16.364057631367587,48.41693024182359,0,F
4,1,8,10,8,85.62355882231947,20,30.702944852789933,76.14600036028718,1,B
4,3,20,15,8,55.68721845955528,8,26.96090230744441,43.82242919217513,0,F
4,3,15,8,8,63.11366067435671,12,27.88920758429459,43.47887598525205,0,F
3,1,19,17,13,65.55791658368497,9,22.19473957296062,65.76643479488779,1,B
2,3,10,8,10,82.59314679789307,10,20.324143349736634,50.1583849133425,0,C
1,2,11,14,7,73.73124077491103,3,14.216405096863879,52.84655819434,0,C
1,0,14,14,10,67.0649320883488,5,19.3831165110436,74.09340000825968,1,B
1,0,17,15,6,68.92127285755733,4,19.615159107194664,64.15771840712098,1,C
3,1,18,6,6,71.76150723237302,12,23.970188404046628,46.240478892386484,0,F
4,2,15,18,11,62.62015839299886,12,26.827519799124858,62.27222537234475,1,C
2,3,14,8,18,69.47013997553502,4,18.683767496941876,50.064902147542796,0,C
3,3,4,15,7,90.29367801166346,15,27.286709751457934,68.31896543585114,1,B
4,0,10,16,11,81.58125525680538,16,26.197656907100672,79.49459583131429,1,B
3,3,14,8,7,69.93240413283809,12,21.74155051660476,36.56002293590561,0,F
2,0,28,15,16,50.0,6,17.25,66.51723912300696,1,B
4,1,17,11,16,59.660607051838376,20,25.457575881479798,61.38575068145357,0,C
3,3,12,9,6,70.08330355460795,9,23.760412944325992,45.11416044092591,0,F
2,2,3,12,8,95.17400146442804,10,24.896750183053506,71.33582032975374,1,B
1,3,16,11,19,65.90213047311309,2,20.237766309139136,53.86287595630627,0,C
2,0,3,14,8,94.49068015491224,10,25.81133501936403,77.8386824026859,1,B
1,1,15,13,7,65.32512359409817,4,16.16564044926227,54.46020406038274,0,C
3,0,22,12,13,50.40874433557827,9,21.301093041947283,56.17129195545293,0,C
4,3,14,19,10,66.5047406608652,20,24.31309258260815,61.4177000646542,0,C
4,0,13,13,9,76.03186259535372,16,25.503982824419214,72.58022820552968,1,B
3,0,11,5,17,81.47016621426458,9,26.18377077678307,67.59148992908146,1,B
4,1,2,14,16,96.95639664569767,12,33.11954958071221,91.79379791730801,1,A
4,2,9,17,16,84.2004398465361,8,26.52505498081701,67.01334844224385,1,B
1,3,7,16,10,86.92979922171338,4,19.866224902714173,65.62863179307024,1,B
3,1,5,7,17,87.76966507026005,15,22.971208133782504,80.70630604828288,1,A
2,2,21,9,15,58.181174689207694,8,15.272646836150962,54.77737601690252,0,C
1,0,13,13,12,73.26628644658574,3,15.158285805823217,62.40198942373493,1,C
3,2,16,12,9,61.91793980723016,6,21.73974247590377,53.96626752225434,0,C
1,0,20,18,17,52.29860972471719,5,12.537326215589648,79.59105637956908,1,B
2,0,18,14,19,63.497515121862364,4,22.937189390232795,72.72595466615422,1,B
2,1,15,11,17,75.79444751900003,4,24.474305939875002,69.18046485399712,1,B
3,0,14,6,8,75.21277369446278,12,26.401596711807848,64.72426215429982,1,C
2,1,25,19,11,51.07779499984695,6,21.38472437498087,55.18014915427831,0,C
1,2,14,15,16,68.48362706750959,3,18.5604533834387,55.073819272824,0,C
2,2,0,10,18,100.0,10,21.5,79.5755559274126,1,B
1,0,23,8,9,50.7177105881054,2,17.339713823513176,47.781189171839074,0,F
1,1,22,9,8,50.0,2,16.25,36.88908488145688,0,F
2,0,22,18,18,50.0,4,17.25,71.45406666179018,1,B
3,1,11,9,9,72.69674335111607,12,21.08709291888951,56.588672660897615,0,C
4,1,9,17,15,78.4975733116016,12,23.8121966639502,79.43401225307797,1,B
2,1,13,8,8,77.95646643803543,4,21.744558304754428,57.0683795499229,0,C
1,2,9,8,12,85.98145091031644,2,21.747681363789553,59.62059398977682,0,C
1,1,9,19,12,82.76940150360109,3,18.346175187950138,74.6118866589927,1,B
2,2,19,8,5,59.767415432875694,10,16.47092692910946,31.155062203764672,0,F
3,1,28,15,18,50.0,12,19.25,56.52416623292344,0,C
3,2,10,6,16,82.32487238481642,12,23.290609048102052,71.93459468425354,1,B
1,3,21,5,7,50.44249974657792,4,14.30531246832224,33.84720095821524,0,F
1,2,15,16,15,72.5613030453186,3,16.070162880664824,62.94327327432816,1,C
3,2,28,6,8,50.0,12,17.25,39.21570181199608,0,F
4,0,8,11,6,84.22718878957423,8,30.52839859869678,59.704828188989,0,C
2,1,14,16,18,78.8545306754143,8,18.85681633442679,70.46551217844844,1,B
1,3,13,5,17,78.3934629544683,3,14.799182869308538,36.98037549994175,0,F
1,0,18,10,9,71.15825338021004,4,13.894781672526255,54.54988794466279,0,C
3,1,8,8,15,87.64779363359754,15,25.95597420419969,69.84531760971176,1,B
2,3,3,6,12,93.35794806756797,10,20.669743508445997,61.235605403596566,0,C
3,3,20,19,16,66.15368253879195,9,22.269210317348993,62.553467920463646,1,C
2,3,6,19,6,85.96828123356109,6,20.746035154195134,62.10601744848066,1,C
2,1,21,7,18,62.946154594896974,10,21.86826932436212,59.172553671507316,0,C
2,3,25,11,13,61.691822337728965,8,19.711477792216122,47.59438072248542,0,F
1,3,7,10,17,83.7552725921734,2,15.469409074021675,57.98894711802684,0,C
4,0,23,19,11,54.7786454377873,12,22.847330679723413,69.8363299719978,1,B
3,2,7,19,10,85.30346191811704,15,22.662932739764628,59.56092344239403,0,C
4,1,18,10,12,66.94790880445186,16,22.368488600556482,61.571973864315424,0,C
3,2,14,12,18,78.35543445382102,9,20.79442930672763,67.96209560189199,1,B
2,0,15,12,6,71.94734366253813,8,17.993417957817265,69.49601223167438,1,B
1,2,29,10,18,50.0,2,14.25,50.41251171962195,0,C
4,3,25,5,9,62.207834911584534,12,25.775979363948068,47.366962405275466,0,F
1,3,21,14,8,56.43990932371981,2,19.054988665464975,37.43245598336863,0,F
3,1,22,17,12,50.0,6,18.25,53.59703288403932,0,C
1,1,8,11,17,86.25727582063979,2,17.782159477579974,80.94378557359207,1,A
1,1,25,12,5,50.0,5,13.25,41.372496529407286,0,F
4,0,25,9,16,60.05978702941035,8,28.507473378676295,61.00229430572385,0,C
2,1,29,17,7,50.0,4,14.25,50.47673376964732,0,C
1,0,11,15,14,74.25643205867627,4,20.282054007334533,74.84246972379478,1,B
2,3,15,8,12,73.63360205652792,10,22.20420025706599,56.768611098788,0,C
3,2,3,11,9,92.6264697762746,15,26.578308722034325,63.19675792209806,1,C
1,3,4,16,8,92.33360509715288,5,19.54170063714411,65.92933597452623,1,B
4,3,7,16,10,88.51120738774084,20,28.063900923467607,77.6662394078063,1,B
3,3,0,15,16,100.0,6,30.5,81.6375375614165,1,A
3,1,27,17,9,50.0,12,24.25,65.92100686956171,1,B
4,1,5,10,7,88.00354225520353,8,30.00044278190044,64.8751351310023,1,C
1,1,14,16,17,75.09956043438856,2,16.38744505429857,75.5941165274771,1,B
1,2,3,10,15,93.76904020186487,5,19.72113002523311,65.22388322363199,1,B
3,1,20,18,18,67.69264680646367,15,25.46158085080796,90.39413119089394,1,A
1,0,10,7,9,80.3815519566291,3,17.047693994578637,65.70550917875678,1,B
2,3,4,15,8,91.90771972923528,8,26.48846496615441,64.1344285775717,1,C
4,2,17,14,5,69.14026892837082,20,26.64253361604635,55.97040686464433,0,C
2,2,23,19,5,54.363697092448874,10,21.79546213655611,40.0190638045338,0,F
1,2,14,8,18,66.12086158546357,2,18.265107698182945,44.66952800575541,0,F
3,2,17,9,19,65.99766016794457,6,19.24970752099307,53.73541193226086,0,C
4,2,19,13,11,55.71118409921565,8,27.963898012401955,48.983626626401445,0,F
1,0,27,12,8,50.93045841258729,5,17.36630730157341,55.344236529005485,0,C
1,3,12,7,5,70.34314933153021,4,15.792893666441277,40.92523538080626,0,F
3,2,4,10,10,93.62614706621926,15,26.703268383277408,67.71796796935048,1,B
3,3,29,14,15,50.0,15,22.25,52.56451246173788,0,C
2,1,0,5,16,100.0,8,22.5,73.10861027080645,1,B
4,2,21,7,19,51.40513928748485,20,21.425642410935605,60.19034793670197,0,C
4,2,17,14,15,71.12922111662029,20,24.891152639577534,64.66951134715117,1,C
3,3,13,18,16,75.27860344709518,12,24.409825430886897,66.7889279637638,1,B
2,2,4,16,15,91.50321531014359,10,22.43790191376795,77.84727488606308,1,B
4,2,5,11,15,90.92058645113792,12,27.36507330639224,68.50298939002171,1,B
3,2,26,11,5,50.0,9,17.25,30.915815152622002,0,F
1,0,23,6,12,56.78804455980784,2,16.09850556997598,53.283961578077474,0,C
4,0,24,7,16,55.57920825795466,20,27.947401032244333,75.65569087429489,1,B
2,2,28,19,17,54.974091198268525,8,17.871761399783566,63.922869235694264,1,C
2,0,27,11,13,58.440172270967764,8,19.30502153387097,65.35202859769663,1,B
2,1,15,16,15,64.97089314981727,6,18.12136164372716,65.24107336246549,1,B
1,2,21,10,7,58.219565664722445,2,13.277445708090305,42.592978592481174,0,F
4,1,20,17,11,58.74253733581987,20,22.342817166977483,58.64645956229979,0,C
4,3,11,11,17,79.40556875218671,16,30.925696094023337,60.50458008386468,0,C
1,1,19,14,19,68.90190113599836,4,19.612737641999793,73.77434270553391,1,B
4,3,17,13,9,66.85727603924948,20,22.357159504906186,51.66264080829069,0,C
1,2,1,12,7,98.27104292196883,2,22.283880365246105,55.5717247382502,0,C
1,3,22,10,9,50.0,3,16.25,32.578923394198526,0,F
1,3,20,16,14,50.26422923851021,5,17.283028654813776,52.7675515175456,0,C
2,1,22,18,11,50.0,10,14.25,54.89108250170527,0,C
4,1,12,8,11,75.66070880889244,20,26.457588601111553,53.05539926864999,0,C
1,1,26,18,13,50.0,3,12.25,66.4766648236398,1,B
4,2,16,17,12,60.83003931617219,16,23.603754914521524,62.353497682731245,1,C
2,2,16,14,8,67.3810890625804,10,23.42263613282255,63.16679432051487,1,C
1,1,15,13,19,67.92116315062674,5,19.490145393828342,71.17292955043166,1,B
3,2,20,11,9,57.41540992515343,15,22.17692624064418,46.0550289055153,0,F
2,2,17,9,9,62.461940419188096,10,21.807742552398512,49.57519764435648,0,F
3,3,7,6,14,85.01800430295177,6,28.62725053786897,57.48727273358644,0,C
4,3,29,13,16,50.0,8,24.25,58.16657712145053,0,C
4,1,2,18,6,95.54821105553441,8,26.9435263819418,82.4006139045825,1,A
2,2,16,11,16,63.05441232531282,8,22.881801540664103,61.294891156476396,0,C
4,3,28,13,11,50.0,20,26.25,49.44891870523426,0,F
3,0,17,15,11,61.82082226757017,15,19.727602783446272,68.2941599925057,1,B
1,2,25,13,13,59.99490602115094,5,16.499363252643867,50.32060851374918,0,C
1,0,25,14,17,50.0,5,14.25,69.05025373247119,1,B
1,1,22,9,13,60.61902522599778,3,16.57737815324972,51.215318666513554,0,C
2,2,5,11,8,90.48269842956358,6,19.310337303695448,59.698332266876776,0,C
4,1,27,9,9,50.0,12,26.25,48.43505398147636,0,F
3,1,7,19,11,85.04109073336296,15,23.630136341670372,76.28905577345861,1,B
4,1,22,7,14,60.210184223274304,12,27.526273027909287,54.46491877846989,0,C
4,1,29,14,19,50.0,12,21.25,64.37716767217057,1,C
4,1,25,12,11,50.0,16,25.25,54.5316683370365,0,C
1,2,12,12,15,80.94668366762096,4,21.11833545845262,72.29235193621363,1,B
3,0,7,13,14,89.46965423973461,9,23.183706779966826,73.49855979932894,1,B
3,2,18,15,15,60.887171758845696,9,21.61089646985571,63.157199040479895,1,C
4,2,5,18,12,89.42762786458741,16,25.178453483073426,74.72865772023619,1,B
1,2,28,16,12,50.0,3,17.25,48.35023696507663,0,F
1,3,22,10,6,50.904055704600964,5,15.36300696307512,20.31815723873971,0,F
3,3,14,6,16,66.91437221827567,9,19.36429652728446,45.08230575892098,0,F
1,2,9,7,13,78.20102268632388,5,14.775127835790485,57.58781602265606,0,C
1,0,26,17,15,50.0,3,14.25,60.698201420711094,0,C
1,2,16,15,8,72.28331517404645,2,17.035414396755804,52.53068017193013,0,C
2,1,0,16,5,100.0,6,25.5,72.32407773085848,1,B
4,3,6,14,5,87.14970855606467,8,28.893713569508083,57.50876507484763,0,C
3,3,28,15,9,50.0,9,22.25,51.61329257323837,0,C
3,2,26,19,11,56.86866467669976,9,22.10858308458747,58.09869290223378,0,C
2,2,12,10,9,74.92872363251145,10,19.36609045406393,69.0823117857121,1,B
4,0,2,5,19,95.22694270113205,16,25.903367837641504,96.18015467973564,1,A
3,0,18,18,17,65.46668998122824,12,23.18333624765353,87.7042448902716,1,A
1,1,14,6,7,69.63494045790435,5,16.704367557238044,53.23870644857947,0,C
3,2,4,12,15,91.53626285489464,12,24.44203285686183,75.05967701625185,1,B
1,2,10,15,11,81.22956863145484,2,20.153696078931855,70.79756837278377,1,B
2,2,21,12,5,56.629304649908114,4,17.078663081238513,51.653957560554,0,C
1,3,17,10,15,70.92639542371936,3,16.86579942796492,52.38399962580992,0,C
3,1,2,7,5,95.90778548260963,6,29.988473185326203,63.6600409031272,1,C
3,0,5,18,16,88.5058520475481,12,26.063231505943513,93.94238565690932,1,A
3,3,2,6,6,95.48210446081747,6,29.935263057602185,51.60304045069124,0,C
2,3,29,17,5,50.0,6,17.25,46.6178333433966,0,F
2,3,4,10,13,93.55165913637397,4,23.693957392046748,55.87151445677827,0,C
4,3,8,5,8,81.60045947968106,16,27.200057434960133,51.00475955054118,0,C
3,1,27,18,11,52.34394458364789,15,20.542993072955987,55.87646889858582,0,C
1,2,18,14,9,72.04521219018278,3,15.005651523772848,54.59691330000972,0,C
2,0,27,10,18,50.0,10,18.25,58.849379508404276,0,C
3,0,26,13,11,50.0,6,17.25,56.23031130733199,0,C
3,3,12,11,17,72.29807991412974,9,21.037259989266218,50.16418927441356,0,C
2,3,28,13,17,50.0,6,15.25,51.01334373722963,0,C
4,1,5,6,19,91.55296157984938,8,26.444120197481173,73.15788741528675,1,B
2,3,10,15,11,82.06205149539467,6,19.257756436924332,65.07931479128848,1,B
2,0,20,18,5,57.810190030410055,4,15.226273753801257,57.930008357649804,0,C
1,0,20,9,5,53.773126057679505,5,12.721640757209938,50.10267788541097,0,C
1,2,26,13,15,54.9140494476952,5,16.8642561809619,50.7501215039629,0,C
4,2,29,11,7,50.0,16,27.25,48.560353319513915,0,F
3,0,13,13,14,75.1907913101176,12,20.398848913764702,85.23484469204642,1,A
2,0,5,18,6,88.63531633450839,4,24.07941454181355,72.01359988535329,1,B
4,1,5,15,18,91.29533897160539,8,32.41191737145067,89.0950397350596,1,A
1,1,16,10,11,60.49986312486516,5,12.562482890608145,45.90962035134337,0,F
2,0,10,19,7,79.89536187364537,6,22.98692023420567,73.62978993118465,1,B
3,3,14,11,11,75.0510642875256,6,21.3813830359407,42.895392080642296,0,F
1,2,8,14,13,85.7257275222521,3,22.715715940281513,70.60047631364348,1,B
1,0,20,9,16,69.63400026592059,4,15.704250033240074,63.37590026756506,1,C
1,3,16,10,15,64.92110574789936,5,13.11513821848742,52.670964142848206,0,C
4,0,23,5,5,50.0,8,27.25,44.362766599166456,0,F
3,2,6,5,19,90.80543336245786,12,23.35067917030723,68.17227451737317,1,B
2,2,6,6,7,87.48439276521428,4,24.935549095651787,56.76639148776471,0,C
4,1,29,15,17,50.0,16,26.25,70.65227381507323,1,B
4,1,20,18,15,62.47519903217996,20,24.809399879022493,71.54343308898271,1,B
4,1,0,8,19,100.0,8,33.5,88.13410199067808,1,A
1,1,24,15,19,55.32100240210863,2,14.915125300263579,62.68364485762821,1,C
3,2,26,13,10,52.79308131727167,9,21.59913516465896,34.71191945489241,0,F
4,3,24,11,19,52.2125986323539,12,26.526574829044236,53.96632944583759,0,C
2,3,7,10,17,88.33729537906743,4,19.04216192238343,60.04438615817172,0,C
3,3,4,19,13,92.23724927507257,15,28.52965615938407,74.09145427797618,1,B
2,0,29,5,9,50.0,6,14.25,34.54073318456334,0,F
3,1,18,9,7,72.50676223965016,6,27.06334527995627,56.47629841294668,0,C
2,1,7,15,12,88.3467960890288,4,24.0433495111286,70.65453025996463,1,B
1,2,16,16,17,63.55676174965726,4,15.944595218707157,59.9015457202737,0,C
4,2,18,17,18,70.62297238155318,20,22.827871547694148,79.85772870881237,1,B
2,0,11,8,16,80.5159101054698,6,25.064488763183725,62.1428841362205,1,C
3,0,26,9,9,50.0,9,23.25,53.48625692901825,0,C
4,3,22,15,19,50.0,16,20.25,58.600274360195485,0,C
4,2,29,13,10,51.178465568196486,8,27.39730819602456,49.43487262006971,0,F
3,1,14,16,17,66.07681568393957,9,22.259601960492446,76.93085469997602,1,B
2,3,3,7,6,93.34442646186145,4,20.66805330773268,54.466066830804806,0,C
1,1,22,8,8,52.234811941650214,3,16.529351492706276,43.043455825754414,0,F
1,3,11,12,5,75.54103223544965,3,17.442629029431206,41.30008681048282,0,F
2,1,26,7,19,60.187587906797226,4,17.523448488349654,55.91267309434164,0,C
4,0,12,17,18,80.81319686716577,8,30.10164960839572,86.70939371048331,1,A
4,3,13,7,17,76.14706012637703,12,29.51838251579713,46.55910890152683,0,F
4,1,4,17,8,93.70412986740529,16,28.713016233425662,76.60313536507051,1,B
4,1,21,13,5,50.0,16,25.25,55.20926117782561,0,C
2,2,15,9,8,68.79381687782234,8,19.599227109727792,46.787834087274376,0,F
4,3,29,14,18,50.0,16,25.25,59.21546246639035,0,C
3,1,6,5,6,86.28692929060574,12,27.785866161325718,62.4461241082296,1,C
4,2,14,11,10,65.32257110463215,8,23.16532138807902,58.243557524194514,0,C
1,1,12,11,10,70.53843999898271,3,16.81730499987284,55.482190162126415,0,C
4,3,25,19,12,50.0,16,23.25,52.44993027260789,0,C
2,0,15,10,13,71.84238644558685,10,23.980298305698355,69.97647050678745,1,B
1,3,11,10,12,82.77444559264302,3,16.346805699080377,50.129836170072565,0,C
2,3,6,7,5,90.40973813362551,10,25.30121726670319,46.67503918758501,0,F
2,1,15,7,17,77.48271488808119,4,24.68533936101015,70.4895621674794,1,B
1,1,22,14,7,66.95813744905317,3,16.369767181131646,51.77492679828985,0,C
2,3,22,15,10,50.0,4,15.25,44.22471895166153,0,F
2,2,26,13,5,50.0,10,16.25,42.800433961996006,0,F
4,2,12,5,12,73.98935440354236,12,24.248669300442796,53.29066009787542,0,C
3,2,28,11,18,50.0,9,17.25,54.51693515386002,0,C
2,1,22,17,10,55.70941395369917,4,14.963676744212396,60.10081181625672,0,C
2,1,2,16,5,96.52431548782333,6,27.065539435977918,79.59263739759453,1,B
2,3,14,15,14,66.19860931247666,10,21.274826164059583,52.36956111309286,0,C
4,0,27,14,6,52.00233038129755,8,21.500291297662194,49.39538419581465,0,F
3,1,2,11,10,95.52065747810073,15,25.94008218476259,74.16322456841762,1,B
1,3,6,12,14,89.52738589165672,3,20.19092323645709,64.35592326067032,1,C
4,3,29,10,18,50.0,20,26.25,53.495832852785554,0,C
4,0,17,12,12,63.42892961476683,12,27.928616201845855,75.35362283338668,1,B
3,2,13,5,9,72.14496473276247,15,24.01812059159531,45.16657922760438,0,F
3,3,17,5,5,72.84475697538736,15,27.10559462192342,32.98734146679452,0,F
4,3,18,13,18,65.44955974295436,16,29.181194967869295,64.79110121499305,1,C
1,3,13,16,14,73.67618940185521,3,16.2095236752319,59.87266004556781,0,C
4,2,19,8,6,65.9133105201889,16,24.239163815023613,46.595634025038265,0,F
3,2,5,7,8,88.09512694083267,12,26.011890867604084,62.27108729136951,1,C
1,0,28,10,8,50.0,2,15.25,39.879305873791964,0,F
3,1,7,14,11,86.04465361360229,6,22.755581701700287,62.483173608402566,1,C
1,2,25,16,6,53.99921993389712,5,15.74990249173714,35.60659175508903,0,F
2,1,25,17,11,50.0,6,14.25,52.03008742756014,0,C
3,1,6,16,11,89.81865131475257,6,24.22733141434407,81.61028317616328,1,A
3,2,19,13,11,70.14119001322098,12,25.767648751652622,52.265460852627136,0,C
4,3,17,14,17,73.7229217367769,12,28.215365217097112,64.99579428146492,1,C
3,0,17,15,7,73.84238456473399,15,26.23029807059175,71.78626545476645,1,B
3,1,14,8,10,72.1555588094175,15,22.019444851177187,66.93164301317945,1,B
2,3,19,13,16,66.64904091411216,4,22.33113011426402,51.198839063710565,0,C
3,2,21,19,10,54.0021224513991,6,17.750265306424886,49.729869365867486,0,F
2,1,18,9,8,61.229951667270896,4,17.65374395840886,53.60784453487816,0,C
2,1,21,17,5,57.11757984997548,10,22.139697481246934,49.44206519354324,0,F
2,1,20,11,13,62.94313437144074,8,19.867891796430094,64.95250221213297,1,C
2,3,20,7,6,52.99087510028539,4,16.623859387535674,31.470681120033888,0,F
1,3,1,7,13,97.79029724669995,5,17.223787155837492,51.1264672288728,0,C
4,3,7,16,12,87.59931713177839,12,26.949914641472297,71.21922179419606,1,B
1,1,20,7,5,59.9662267537298,5,17.495778344216227,44.6782296216983,0,F
3,1,10,12,15,83.43728791175737,9,26.429660988969673,72.51075849893265,1,B
1,0,17,18,11,68.91080305126758,3,18.613850381408447,67.55253781290486,1,B
1,0,22,10,17,50.0,4,17.25,67.35336028022644,1,B
3,3,12,13,14,79.31386935679365,6,25.914233669599206,48.404361205802275,0,F
3,3,8,13,7,82.4135811542549,9,25.301697644281862,47.500381237130526,0,F
3,2,8,12,14,86.09265083378378,6,26.761581354222972,65.31333896913196,1,B
1,3,16,5,17,60.98984737590702,5,17.623730921988376,46.74930960069895,0,F
1,0,6,10,14,89.13920293005779,2,17.142400366257224,74.28546058217701,1,B
3,0,8,8,18,85.22648740282632,15,26.65331092535329,76.91197095957757,1,B
4,0,21,8,18,56.02894476561007,12,25.00361809570126,67.5952872354201,1,B
4,1,0,7,18,100.0,16,33.5,74.26994717603552,1,B
2,1,1,16,13,97.92092361020282,6,25.24011545127535,83.71782002031097,1,A
3,3,3,13,9,93.78023599478128,15,24.722529499347658,63.24989176633561,1,C
2,2,13,6,15,76.44157038163729,6,24.55519629770466,60.54481830409749,0,C
4,2,3,5,7,94.19676932998438,16,30.774596166248045,62.34032239580138,1,C
2,2,1,18,12,97.90656655685902,4,23.238320819607377,80.86486016024742,1,A
3,1,7,19,16,84.80110913433019,15,23.600138641791276,81.9389743689631,1,A
3,0,17,14,7,70.19680677009889,6,25.77460084626236,60.65551190506808,0,C
3,0,18,7,11,60.37344888934707,12,23.546681111168382,58.688585375627994,0,C
1,1,13,17,18,68.49740874853572,3,18.562176093566965,65.01839405950781,1,B
2,2,19,19,11,57.099373636468016,8,17.137421704558502,68.5190558518677,1,B
4,2,24,8,11,61.97841273225468,20,21.747301591531837,59.98892975763724,0,C
4,3,9,8,18,82.2778640191898,20,27.284733002398724,57.95331054524016,0,C
4,3,16,10,16,69.03577863137481,12,22.62947232892185,57.04969398320566,0,C
1,2,7,5,5,87.14447681587215,5,20.89305960198402,54.873972143834735,0,C
1,1,27,5,15,50.0,4,11.25,43.36297969416826,0,F
3,2,13,6,9,74.78476094580158,15,24.348095118225196,48.691713911518306,0,F
4,3,20,8,16,69.87659045665279,8,29.7345738070816,59.79899884028869,0,C
1,2,22,11,15,61.795783881974465,4,13.724472985246809,60.08624876865841,0,C
3,1,7,10,5,88.00352498302357,12,29.000440622877946,55.615255904207906,0,C
4,0,4,19,11,92.60296183502881,20,27.5753702293786,90.96680207261697,1,A
2,1,15,15,17,74.88314887413543,6,24.36039360926693,73.32393516827686,1,B
3,1,7,13,17,89.02538989401941,9,25.128173736752426,70.86252690004169,1,B
1,3,9,11,12,84.73048430468488,3,17.591310538085608,48.371920667037756,0,F
1,1,26,16,11,50.0,5,11.25,49.02047990854808,0,F
3,1,7,9,5,83.9207246139483,15,28.490090576743537,61.515266650810744,0,C
3,3,8,10,7,84.46323042059404,15,27.557903802574256,61.42478903653554,0,C
1,3,17,14,19,59.57714442236102,4,13.447143052795127,41.259505932223234,0,F
2,0,2,13,14,96.53466876375843,8,20.066833595469802,84.34764548076818,1,A
4,2,16,5,7,66.6526537408123,20,24.331581717601537,41.9160953745818,0,F
2,1,19,15,19,68.7844273646182,6,20.598053420577273,75.27235854368085,1,B
3,3,14,13,11,67.33239034630854,6,21.41654879328857,55.73987082192629,0,C
2,0,20,10,8,67.38836885016295,6,23.42354610627037,64.40841572042578,1,C
1,2,26,16,16,60.17163586656047,4,12.52145448332006,58.67998083470847,0,C
3,3,16,8,7,71.62489231890888,12,22.95311153986361,43.0163085971905,0,F
4,2,7,16,10,83.19345437457083,12,30.399181796821352,75.74984771339048,1,B
1,2,1,9,16,98.37054291807355,3,20.296317864759196,69.12667819582396,1,B
1,1,16,17,14,70.70927570087136,4,16.83865946260892,69.15599619615249,1,B
4,1,17,5,10,69.12094511879272,16,28.64011813984909,53.38935774592868,0,C
4,3,28,11,14,50.0,20,23.25,49.85725176049631,0,F
2,2,4,17,9,92.3138984008799,4,26.53923730010999,63.47258030507929,1,C
3,3,8,19,16,83.10746360308254,15,24.388432950385315,72.82615906794562,1,B
4,3,8,19,19,84.764935953337,20,29.595616994167123,81.45625969503662,1,A
4,2,1,17,10,97.94854298486314,12,27.243567873107892,82.08385598123337,1,A
3,3,1,12,7,98.43755927598257,9,24.30469490949782,60.726447233050635,0,C
4,2,18,15,18,66.26747011347757,8,26.283433764184696,54.55462366229348,0,C
4,2,22,9,19,50.0,20,27.25,54.297591731259416,0,C
2,2,26,6,17,50.0,10,21.25,54.617919270036694,0,C
1,2,2,12,14,95.03634191170676,4,19.879542738963345,71.33689305881086,1,B
1,0,16,14,9,63.39328740198171,4,12.924160925247714,56.93309970848054,0,C
1,2,13,11,13,74.63037370640694,2,14.328796713300868,51.71200410367281,0,C
1,1,13,14,8,71.70835404990595,3,15.963544256238244,60.51114891515776,0,C
4,1,13,13,15,70.41312221605224,16,25.80164027700653,67.24208935052432,1,B
3,1,5,8,6,91.1515817003933,6,28.393947712549163,62.15846967522394,1,C
3,2,2,15,9,96.87996421876883,15,29.109995527346104,70.42384443122715,1,B
2,1,0,13,7,100.0,4,20.5,66.77942559466756,1,B
2,0,29,8,16,52.30447829902706,4,19.538059787378383,55.4278174018608,0,C
4,3,15,7,19,73.34138320356247,16,27.16767290044531,59.43688016214729,0,C
3,2,28,19,7,50.0,12,17.25,50.46174857217651,0,C
3,1,3,15,8,92.95875222033244,15,27.619844027541554,74.56773944845744,1,B
1,0,28,7,16,50.0,5,16.25,60.369184004553325,0,C
4,3,0,14,8,100.0,20,30.5,68.3116494125757,1,B
4,0,16,6,9,71.77071423667438,8,25.9713392795843,66.15445798768586,1,B
1,1,27,14,11,50.0,2,13.25,49.88670210817115,0,F
4,0,17,7,8,65.43627575556083,16,29.1795344694451,55.68024638986283,0,C
4,3,25,18,15,50.0,20,22.25,58.61505470097234,0,C
2,1,7,12,11,83.0038586786516,8,25.37548233483145,72.19706181935658,1,B
3,3,1,15,13,98.17106269866999,15,24.271382837333746,69.56711078232004,1,B
4,0,26,12,7,55.636275120323354,20,23.95453439004042,52.0411550073584,0,C
2,2,17,6,9,67.65240652892302,8,16.456550816115378,50.37963323098586,0,C
3,2,26,15,8,50.0,12,23.25,54.99791808355455,0,C
1,2,26,6,19,59.96337247340658,4,14.495421559175822,54.10197276546583,0,C
2,2,15,6,13,64.57455201700716,10,23.071819002125896,46.45138786951651,0,F
2,3,25,14,9,50.0,4,19.25,39.28653303771385,0,F
3,2,9,11,14,78.1911217655963,12,24.773890220699535,58.59534131287454,0,C
1,3,7,19,6,83.47534514359162,4,20.434418142948953,64.00852955927226,1,C
2,1,11,10,14,72.58139666194505,4,21.072674582743133,63.5987372064086,1,C
4,2,21,16,5,50.0,8,20.25,46.47648512950778,0,F
4,3,15,15,11,67.17448568885024,12,22.39681071110628,55.61090531659434,0,C
4,2,11,5,15,81.66567686350615,16,27.20820960793827,62.305901076085306,1,C
1,2,10,6,5,83.43649876663132,3,15.429562345828915,47.79624871906656,0,F
2,2,19,18,12,70.5731848152963,6,16.82164810191204,63.315880796465024,1,C
4,3,18,5,19,65.5870443906229,8,22.198380548827863,56.41184544478125,0,C
1,0,0,19,13,100.0,5,23.5,83.71093886324256,1,A
4,2,26,16,11,50.0,20,22.25,50.96280929073872,0,C
3,2,2,15,13,96.26735658857683,6,30.033419573572104,73.92035344345678,1,B
2,1,11,11,14,82.29840549381376,6,21.28730068672672,68.14719561630147,1,B
2,0,29,10,10,54.99915403637294,6,20.874894254546618,59.99260768564455,0,C
1,3,8,6,19,84.80656685261114,3,21.60082085657639,52.55763424463984,0,C
1,1,20,6,19,68.00149239632535,3,13.500186549540668,62.56258870439619,1,C
2,2,28,6,11,55.10065116333648,8,20.887581395417058,41.57317087507988,0,F
4,1,21,12,7,60.19768307561643,12,28.524710384452053,58.84515810366825,0,C
4,1,4,18,18,91.98862617398913,8,32.49857827174864,90.78108521651464,1,A
3,2,0,11,18,100.0,9,23.5,77.97127452900182,1,B
4,0,9,5,13,80.33827882365607,12,29.04228485295701,63.3879714855808,1,C
1,0,16,8,7,69.30092798907503,2,18.66261599863438,56.3202332435031,0,C
1,1,3,15,10,95.22423238678385,3,22.90302904834798,72.69073764699023,1,B
4,2,14,8,8,70.08152225612199,20,26.760190282015248,52.76771235963044,0,C
1,3,18,11,13,66.5749932634875,2,15.321874157935937,51.89881452182934,0,C
2,1,26,6,5,59.63964159601708,8,15.454955199502134,49.143820995403175,0,F
2,3,7,8,13,82.86412894232966,8,20.35801611779121,47.139255440769986,0,F
4,1,27,5,16,50.0,8,23.25,53.652905591851635,0,C
2,1,27,17,8,50.0,8,17.25,59.79189673116319,0,C
2,2,22,19,14,50.0,8,19.25,56.91519108170782,0,C
3,2,14,17,9,65.88563398960785,12,20.235704248700983,53.216399199914804,0,C
3,3,26,15,15,55.27163142767851,6,23.908953928459812,53.79880902507281,0,C
2,3,6,15,17,86.13913298994984,6,25.76739162374373,68.73753317507028,1,B
4,0,14,8,5,67.36488102516029,16,28.420610128145036,75.08990596224501,1,B
3,2,7,15,18,89.1191804372568,15,29.1398975546571,82.39438320735718,1,A
1,1,29,19,5,50.0,3,15.25,47.78490371532064,0,F
1,1,25,18,10,60.925802955010575,3,19.61572536937632,53.460632964731566,0,C
1,0,22,5,14,53.91718857942219,4,12.739648572427773,46.480377325834084,0,F
4,2,9,6,19,80.47686900575194,16,31.059608625718994,72.4576774305647,1,B
2,1,17,6,17,68.26000229803351,6,18.532500287254187,50.82608293065502,0,C
1,0,3,16,19,92.85763751002703,4,20.607204688753377,81.36025110091904,1,A
4,0,14,14,19,67.7928361024554,8,27.474104512806925,82.74436830573413,1,A
3,1,10,16,5,75.74040286378604,6,20.467550357973256,59.304978260849325,0,C
2,1,21,7,17,61.88731994074938,8,20.73591499259367,57.20129336374248,0,C
3,3,2,12,6,96.95694439987638,9,28.119618049984545,63.23733457948872,1,C
4,2,14,15,17,67.63954226203427,16,26.454942782754284,67.78976506533907,1,B
1,3,2,10,18,96.55404528800712,5,21.069255661000888,61.1147298560892,0,C
1,0,14,10,7,72.45981543206122,2,21.057476929007652,55.5179298849794,0,C
4,1,5,13,11,88.41339414067984,12,28.05167426758498,76.31851099741763,1,B
1,3,0,12,6,100.0,5,18.5,59.29649858788501,0,C
2,0,13,6,9,76.4451860837778,8,20.555648260472225,67.85248401964947,1,B
4,2,15,19,13,70.91380020493315,8,25.864225025616644,69.9442840756228,1,B
3,1,0,10,16,100.0,15,24.5,78.00102626246205,1,B
4,3,20,5,16,60.773571539943426,12,24.596696442492927,53.5316688370807,0,C
2,2,16,17,14,75.84645368808756,4,21.480806711010946,74.50633563927191,1,B
2,3,25,18,12,57.19530068121682,8,17.149412585152103,48.97089186037454,0,F
4,0,7,13,16,83.67212648235918,16,24.459015810294897,85.88556216919815,1,A
4,2,17,8,12,67.47080670527899,8,28.433850838159874,56.28452410312113,0,C
1,3,15,8,15,67.9539134838709,5,13.494239185483863,49.89756910219721,0,F
2,2,5,13,6,91.33856036182229,4,25.417320045227786,54.7868646569118,0,C
4,0,9,7,5,80.65109201996201,8,30.08138650249525,75.48433028806897,1,B
4,2,9,9,13,77.50023519118369,8,26.68752939889796,57.70483687794609,0,C
2,3,4,5,14,91.61884944241278,10,20.4523561803016,59.75532374019008,0,C
4,0,25,10,16,50.0,8,24.25,65.17221635974148,1,B
1,1,27,7,8,56.48896473952607,3,15.061120592440759,41.025903894832105,0,F
2,3,11,5,13,79.06280381167417,8,21.88285047645927,56.467743203802954,0,C
1,3,19,14,15,55.146226928825094,5,15.893278366103136,49.16707888072986,0,F
1,0,16,10,18,62.65164842146668,3,18.831456052683336,63.34712261473422,1,C
1,0,13,18,16,73.70881156530282,2,20.213601445662853,71.51851501771104,1,B
1,1,13,16,15,68.75509605340896,3,18.594387006676122,65.99463310637245,1,B
2,3,2,14,11,96.71412596358856,10,26.08926574544857,70.00979298492618,1,B
1,0,28,6,16,50.0,4,11.25,51.027342709520454,0,C
1,1,11,12,10,80.76228065847585,5,17.09528508230948,67.17169015477661,1,B
4,1,19,18,14,59.234333303000504,8,28.404291662875064,75.87385729681714,1,B
2,0,17,17,17,73.01420528521167,4,24.12677566065146,78.08688408058674,1,B
2,3,11,19,13,73.12029995384567,8,19.14003749423071,68.58968921801741,1,B
3,2,1,15,14,97.71366796040951,15,24.21420849505119,80.45651805845976,1,A
2,2,1,16,8,98.29903843510411,10,22.287379804388014,73.74629663337831,1,B
2,1,26,6,18,50.0,10,17.25,52.86821428561567,0,C
3,2,16,8,5,63.85366975140046,9,18.981708718925056,43.97126549416277,0,F
2,2,9,18,9,84.61498760353575,8,18.57687345044197,63.59970230790236,1,C
2,0,17,7,17,72.91338476886239,10,21.1141730961078,65.98116246596882,1,B
2,1,21,13,10,61.1126249119903,8,18.63907811399879,53.669686568648075,0,C
2,3,18,6,10,70.55642185848582,6,19.819552732310726,34.10215323168745,0,F
3,1,25,7,16,50.0,15,21.25,47.894634323732696,0,F
2,0,20,11,5,61.5177018085317,6,20.68971272606646,53.12104215674829,0,C
2,2,0,8,19,100.0,4,25.5,72.15410627433093,1,B
3,3,23,10,11,53.01414002115223,6,21.62676750264403,40.04636227781163,0,F
4,1,28,7,12,50.0,8,20.25,50.08173315410271,0,C
1,2,3,5,16,93.12209300079667,4,23.640261625099583,65.77564661671585,1,B
4,1,24,15,9,50.0,20,26.25,56.98220192660363,0,C
3,3,3,10,6,94.40888315656198,15,25.801110394570248,49.16269522532228,0,F
1,1,29,8,6,55.71498875902802,3,13.964373594878502,41.645187423147306,0,F
3,1,1,6,15,98.38347238928125,9,25.297934048660156,70.61690955270886,1,B
3,1,18,11,9,59.84438949029109,6,24.480548686286387,56.39831681774904,0,C
2,2,20,19,11,62.615921435161546,8,21.826990179395192,56.91308711149267,0,C
1,3,11,14,11,79.8211882057309,4,14.977648525716363,50.46285302676081,0,C
2,3,9,17,17,78.49919477268236,6,19.812399346585295,74.3320499788024,1,B
1,2,12,16,8,76.18589331383475,3,16.523236664229344,49.18256768929595,0,F
3,2,28,19,15,50.0,15,23.25,70.25486275952403,1,B
3,2,29,17,18,50.0,15,20.25,62.98709955820533,1,C
4,0,21,9,7,66.81619287399437,12,29.352024109249296,57.84565742193552,0,C
1,1,22,10,13,50.0,5,14.25,47.39382901240717,0,F
2,1,19,10,16,70.03785721145641,6,17.75473215143205,68.05232947092571,1,B
4,3,22,18,18,50.0,16,23.25,60.497272874096964,0,C
4,1,14,13,18,72.66339115360853,8,24.082923894201066,73.1801959551691,1,B
4,0,25,16,11,50.0,12,27.25,63.17855431672498,1,C
2,2,2,6,6,95.5877112656203,6,24.948463908202537,54.044247028180635,0,C
4,3,22,16,5,55.59311056486037,20,23.949138820607544,52.71966328056959,0,C
2,3,19,10,15,59.730358442122785,6,19.46629480526535,45.385091945793434,0,F
4,1,28,13,6,50.0,16,23.25,43.629841648188844,0,F
2,3,12,16,17,70.87178211204112,4,17.858972764005138,62.92799324762255,1,C
3,2,7,8,16,84.91971764818639,15,23.6149647060233,60.36663968753912,0,C
3,3,24,17,7,50.0,12,20.25,51.32035272652604,0,C
3,2,6,16,9,89.51836783964897,6,24.189795979956124,70.12683272516618,1,B
3,0,23,17,18,50.0,15,19.25,61.71187325730727,1,C
3,0,7,17,19,85.07177666898546,12,24.633972083623185,92.35983420199334,1,A
4,2,17,15,7,60.45377053602668,12,24.556721317003337,50.61049830775898,0,C
4,1,8,10,14,82.73718071769619,20,28.342147589712024,80.2252557946313,1,A
4,3,5,11,13,91.00339986984193,12,30.37542498373024,64.91361112411523,1,C
2,1,26,5,14,56.07348352899885,10,22.009185441124856,50.265060442078195,0,C
2,3,3,9,8,95.26910246733053,4,20.908637808416316,53.579085278454315,0,C
2,0,14,8,11,70.79607094835822,10,19.849508868544778,61.21308665438035,0,C
2,0,4,17,8,92.86379456996507,10,21.607974321245635,70.1698272210395,1,B
3,0,25,17,7,50.0,12,19.25,55.94168395739164,0,C
3,3,4,17,14,93.7653742204649,15,25.720671777558113,70.13756888264,1,B
3,0,6,14,5,88.74602160996623,6,23.09325270124578,68.58244674423851,1,B
1,0,29,19,18,50.0,4,16.25,75.96631144359503,1,B
4,0,8,19,16,85.0373273759911,12,26.629665921998885,97.71814561356663,1,A
2,0,6,6,13,90.67429942146047,10,24.33428742768256,74.1712173745891,1,B
2,1,8,6,17,82.20654864933243,4,23.275818581166554,63.40991779481497,1,C
3,0,19,6,15,69.2827506702835,6,23.66034383378544,56.47188942951491,0,C
2,0,9,11,5,86.37037636286662,10,20.79629704535833,64.57518391046166,1,C
2,1,29,15,15,50.0,10,15.25,53.08003503755873,0,C
4,1,25,17,17,57.67809044087375,12,21.209761305109218,68.12511116251018,1,B
3,3,3,15,5,93.01581610466361,9,29.62697701308295,60.648585763680416,0,C
4,2,5,8,19,87.67764700121438,12,28.959705875151798,73.11394835771597,1,B
1,0,23,19,5,53.21521240991848,3,15.65190155123981,57.347021917294335,0,C
1,0,13,10,18,73.6604639193819,3,14.207557989922737,61.513274197014425,0,C
1,0,8,11,9,85.06066204013273,3,19.632582755016593,63.68112169608577,1,C
3,3,0,13,11,100.0,12,27.5,64.83446892977662,1,C
2,0,16,15,11,68.28679364874657,8,20.53584920609332,66.66687021573307,1,B
3,2,12,6,14,80.17486715535244,6,28.021858394419056,58.94656695211641,0,C
3,1,23,14,5,57.11105534937174,12,25.138881918671466,48.67449179718536,0,F
2,3,26,16,10,50.0,10,16.25,60.73028029867005,0,C
4,1,6,17,13,89.90561128251116,20,27.238201410313895,90.14902762599837,1,A
1,0,8,13,10,82.16117402436709,5,18.270146753045886,65.72777316898517,1,B
4,0,10,15,19,78.4841339973181,8,26.810516749664764,90.6532300959996,1,A
1,0,2,9,8,96.88540444943469,4,19.110675556179338,79.40078080155105,1,B
3,2,25,17,19,61.93927828905799,15,22.74240978613225,63.57750352689571,1,C
1,2,11,10,14,79.62218691163817,4,15.95277336395477,54.185286222274826,0,C
3,3,20,10,13,56.156594457363184,15,18.019574307170398,47.05444465317023,0,F
4,1,2,15,17,96.33916414527867,12,29.042395518159836,92.4185734721106,1,A
3,0,14,7,7,69.65173379159309,12,25.706466723949134,59.67540944364356,0,C
4,0,20,15,17,56.69083713944037,16,27.086354642430045,65.13103135020263,1,B
2,0,9,15,14,79.24100839638157,10,21.905126049547697,74.57059131212009,1,B
2,0,0,14,8,100.0,8,26.5,77.85563121104975,1,B
2,2,13,11,8,72.99732441456297,6,20.12466555182037,56.71073332003769,0,C
3,1,26,19,8,59.375074891093824,15,25.421884361386727,56.66165496351087,0,C
2,1,19,17,10,68.15700433480659,6,21.51962554185082,58.18515449216551,0,C
1,3,5,11,17,90.87249548571928,5,23.359061935714912,66.98605599156522,1,B
4,2,1,12,15,97.79261075957054,16,27.22407634494632,78.1181617742686,1,B
4,0,28,9,19,50.0,20,25.25,71.43589544137735,1,B
1,1,22,6,19,59.46454208350997,2,16.433067760438746,52.7214477338478,0,C
3,1,7,19,15,85.85198860218121,15,27.731498575272653,90.43886207625259,1,A
3,2,0,17,11,100.0,12,30.5,84.1502135418741,1,A
4,3,28,7,18,50.0,12,22.25,44.89871933450328,0,F
2,3,3,13,13,94.40024239614866,6,20.800030299518582,63.347196734806715,1,C
3,0,26,19,18,50.0,6,20.25,80.24065785734948,1,A
3,3,3,10,15,93.79656137244811,15,28.724570171556014,71.16341833908328,1,B
1,1,28,12,7,50.0,5,18.25,44.20953444438483,0,F
1,3,4,12,12,93.75979335484098,3,20.719974169355122,57.61011165608559,0,C
2,0,29,18,12,50.0,6,21.25,70.50678447056097,1,B
3,1,27,9,5,50.0,12,22.25,39.65507155020856,0,F
3,3,27,5,9,55.88834266504899,6,24.986042833131123,31.561483318808612,0,F
1,3,19,10,17,67.54730330170412,3,17.443412912713015,48.76848776089859,0,F
3,2,8,11,14,80.9288792711989,15,21.116109908899862,64.42373028868813,1,C
4,0,22,13,9,50.0,12,26.25,59.649525311586345,0,C
1,3,12,6,16,81.6000369469159,4,15.200004618364488,51.10827498349633,0,C
2,2,17,16,12,62.78017464898371,10,20.847521831122965,58.701632917733846,0,C
1,1,16,17,12,67.13300298980234,4,13.391625373725292,60.763336621003006,0,C
3,2,24,6,16,50.0,12,19.25,48.94987343782286,0,F
2,2,0,14,6,100.0,8,24.5,67.68983677625302,1,B
1,3,21,5,7,56.32919983010039,2,16.041149978762547,23.273669033313595,0,F
4,3,14,9,6,77.05463110154095,20,26.63182888769262,49.92291947465944,0,F
4,3,1,6,5,98.04018497633069,20,32.25502312204134,58.317590841861914,0,C
1,2,15,7,6,66.62253449606492,4,20.327816812008116,39.88037513536939,0,F
4,1,19,6,14,53.41700393329245,8,26.677125491661556,40.41404595292721,0,F
4,0,21,15,10,60.859582479195765,12,27.60744780989947,72.84812579336477,1,B
4,2,4,8,16,90.8613140961858,20,27.357664262023224,67.62764483773336,1,B
2,3,26,15,5,50.0,6,20.25,40.52168377184383,0,F
4,0,21,7,10,66.85585168001249,20,28.356981460001563,61.23097726256894,0,C
4,1,18,13,5,62.956416694846816,16,27.86955208685585,55.503884254194034,0,C
4,0,4,14,6,93.26596466584246,20,25.658245583230308,78.00770247676577,1,B
2,3,1,16,12,97.81645070782224,8,24.22705633847778,76.21136868433624,1,B
1,2,6,6,18,87.33949091835616,5,15.91743636479452,65.36213706670654,1,B
3,2,2,11,10,95.05390381673233,12,23.88173797709154,68.84326128016778,1,B
4,3,16,19,13,61.033877358003046,12,23.62923466975038,52.910096290705766,0,C
1,2,29,15,5,56.228187825632446,3,12.028523478204056,50.65617666271345,0,C
4,3,23,18,9,63.659323106050905,12,23.957415388256365,47.039786621991176,0,F
2,2,23,7,11,50.0,10,21.25,48.13125435611259,0,F
1,2,2,14,13,95.62871385404785,2,21.95358923175598,62.53522329691445,1,C
2,2,12,12,18,72.3886528177973,6,23.04858160222466,74.27902577744074,1,B
4,1,6,8,15,89.39911046399006,20,29.174888807998755,78.16408168537511,1,B
4,1,24,18,13,50.0,16,21.25,60.8113816261891,0,C
2,3,23,8,8,55.32435214427288,4,17.91554401803411,27.53658965651354,0,F
3,1,2,13,17,96.47618303065111,6,29.059522878831388,82.8758170198818,1,A
2,3,14,15,8,78.8514915338115,4,18.856436441726437,56.35980582328432,0,C
4,0,28,7,19,50.0,12,22.25,61.84100493250691,1,C
2,0,17,11,8,65.39915456291706,6,17.174894320364633,56.28322234586084,0,C
3,1,28,5,7,50.0,9,21.25,35.83136286014033,0,F
2,0,9,11,12,80.06786749389467,6,20.00848343673683,76.40485356281337,1,B
3,0,22,14,9,65.23082284322487,12,25.15385285540311,64.44674146053364,1,C
3,2,6,15,11,87.47085288158715,15,23.933856610198394,72.94891190903172,1,B
2,2,8,6,14,87.86300368141322,4,22.98287546017665,63.452048844607646,1,C
2,3,4,16,10,91.76887258314827,10,24.471109072893533,60.44835986692301,0,C
1,0,19,18,18,64.84616840111747,2,13.105771050139683,74.94387295813002,1,B
4,3,7,18,13,84.99692915696865,8,31.62461614462108,76.12518013038043,1,B
3,3,13,10,18,73.45953531879849,6,23.18244191484981,59.93738994080739,0,C
1,0,3,19,7,94.71594902975653,2,23.839493628719566,82.61701001213616,1,A
2,1,19,17,10,68.41533842698934,8,21.551917303373667,63.148121093066564,1,C
4,0,27,13,7,50.0,16,26.25,62.11081143659403,1,C
1,2,13,10,6,67.67112790695515,2,18.458890988369394,54.67799813361991,0,C
3,0,11,7,7,78.70731495395802,6,27.838414369244752,56.9766280751039,0,C
1,1,1,5,6,97.75121286217771,3,18.218901607772214,63.12185166427838,1,C
3,3,12,16,6,81.31631769273555,6,27.164539711591942,49.25167809647607,0,F
2,3,0,16,14,100.0,10,26.5,78.60377113085094,1,B
4,2,19,19,15,60.47386229321893,16,26.559232786652366,69.98573207337449,1,B
4,2,6,8,11,86.4928209200291,20,27.811602615003636,59.18411686710188,0,C
4,2,27,8,14,50.0,12,26.25,52.27625471731402,0,C
2,3,24,17,19,51.632906900781244,8,21.454113362597656,52.33080064286456,0,C
3,2,8,12,7,81.88874469922266,9,27.236093087402832,68.647332366874,1,B
2,0,27,14,12,51.041231632389696,6,17.380153954048712,60.03520063892916,0,C
4,3,25,14,17,60.23473697821519,20,26.529342122276898,59.77578328541965,0,C
2,1,16,18,6,70.44559246372151,4,20.80569905796519,58.08196485811366,0,C
2,3,20,17,15,66.8200752910113,8,16.352509411376413,62.378425276334596,1,C
2,0,22,11,15,50.0,8,17.25,61.14432746906716,0,C
3,0,12,14,11,75.0698614302797,6,22.383732678784963,71.43503295118204,1,B
1,2,22,11,7,57.17479051079239,5,17.146848813849047,39.08347339200249,0,F
1,3,9,11,13,78.2915330965909,3,20.786441637073864,53.58126574342428,0,C
2,3,15,16,11,63.99457918949346,10,15.999322398686683,49.168606796273636,0,F
1,3,5,6,19,90.42151360462896,3,20.30268920057862,53.32850325381956,0,C
1,1,15,13,13,64.37908956625284,4,18.047386195781606,59.58746662465643,0,C
2,2,10,10,6,84.35974066856988,4,21.544967583571236,48.650348367596884,0,F
2,0,25,6,10,50.0,4,19.25,57.16333057600017,0,C
4,0,19,5,9,65.5989129574468,16,26.19986411968085,66.82985427486864,1,B
1,2,2,15,18,95.86975543131875,3,17.983719428914846,80.06332472186264,1,A
3,0,27,5,6,52.21840825164544,15,21.52730103145568,37.25771334200269,0,F
2,0,28,5,8,50.0,6,16.25,46.10498651471586,0,F
4,2,8,8,8,87.42576013330975,8,28.92822001666372,57.12805210591253,0,C
3,0,14,8,12,72.74262598507089,15,20.092828248133863,72.02051043231751,1,B
1,3,27,18,17,50.0,5,12.25,57.9952770125888,0,C
4,1,12,16,11,74.61265297195251,12,28.326581621494064,66.914198392481,1,B
2,2,9,13,17,79.8511744921164,6,22.98139681151455,67.02418632967951,1,B
3,1,19,17,9,57.73610879988118,9,20.217013599985147,56.831389731568834,0,C
2,0,23,16,13,50.0,10,15.25,61.09541441380182,0,C
1,0,12,16,5,79.18855108612371,4,16.898568885765464,58.713906417824084,0,C
3,3,16,5,8,70.07189610556969,15,26.75898701319621,45.166554767553905,0,F
1,2,6,7,9,88.70780130411836,2,21.088475163014795,56.02303851027263,0,C
1,0,27,7,12,50.0,4,12.25,47.71645075122382,0,F
4,2,5,12,7,90.45344071457396,16,32.306680089321745,67.64064026733934,1,B
2,2,12,6,18,79.33756947154387,6,24.917196183942984,63.71166741077194,1,C
3,2,27,10,16,50.0,15,20.25,58.033645684408285,0,C
1,2,16,15,9,69.16372936279635,2,17.645466170349543,59.106583225160435,0,C
1,2,14,8,7,75.49887911637953,5,14.43735988954744,53.081909278638214,0,C
3,1,3,17,17,93.35459357662539,9,22.669324197078176,81.43537257523595,1,A
1,3,27,14,11,54.318017260511326,5,14.789752157563916,38.42555808394253,0,F
4,2,14,10,14,70.13304343076912,8,28.766630428846142,63.61998773085638,1,C
4,1,13,17,7,74.903100773418,12,24.36288759667725,75.31816378987237,1,B
4,0,20,9,11,63.616656713386554,20,25.95208208917332,68.81524381628378,1,B
4,2,10,16,18,75.54017732512699,8,26.442522165640874,74.1656559229896,1,B
1,0,23,13,6,58.03862732026006,2,13.254828415032508,52.82058626782806,0,C
3,2,3,13,11,94.45747787755009,9,26.807184734693763,85.04863560971685,1,A
3,1,2,5,13,95.25872327173366,9,29.907340408966707,73.970717154282,1,B
3,1,1,7,16,98.37095663712451,12,24.29636957964056,76.0850005360242,1,B
3,1,19,5,9,69.44669375672484,12,19.680836719590605,61.87943252158692,1,C
2,3,26,10,16,53.64959761380294,4,18.706199701725367,53.76612882272708,0,C
3,0,9,16,10,81.17527669052987,9,21.146909586316234,68.45311661280536,1,B
2,3,29,7,17,50.0,6,14.25,34.8835779522086,0,F
2,2,12,18,14,74.6973462299719,10,21.33716827874649,68.61584029739794,1,B
4,0,19,5,15,68.46473801015574,20,25.558092251269468,73.25482042392535,1,B
2,1,28,10,7,50.67937623451428,10,15.334922029314285,41.958719356738534,0,F
1,0,25,9,17,50.0,5,15.25,53.03743117667352,0,C
2,1,20,16,14,65.65701595482535,8,21.207126994353168,71.35312329274377,1,B
4,3,28,16,9,50.0,20,20.25,38.04483842557145,0,F
2,3,22,12,17,54.40174670618282,6,21.800218338272852,48.33812176491975,0,F
1,1,24,18,19,50.0,2,18.25,59.80990047467566,0,C
1,1,17,6,9,73.14192681608091,2,15.142740852010114,50.8690945133756,0,C
1,2,20,12,7,60.791720428581904,2,16.598965053572737,39.93590008807261,0,F
4,3,15,16,12,71.55593558886804,16,25.944491948608505,60.50043705355186,0,C
4,3,10,9,10,76.75758750548823,8,27.59469843818603,53.318681040590164,0,C
3,2,9,12,17,78.3973259287441,12,24.799665741093012,69.89889783741333,1,B
4,3,8,16,7,80.74389465174909,16,26.092986831468636,57.386891445584425,0,C
1,1,11,14,5,79.37346755654247,2,21.921683444567808,57.902827858847274,0,C
1,0,29,8,14,50.0,4,16.25,64.69016983138098,1,C
4,0,28,19,5,50.0,20,21.25,66.13101924100064,1,B
2,3,18,8,17,66.80824649250755,10,20.351030811563444,51.50136240718756,0,C
4,2,0,14,15,100.0,20,26.5,83.5685895638819,1,A
4,1,17,19,14,70.8692921732971,16,22.858661521662135,78.37495057922818,1,B
1,0,13,19,16,71.93710690703955,5,15.992138363379944,75.4098351369969,1,B
3,1,21,8,6,50.0,6,17.25,40.1287732755845,0,F
1,3,20,18,14,64.4017286060778,2,17.050216075759725,50.95225049960766,0,C
3,3,0,15,9,100.0,12,24.5,64.08352144088974,1,C
1,0,16,19,11,73.70302205508195,4,16.21287775688524,78.47351960776948,1,B
4,3,10,10,5,83.78616057902741,20,29.473270072378426,59.325184789612294,0,C
1,2,19,8,5,69.30275491676755,3,19.662844364595944,48.58551053530627,0,F
1,3,27,13,8,55.75973941417558,2,13.969967426771948,38.71043637065211,0,F
1,3,14,13,17,75.97369181566782,3,21.496711476958478,58.2724503086,0,C
4,3,3,7,14,93.81150851319461,20,28.726438564149326,65.95810866255106,1,B
4,1,14,11,19,68.26220091938248,16,25.53277511492281,62.909868596934885,1,C
4,1,21,16,10,65.83600250207077,20,23.229500312758844,73.98784382808077,1,B
4,0,21,9,13,50.229686247594785,12,27.278710780949346,44.382876315472046,0,F
3,0,25,19,5,50.0,15,24.25,65.44302983726561,1,B
3,0,13,16,15,71.04395565546241,12,20.8804944569328,72.35332068765621,1,B
2,3,21,13,14,59.554718211309066,6,21.444339776413635,50.23349355931232,0,C
4,1,0,6,9,100.0,20,28.5,67.79890755630126,1,B
3,2,25,7,13,50.0,12,21.25,40.37723959228951,0,F
1,3,8,14,12,80.96811084258849,5,19.12101385532356,46.6830502577709,0,F
4,3,26,9,11,52.28255421953158,20,23.53531927744145,37.29750046805375,0,F
2,3,6,16,17,86.69207463267328,8,19.83650932908416,75.29862367857102,1,B
2,2,22,9,14,65.63495248405181,8,22.204369060506476,48.33646182286817,0,F
2,0,10,14,6,77.90505128528358,10,18.738131410660447,60.783875107870344,0,C
1,2,22,16,13,65.49721254132436,2,17.187151567665545,57.918420723244154,0,C
3,0,1,19,16,97.91281366411131,15,26.239101708013912,85.18112967900525,1,A
1,2,1,18,17,97.90244671410471,4,21.23780583926309,80.67003249808154,1,A
4,1,5,18,12,90.9892172278809,8,29.37365215348511,82.2714238969154,1,A
2,3,22,11,17,65.25930000431191,8,18.15741250053899,56.16905070729038,0,C
1,3,18,17,15,55.91197405517613,5,12.988996756897016,47.30277864220467,0,F
1,3,28,18,19,50.0,3,13.25,60.730375867495354,0,C
3,0,19,12,14,60.484595622646616,12,20.560574452830828,71.50403374109052,1,B
3,2,13,12,14,72.50472844260383,12,24.06309105532548,54.197873412481485,0,C
2,1,27,18,13,50.0,6,17.25,63.055398501701134,1,C
1,2,2,5,13,96.87948871090649,4,21.10993608886331,63.29632351726376,1,C
1,3,6,18,13,85.64027339288481,4,20.7050341741106,69.34395060872251,1,B
3,1,6,5,7,89.56194094833235,12,25.195242618541542,57.31847634097916,0,C
1,1,3,7,11,95.26614925121096,3,22.90826865640137,60.253261099294406,0,C
1,3,28,5,16,50.0,5,12.25,36.20925220793898,0,F
1,2,22,5,5,50.0,4,16.25,31.638971696759064,0,F
3,3,4,14,13,93.77103173477362,6,27.7213789668467,69.9826864181615,1,B
2,2,16,12,18,69.18205091140214,10,21.647756363925268,66.43913944414619,1,B
4,1,25,5,19,50.0,20,20.25,51.17699716456753,0,C
2,1,3,13,13,94.74364310768954,4,20.842955388461192,82.41826000345819,1,A
4,3,22,6,7,50.0,8,24.25,36.73263014350147,0,F
1,1,12,13,9,74.30844142475408,2,17.28855517809426,61.03610483596219,0,C
2,0,15,18,16,64.83473990729934,6,21.104342488412417,71.00511349336774,1,B
4,1,15,11,17,71.2633347704243,16,22.90791684630304,71.93487888862987,1,B
3,0,1,13,12,98.14604411285518,15,28.268255514106897,83.73655876717564,1,A
3,1,17,7,10,65.09631578702142,6,22.137039473377676,49.939410742840856,0,F
2,3,0,5,14,100.0,8,26.5,65.73279879931479,1,B
2,3,17,5,14,62.345883062674496,8,18.79323538283431,40.647486854954764,0,F
1,0,25,15,13,55.85454774470513,3,17.981818468088143,70.13735662455619,1,B
2,3,29,19,18,50.0,10,14.25,60.28439903567906,0,C
1,1,7,14,17,83.23407076894158,4,22.4042588461177,80.93531318958225,1,A
1,1,10,10,7,77.43892099656671,2,14.679865124570838,50.72858432148894,0,C
3,3,23,11,16,61.63438620458843,6,25.704298275573553,48.89642372398854,0,F
3,1,23,13,11,50.0,9,18.25,46.43007603063911,0,F
4,2,14,10,17,70.75376773376738,8,24.844220966720922,68.54683332591975,1,B
3,2,15,9,10,67.31069225091275,6,24.413836531364094,64.82749811723262,1,C
3,1,16,18,18,71.29189494641174,9,19.911486868301466,79.58561925231588,1,B
2,3,16,6,19,68.93529178182948,6,21.616911472728685,53.8986628441601,0,C
3,0,11,6,9,74.62506273203124,6,22.328132841503905,56.72053568591345,0,C
4,3,9,12,8,83.52391403113137,20,26.44048925389142,67.45538152666425,1,B
2,0,19,19,9,68.36382930530633,10,18.54547866316329,71.3199342008644,1,B
4,3,5,5,17,90.6084754350826,12,31.326059429385325,60.060903916523,0,C
3,1,7,12,8,89.01546932813429,15,24.126933666016786,62.666588844111374,1,C
4,2,12,15,7,73.38572249818081,20,23.173215312272603,55.944685503423756,0,C
2,3,1,14,11,98.3522540912258,10,25.294031761403225,69.21630354817074,1,B
1,0,28,15,10,50.01647460229635,3,14.252059325287043,47.02708822159805,0,F
4,2,18,11,8,57.140541900029945,20,26.142567737503743,44.17166778258975,0,F
4,0,21,11,13,57.149549182907805,8,26.143693647863476,70.41431936546286,1,B
2,1,9,9,5,83.60795403463172,4,18.450994254328965,60.21691753708738,0,C
2,2,3,7,5,93.85699932995534,6,19.732124916244416,53.02859401214103,0,C
4,0,11,11,13,81.09894574404922,20,28.137368218006152,82.73540815104406,1,A
3,3,17,11,11,74.07205679500463,12,24.25900709937558,50.25130508036091,0,C
4,1,6,11,6,87.37760512621719,16,25.92220064077715,70.34658727611664,1,B
2,1,19,16,15,57.931607277090144,4,17.241450909636267,60.888603023057,0,C
1,1,23,19,14,50.0,2,13.25,69.65529890709855,1,B
1,3,23,19,9,50.0,4,15.25,39.40138672118308,0,F
3,3,22,15,17,50.0,9,20.25,59.738612786384024,0,C
4,2,25,6,8,50.0,20,21.25,39.68571843655219,0,F
1,3,24,7,5,50.0,4,16.25,17.63469648536732,0,F
4,2,3,7,16,92.896230097509,20,28.612028762188626,74.26427285474374,1,B
2,1,6,8,17,86.95761098063089,8,22.86970137257886,75.75125018033918,1,B
1,2,9,16,13,84.96155987912557,2,20.620194984890695,76.01618899826465,1,B
3,0,25,13,19,57.95743934194287,15,21.244679917742857,76.89351401068862,1,B
2,1,14,14,10,77.45636761158632,6,19.682045951448288,60.65865093651642,0,C
3,1,11,19,15,73.12727808007125,15,27.140909760008906,83.92156702927575,1,A
2,2,0,5,17,100.0,10,27.5,71.88120288655934,1,B
1,1,19,19,18,56.491714741155036,4,16.061464342644378,60.73696106607747,0,C
3,3,17,19,16,68.87032527398581,9,24.60879065924823,65.00431694701517,1,B
3,0,24,16,10,52.94987895815781,6,20.618734869769725,54.8923853974234,0,C
2,2,15,11,8,76.90330702244961,10,18.6129133778062,54.77291900776463,0,C
3,2,4,11,17,90.44397039825961,15,23.30549629978245,78.36781687988254,1,B
2,1,18,15,6,57.64593827059105,8,15.20574228382388,46.51028099271534,0,F
2,3,3,8,12,93.14556599540711,4,25.64319574942589,60.20265193854652,0,C
2,1,5,17,19,92.20848966159404,8,24.526061207699257,93.03680511066082,1,A
2,1,25,15,19,58.143756610564154,6,19.267969576320517,64.08020351919545,1,C
1,2,16,5,12,70.65326947592862,2,17.831658684491078,45.98984906418611,0,F
2,1,6,7,7,89.42162394794997,6,26.177702993493746,66.15856668901765,1,B
4,0,23,9,11,50.0,16,25.25,62.07926997523492,1,C
3,1,22,16,18,62.71361331958636,6,22.839201664948295,64.22444173419325,1,C
4,1,6,6,11,87.80725320796616,12,26.975906650995768,60.32529457437954,0,C
1,2,8,11,18,83.4289512174455,3,22.428618902180688,72.34297277172668,1,B
4,1,12,18,9,76.89985783404956,16,25.612482229256194,71.51950622215362,1,B
3,3,19,14,19,66.92692929712128,6,23.365866162140158,60.24496911708752,0,C
4,2,13,14,9,68.01617421854529,12,29.502021777318163,49.32512786821469,0,F
1,1,15,11,19,71.29901136596466,5,18.91237642074558,66.38084653341556,1,B
2,0,22,16,12,50.99918009819338,4,17.374897512274174,60.10585384824888,0,C
4,0,8,14,8,86.52762809875017,8,31.81595351234377,78.70062669393141,1,B
1,2,14,9,5,67.4806436404928,5,15.4350804550616,41.16827245103858,0,F
1,2,4,19,5,93.13643270706534,2,21.64205408838317,70.61183913404363,1,B
3,1,17,16,13,63.019787399258554,6,22.87747342490732,63.61553600681616,1,C
3,3,20,14,8,59.87007997054956,15,20.483759996318696,53.78413198648367,0,C
4,1,19,19,5,68.7154143213529,16,27.589426790169114,65.5115853342573,1,B
2,0,7,10,17,89.32535562690745,6,19.16566945336343,76.8591477142676,1,B
1,3,14,5,6,65.96952428465471,5,20.24619053558184,31.003570001811042,0,F
4,3,20,8,14,67.4861897287092,8,23.43577371608865,44.23848618551839,0,F
1,3,24,8,11,50.0,3,17.25,36.40573324743865,0,F
1,1,8,15,6,82.77852032842412,3,15.347315041053015,72.6088792269807,1,B
2,0,18,12,5,66.84903923592653,6,20.356129904490814,61.19494653808826,0,C
2,2,28,19,14,52.809278812467596,8,19.60115985155845,61.230116189492094,0,C
4,1,25,6,18,58.04179376361463,8,22.25522422045183,50.74013571937588,0,C
2,2,21,5,13,56.20811508594498,4,18.026014385743125,36.276375252026256,0,F
2,3,5,11,18,89.76539352687978,6,23.220674190859974,72.34232780359893,1,B
4,3,3,10,9,92.8721949389493,12,28.60902436736866,62.850285597151554,1,C
2,1,10,9,18,78.59996921588063,8,20.82499615198508,66.94545082912288,1,B
3,0,28,16,17,50.0,12,19.25,60.46289217147062,0,C
1,3,9,17,8,86.20828243792653,3,17.776035304740816,58.44204437709932,0,C
1,2,2,17,8,95.6580137059428,2,17.95725171324285,64.25828595196116,1,C
1,2,0,17,19,100.0,5,18.5,81.82518669902842,1,A
1,1,11,12,18,80.7187714403772,4,20.08984643004715,66.73357292780753,1,B
4,2,22,15,15,51.147316360034495,8,22.393414545004312,59.42451953890334,0,C
1,0,14,19,17,67.89193857645083,4,20.486492322056353,75.73793067105089,1,B
1,3,14,17,5,73.79570334806027,2,21.224462918507534,52.748996479300374,0,C
1,2,20,6,7,54.19846366263387,3,17.774807957829232,37.07053270744098,0,F
1,2,13,6,17,74.73131922041938,4,15.341414902552422,53.57371823085569,0,C
3,3,25,13,5,50.0,15,22.25,37.49155230587173,0,F
1,1,6,5,9,90.85057736692845,3,23.356322170866058,68.87738731269715,1,B
3,2,16,10,9,74.6640788669624,12,20.3330098583703,50.163287636559325,0,C
4,1,23,17,13,50.0,12,24.25,57.23573916534879,0,C
2,1,18,17,17,61.76638669905402,10,15.720798337381751,59.19798957787036,0,C
1,2,6,7,12,87.64587847818689,4,19.95573480977336,58.24685509261883,0,C
2,0,27,19,9,50.0,8,19.25,51.55841848497538,0,C
2,1,2,17,9,95.1396187451557,8,21.892452343144463,74.79209768442207,1,B
4,2,29,9,11,50.0,8,26.25,35.02613687149272,0,F
2,1,2,12,16,95.70504776668032,4,19.96313097083504,81.80094094676063,1,A
3,3,25,11,6,50.0,12,23.25,35.62312778849576,0,F
2,0,24,17,17,50.0,6,17.25,51.24115851631264,0,C
2,0,28,16,11,50.66645060932606,6,14.333306326165758,54.938596922026065,0,C
2,3,17,8,5,64.01526939303383,8,17.00190867412923,34.047875528204806,0,F
1,3,29,12,18,50.0,5,11.25,49.67652023249178,0,F
1,1,19,15,9,68.9378598515315,5,20.617232481441437,65.32144144526562,1,B
3,3,21,15,19,57.57334354787505,15,20.196667943484382,61.98021431159766,1,C
3,0,13,14,16,79.59584330837396,6,22.949480413546745,80.23416843951213,1,A
1,3,2,15,19,96.63008082519532,2,23.078760103149413,77.38239347619695,1,B
3,2,27,18,16,50.0,6,18.25,61.304908847708646,0,C
1,2,25,6,10,59.51892046144142,2,16.439865057680176,40.66680387905582,0,F
4,1,29,11,17,50.0,12,21.25,57.58760564172841,0,C
2,0,25,9,15,54.41298260017316,8,21.801622825021646,60.977127875178695,0,C
2,2,6,15,18,87.66812025564033,8,23.95851503195504,82.72012193390454,1,A
3,3,6,10,14,89.59015874528558,12,26.198769843160697,52.489807049812285,0,C
1,2,4,7,5,92.22248218128937,3,18.52781027266117,41.21333255966334,0,F
1,2,2,15,19,95.26533313370348,5,22.908166641712935,83.39558142316068,1,A
3,1,17,14,13,68.10431137707094,15,25.513038922133866,63.5498402181115,1,C
1,3,14,11,13,74.0575668679869,2,16.257195858498363,52.139867973806915,0,C
4,3,19,11,5,63.02375649387636,8,26.877969561734545,40.81493162777562,0,F
2,3,13,6,8,79.1935930248239,6,21.899199128102985,55.940491626594394,0,C
3,1,28,5,19,50.0,9,17.25,55.862913702270596,0,C
3,3,3,14,12,95.4792992481155,15,22.934912406014437,74.8683654586128,1,B
1,3,26,6,6,50.0,4,12.25,24.82243231750325,0,F
3,2,23,16,17,50.0,12,23.25,55.66348513062316,0,C
4,2,7,12,17,85.63548827236657,12,26.70443603404582,68.86161800876954,1,B
1,3,28,15,15,50.0,3,11.25,52.52095927407083,0,C
1,0,20,14,17,69.38873257480466,3,15.673591571850583,75.33840172405662,1,B
1,0,12,7,12,71.68582023860709,2,14.960727529825887,60.10665749569112,0,C
1,3,21,15,14,60.414925391194565,4,15.551865673899322,59.9202593943572,0,C
4,0,7,8,17,82.67603123575304,12,26.33450390446913,76.33618394042348,1,B
1,1,14,12,16,77.31348482657636,3,21.664185603322046,65.28894362455411,1,B
3,2,16,7,18,60.8852498434362,6,25.610656230429527,52.61193181273045,0,C
4,1,4,10,17,91.46283637465471,12,28.43285454683184,84.31650140919591,1,A
2,2,19,6,13,70.50553429447871,8,22.81319178680984,45.525108797852766,0,F
2,0,3,7,13,92.5849027664898,4,26.573112845811224,73.37068380533685,1,B
3,0,10,5,18,84.86126931854736,9,23.60765866481842,82.4489005816044,1,A
3,3,17,13,5,62.07809713225315,12,22.759762141531645,45.451481626510876,0,F
4,0,9,8,13,78.49423046450715,16,28.811778808063394,71.15385346193567,1,B
2,0,16,10,8,73.18701513231748,4,24.148376891539684,71.09604077217006,1,B
2,3,29,19,16,50.0,8,17.25,56.435790834406376,0,C
2,3,14,11,16,71.14278923245595,4,20.892848654056994,47.13470082236958,0,F
2,2,5,6,12,89.10095357077519,8,24.137619196346897,59.674582112599566,0,C
2,0,22,12,17,50.0,6,18.25,68.44605004124956,1,B
1,2,20,16,18,54.778590582433885,2,12.847323822804235,59.05468028896669,0,C
3,2,15,13,13,72.05003284271594,12,27.006254105339494,70.8563331523176,1,B
1,1,14,18,7,67.49592263498664,2,14.43699032937333,54.061816090047905,0,C
2,0,7,14,10,82.7374629523909,8,18.342182869048862,72.889604557134,1,B
4,0,8,15,7,86.18411055006692,8,27.773013818758365,76.04052569402428,1,B
4,1,10,6,5,84.25904406545571,12,24.532380508181966,50.33998734791113,0,C
2,2,26,9,14,50.0,4,21.25,45.34058593403742,0,F
2,0,1,6,10,97.61860289604245,4,26.202325362005304,73.57356753708385,1,B
4,2,26,15,9,57.09242087314094,12,24.13655260914262,46.72363170288026,0,F
1,1,12,9,7,71.37042174541588,4,14.921302718176985,44.39279497418951,0,F
1,3,3,11,18,92.5233609287915,5,17.565420116098938,73.62976577548595,1,B
2,2,26,10,18,59.59594199703794,6,20.44949274962974,56.85089252801485,0,C
1,0,8,8,8,84.03794900915614,2,20.504743626144517,51.51978329433178,0,C
4,3,4,18,6,92.684458021147,12,26.585557252643376,62.423026369147365,1,C
1,2,18,6,16,65.9137626112364,3,19.23922032640455,51.74370204508493,0,C
2,2,21,11,14,59.01567020072752,4,18.37695877509094,40.20906760629708,0,F
4,3,2,16,14,95.52059208709763,8,32.9400740108872,69.16303511239639,1,B
1,3,29,14,17,50.0,5,17.25,47.55716666435453,0,F
3,3,20,13,18,50.77597823566439,9,23.346997279458048,50.23102966402688,0,C
4,0,2,5,8,96.33447080152094,8,27.041808850190115,63.57005539508918,1,C
4,0,5,7,8,89.79247958758629,16,25.224059948448286,69.53139868507174,1,B
3,2,27,11,7,50.0,12,21.25,40.25065480731485,0,F
3,2,9,19,10,83.14274424705688,12,26.392843030882112,70.85559891864723,1,B
4,1,4,18,5,92.13880319755636,16,31.517350399694543,78.06507584967976,1,B
3,0,29,13,13,50.0,9,20.25,50.94999034548225,0,C
2,2,24,17,15,50.0,6,18.25,59.354840016033535,0,C
2,3,2,9,14,96.16863705915235,10,20.02107963239404,67.2973839915313,1,B
2,3,21,11,7,57.32904008491846,6,17.166130010614808,40.65899231253642,0,F
4,0,23,19,7,50.0,8,25.25,59.84610624957467,0,C
3,3,6,14,16,90.74518502831798,15,29.343148128539745,72.133911879119,1,B
3,1,21,11,7,59.08719695014957,9,19.385899618768697,49.816917403184156,0,F
1,2,29,8,11,50.0,3,16.25,40.045389904074,0,F
1,2,17,9,12,74.35673322144387,2,19.294591652680484,57.97300228315872,0,C
3,2,22,6,6,53.87069696553888,6,22.73383712069236,39.40000188635497,0,F
3,0,7,12,5,89.10660031735894,6,22.138325039669866,67.0123423559546,1,B
3,3,0,16,9,100.0,12,25.5,73.29863356681355,1,B
4,1,24,19,12,50.0,12,23.25,64.85500423994938,1,C
3,0,3,19,18,95.40323458960421,9,22.925404323700526,98.84763629462242,1,A
1,2,23,5,7,64.37750743518035,3,20.047188429397544,37.41189425556949,0,F
4,1,25,6,10,50.0,20,23.25,54.34984947417643,0,C
3,2,6,16,7,88.78273064453013,15,26.09784133056627,72.71328699061375,1,B
1,2,13,7,19,73.02466475680177,5,18.12808309460022,54.39950976020822,0,C
4,0,12,11,10,78.7560607628154,20,30.844507595351924,69.89305513086912,1,B
3,2,9,10,16,84.9432801150631,15,24.617910014382886,77.57437445796648,1,B
3,1,22,18,8,60.48630341395365,6,24.560787926744204,50.819857362459885,0,C
3,2,17,11,18,70.3058670961922,15,23.788233387024025,65.98285263067623,1,B
4,3,0,15,15,100.0,12,30.5,85.0,1,A
1,2,3,9,19,93.25997150413694,4,23.65749643801712,77.94968478648026,1,B
1,0,27,18,11,50.0,3,18.25,66.51963436826172,1,B
2,1,15,8,15,68.36232538090422,6,17.545290672613028,53.42246448861598,0,C
3,0,15,19,14,70.44882105312874,6,22.806102631641092,81.6256616873956,1,A
2,3,17,19,5,68.97952811655213,8,19.622441014569016,59.480857161272695,0,C
2,2,7,11,5,88.49543822247658,6,21.061929777809574,55.261340215544095,0,C
1,0,9,7,19,83.30891086797399,2,22.41361385849675,74.60284699994841,1,B
4,0,15,17,9,67.52202075679202,16,27.440252594599002,77.3172646299358,1,B
4,0,22,14,13,50.85689669567596,16,21.357112086959496,63.18937149667142,1,C
1,0,23,11,9,54.70882449011109,2,11.838603061263886,44.49351297256105,0,F
4,3,10,6,8,78.55002725416955,20,24.818753406771194,36.211261835771715,0,F
2,3,5,16,12,91.44729459057874,4,19.430911823822342,67.58234312347577,1,B
3,2,0,16,17,100.0,6,26.5,80.15754875295083,1,A
1,2,29,12,9,50.0,5,12.25,28.19844622353638,0,F
3,1,28,16,5,50.0,6,23.25,45.07700300504476,0,F
4,3,28,10,11,50.0,8,22.25,37.61165189836239,0,F
3,0,11,16,15,76.82671768743259,6,25.603339710929074,76.51661083944316,1,B
4,0,24,19,19,52.66167906916864,12,24.582709883646082,82.55285675468944,1,A
4,1,5,7,8,87.94428923221106,8,24.993036154026385,64.98369322215137,1,C
2,0,27,7,14,50.0,4,18.25,51.87795989453097,0,C
4,1,12,9,9,73.92987408869521,16,28.241234261086902,55.030067569905185,0,C
2,2,25,7,17,50.0,8,17.25,50.691097747634906,0,C
2,3,16,10,10,74.64244272098011,8,20.330305340122514,57.48370052098795,0,C
2,1,0,6,17,100.0,4,23.5,83.80506273623897,1,A
1,0,7,12,11,87.40693796429187,5,19.925867245536484,72.37663977818002,1,B
1,1,21,17,15,64.05803236425282,2,18.007254045531603,69.26732395323567,1,B
4,2,7,15,6,82.83228319664404,12,30.354035399580503,59.97864853590535,0,C
2,0,23,16,19,56.07431207101016,6,18.00928900887627,68.00406838663142,1,B
1,2,10,15,18,76.23394561341249,3,17.52924320167656,72.25256356065678,1,B
2,2,13,13,19,69.86496411233898,6,20.733120514042373,59.63070405123305,0,C
3,1,23,17,5,50.0,6,20.25,47.296139034990354,0,F
3,2,9,19,16,84.55863227367834,12,26.569829034209793,85.1212219715772,1,A
3,0,14,11,7,72.73749461798859,6,27.092186827248575,59.871950705848114,0,C
4,2,6,18,14,89.09228805011716,8,25.136536006264645,71.47631239825223,1,B
2,2,6,7,16,85.17753397696649,4,19.64719174712081,72.25125799240068,1,B
3,1,9,15,5,78.60930128833897,6,20.82616266104237,64.3233990503943,1,C
1,2,3,18,8,94.75022901708073,5,22.84377862713509,63.0234920446848,1,C
3,3,24,14,10,56.475511340556125,12,21.059438917569516,48.92123539987943,0,F
3,1,27,8,9,50.0,12,22.25,45.698500629165245,0,F
3,1,17,16,17,69.76370165276649,9,24.72046270659581,77.65818178862898,1,B
4,0,26,14,15,50.0,8,23.25,66.34493927836526,1,B
1,0,24,6,8,50.0,3,17.25,43.92101055599093,0,F
2,0,9,13,11,79.98093605953662,8,23.997617007442077,74.21756530927013,1,B
1,0,18,18,17,60.59241631439122,4,19.574052039298902,75.52897050634111,1,B
2,3,13,9,15,73.38508040256576,6,20.17313505032072,55.40441018098937,0,C
4,1,12,16,15,77.8346529147002,16,26.729331614337525,75.98989721056587,1,B
4,2,14,6,10,67.2828616611746,16,26.410357707646824,43.37718607340031,0,F
4,0,15,14,7,64.6175174312234,20,27.077189678902926,65.27644247995437,1,B
4,0,1,10,13,98.45049053113583,8,27.306311316391977,79.02871606765152,1,B
2,0,28,11,19,50.0,4,21.25,63.04274755062063,1,C
3,2,3,17,9,95.42011725864933,12,26.927514657331166,80.00549492501105,1,A
2,0,20,6,17,53.2104521060073,8,18.651306513250912,65.09295537319224,1,B
1,2,17,19,14,71.4894148091253,5,18.93617685114066,70.7950589316593,1,B
4,1,28,5,5,50.0,12,26.25,43.04075186734349,0,F
4,1,16,17,17,70.28198691689008,20,29.78524836461126,78.93808537892723,1,B
1,1,9,11,10,79.15541092091051,5,17.894426365113816,60.1744861966629,0,C
2,3,26,5,9,50.0,6,14.25,33.30929266863637,0,F
3,2,20,7,14,63.51196151096887,12,23.938995188871107,57.593633563570634,0,C
3,0,8,8,12,85.40903466199407,6,21.67612933274926,74.75692628340205,1,B
1,0,14,6,8,74.42301860609791,5,16.30287732576224,55.852069067145415,0,C
3,0,27,11,16,50.0,15,22.25,64.0864168789546,1,C
2,0,11,9,5,75.67772841290659,4,24.459716051613324,67.8658161175963,1,B
2,3,20,5,15,63.61571785306934,10,16.951964731633666,32.72128196720193,0,F
1,0,27,16,6,50.0,3,16.25,57.99486051732808,0,C
2,3,26,16,12,59.02001197623754,4,22.37750149702969,48.95073216988723,0,F
4,2,25,12,14,50.0,8,22.25,48.551201428053474,0,F
1,1,8,14,12,85.87236152445003,3,19.73404519055625,69.30099614470488,1,B
2,0,13,11,17,68.94007315609694,6,18.61750914451212,61.277886462089235,0,C
1,1,12,8,18,74.83843968384488,2,20.35480496048061,64.0678901071494,1,C
3,2,27,6,9,50.0,9,19.25,43.955787823452695,0,F
2,2,25,19,10,58.43203144214446,10,20.30400393026806,56.651340917033494,0,C
4,0,5,11,6,92.15232320204991,16,27.519040400256237,73.25934393869824,1,B
2,2,18,15,15,63.05290154232712,10,16.88161269279089,56.507573559319994,0,C
1,1,3,6,16,94.09603263023433,3,21.76200407877929,70.62554345176831,1,B
1,0,19,10,13,69.22602236203201,5,13.653252795254001,51.050568958173116,0,C
2,3,16,5,19,62.63059643970901,8,15.828824554963626,44.129306088162124,0,F
4,0,18,18,10,65.48967785483713,16,24.18620973185464,74.94631149042864,1,B
4,1,2,11,16,96.47908439921822,16,31.059885549902276,76.48646552665933,1,B
4,0,28,11,13,50.0,12,27.25,53.89997869525814,0,C
1,0,13,16,15,68.63016596189982,3,14.578770745237478,69.8333257752436,1,B
2,1,16,8,14,71.10459674897535,6,16.88807459362192,61.963588678181296,1,C
3,0,12,8,7,72.68860137518024,12,23.08607517189753,65.29255122139149,1,B
1,0,8,19,10,82.7798427439319,3,20.34748034299149,77.7418790127337,1,B
4,1,26,14,14,50.0,8,26.25,56.613063947638466,0,C
2,2,0,9,9,100.0,10,25.5,68.75548556292212,1,B
4,1,24,6,13,50.0,20,27.25,50.88115573024295,0,C
3,0,16,13,17,70.95564709264177,6,25.86945588658022,78.65167790546056,1,B
4,3,15,14,14,71.32068552893541,12,29.91508569111693,67.91442434571182,1,B
4,3,17,8,19,68.3999611595259,20,22.549995144940738,58.54009539366753,0,C
3,1,1,15,5,98.23154930291162,12,23.278943662863952,67.73667722186099,1,B
2,3,13,13,13,71.48810644140619,10,17.936013305175774,55.400630784431414,0,C
1,0,21,18,9,56.127948264757265,5,13.015993533094658,71.97678107172018,1,B
2,0,22,7,5,60.274777194773876,10,15.534347149346734,50.462710909334874,0,C
3,1,26,13,14,57.562476130524814,9,21.195309516315604,55.32686115932444,0,C
4,0,16,5,12,70.92198979626869,8,25.865248724533586,60.981960027415106,0,C
2,2,2,11,11,96.2375373766323,10,26.029692172079038,69.17058444886113,1,B
1,0,1,8,18,98.11934655687892,4,19.264918319609865,77.80120542994727,1,B
3,1,7,11,10,86.99918326366186,15,23.87489790795773,76.46901201864097,1,B
2,2,24,18,6,62.830659850644714,6,15.853832481330588,55.63534307433268,0,C
1,2,28,14,9,50.0,3,11.25,49.21533310081225,0,F
3,3,1,19,7,97.6637919027547,12,23.207973987844337,54.51885674563191,0,C
1,0,1,10,6,98.31963370814148,5,22.289954213517685,72.88088591462517,1,B
3,1,25,8,18,58.858566414313685,15,21.35732080178921,62.101140527109465,1,C
4,3,8,8,14,84.22519155804152,16,28.528148944755188,56.114882784577944,0,C
2,3,29,12,5,50.0,4,16.25,34.91061319091335,0,F
1,0,19,11,13,60.83566782644254,3,14.604458478305318,55.56799209126479,0,C
3,0,20,8,6,51.058513806740216,6,21.382314225842528,38.27525591296102,0,F
1,1,28,15,17,50.0,2,11.25,61.975930117477816,1,C
1,3,26,10,15,50.0,5,18.25,41.71087333551908,0,F
2,1,24,10,5,54.01751333455171,8,16.752189166818965,35.59844182073529,0,F
4,3,5,5,18,91.06320081809183,12,28.38290010226148,71.36503719178219,1,B
1,3,25,17,11,50.0,2,15.25,44.739660026320465,0,F
3,3,11,6,13,73.7601211957259,6,23.220015149465738,44.36456253017096,0,F
3,0,24,8,10,50.0,15,22.25,45.25649027328079,0,F
4,3,8,10,12,84.43588041000626,20,24.554485051250783,56.26768692898766,0,C
3,3,6,10,19,89.52267788058077,15,24.190334735072597,62.38882317094806,1,C
4,3,29,5,15,50.0,16,26.25,50.23673176414741,0,C
3,2,11,12,11,83.12612741564686,9,24.390765926955858,73.6800171324116,1,B
2,0,25,6,13,50.0,6,18.25,57.10801711912697,0,C
1,2,24,17,11,57.64388718800109,5,18.205485898500136,46.327860987167966,0,F
2,0,4,9,17,92.56400343597534,4,26.570500429496917,83.13769630139043,1,A
1,1,15,8,10,65.36175788598902,5,20.170219735748628,63.99151678875042,1,C
1,2,4,9,5,93.51990379290837,5,16.689987974113546,51.934510745382134,0,C
1,1,11,9,13,78.4264251330427,4,16.803303141630337,61.932296814249526,1,C
2,3,23,19,14,62.68614826180934,10,17.835768532726167,68.32944900478736,1,B
1,1,25,14,9,51.45378576221689,3,17.43172322027711,51.87489687069964,0,C
2,1,19,12,17,70.60434810105409,10,16.82554351263176,71.83715554341265,1,B
4,1,8,14,6,83.85901739189237,12,24.482377173986546,63.19016205233514,1,C
3,1,22,11,19,50.0,6,17.25,51.030083017115295,0,C
3,0,6,16,18,86.9422199512531,9,26.867777493906637,90.88595218594475,1,A
1,2,28,18,16,50.0,3,14.25,53.96081659497869,0,C
2,0,18,13,15,58.0823431813152,10,16.2602928976644,62.87560975221656,1,C
3,0,19,16,12,67.17202847577533,9,24.396503559471917,67.60772407765064,1,B
2,0,22,15,17,50.0,6,16.25,69.59385468390659,1,B
2,1,10,17,8,82.23636520411824,4,24.27954565051478,71.27297249192087,1,B
1,0,26,19,18,51.57535512878019,3,14.446919391097524,80.2269290407108,1,A
3,2,29,5,7,52.775524151845715,9,24.596940518980716,42.151363830564165,0,F
1,0,20,10,17,67.96490487275562,5,17.495613109094453,69.18030464664639,1,B
1,3,11,10,5,73.24677329335861,4,16.155846661669827,42.29923169041664,0,F
3,1,2,6,9,96.62004350563005,15,28.077505438203758,74.0079252965812,1,B
3,3,16,15,7,70.66726151900883,6,26.833407689876104,51.629607697746394,0,C
4,2,6,12,19,87.8250898063004,20,31.97813622578755,86.12069822745863,1,A
4,2,21,10,8,61.1947902153343,12,22.64934877691679,48.873348385099206,0,F
2,2,9,15,19,78.66880044959099,8,21.833600056198875,76.64117536297046,1,B
3,2,22,17,13,50.0,15,19.25,64.13060185718737,1,C
4,0,14,14,15,74.43613359649072,20,29.30451669956134,72.86618312084755,1,B
2,1,29,13,18,53.83119681116531,4,15.728899601395664,67.50191451280557,1,B
2,2,1,14,11,98.28984176599282,6,20.286230220749104,79.08879709787298,1,B
2,3,12,9,15,76.30728495117924,10,18.538410618897405,54.73061737241548,0,C
4,2,27,11,9,51.71101185968935,20,22.463876482461167,48.804390226574725,0,F
3,1,3,10,12,94.13958328740537,12,23.76744791092567,72.28599907404417,1,B
1,3,17,15,10,61.60204050474517,2,17.700255063093145,44.32557779607004,0,F
2,3,23,19,14,55.82531602315916,6,16.978164502894895,60.96427542929597,0,C
4,3,22,9,6,62.66605596342535,20,23.83325699542817,36.096069027049126,0,F
4,0,0,10,11,100.0,16,32.5,84.03621684486386,1,A
1,2,1,8,5,97.75701878185147,5,18.219627347731432,50.7458586527939,0,C
1,0,1,7,7,98.07593787978622,5,18.25949223497328,65.89773301185903,1,B
4,3,3,17,16,94.75138644108688,8,30.84392330513586,70.96406653482278,1,B
3,0,2,5,5,96.14517672158533,12,27.018147090198166,67.1862619929018,1,B
1,0,16,5,18,68.72309299707744,4,20.590386624634682,67.15059444475072,1,B
4,0,27,10,19,51.49781547101969,12,24.43722693387746,72.05676279032646,1,B
1,2,13,18,5,67.55609384049049,5,16.44451173006131,53.50693949338717,0,C
3,3,1,13,19,97.73237398111134,12,25.216546747638915,85.0,1,A
2,3,15,12,9,67.1131751956886,10,23.389146899461075,46.63055796142559,0,F
1,2,10,16,10,76.45133015429856,5,18.55641626928732,65.53373227305575,1,B
3,0,24,6,16,50.0,9,23.25,63.18018221753875,1,C
4,0,12,13,7,72.50823588333866,12,30.063529485417334,65.35739948290849,1,B
1,1,0,12,18,100.0,4,24.5,86.28092265649039,1,A
1,1,24,18,7,51.991077522176134,5,14.498884690272018,40.43034824525157,0,F
4,1,22,18,7,65.96607956733732,16,27.245759945917165,71.08061929467281,1,B
2,2,1,16,5,98.21935360859118,10,22.277419201073897,64.71977840520621,1,C
4,3,1,13,9,98.13198759076668,16,31.266498448845837,76.11383491950872,1,B
1,1,20,8,5,57.490595491613405,4,18.186324436451677,42.01768867914727,0,F
4,3,28,13,14,50.0,20,27.25,56.01692791766756,0,C
3,3,4,6,14,91.5686469503068,6,25.44608086878835,55.66254427753043,0,C
4,3,3,17,7,93.36001799645835,12,29.670002249557292,82.55510918676089,1,A
1,2,11,5,17,83.03009465565563,5,18.378761831956954,61.21526330420271,0,C
4,2,25,17,10,56.043056324909635,16,22.005382040613704,68.70295483522096,1,B
2,2,25,13,15,58.227403186381686,4,20.27842539829771,54.996862597703725,0,C
4,2,28,14,10,52.75125666321281,16,23.5939070829016,50.521920192521534,0,C
2,1,27,12,7,50.0,4,19.25,48.942788501609016,0,F
3,0,2,11,13,95.52004244700015,15,29.94000530587502,89.89542838837056,1,A
2,0,19,18,12,66.31723635541783,6,16.28965454442723,75.81571518937595,1,B
4,0,9,17,15,79.07995685677858,16,23.884994607097322,87.0166373932938,1,A
1,1,19,12,7,54.543326173037094,2,14.817915771629636,46.6361958624838,0,F
2,0,17,16,9,68.54092417565401,4,16.567615521956753,70.29852266630586,1,B
3,1,20,5,9,56.37286922091549,9,21.046608652614438,46.970331710619014,0,F
2,1,20,18,19,67.65901411829785,8,21.45737676478723,75.62952205932007,1,B
2,1,20,13,18,55.119434290283564,10,21.889929286285444,63.31176549134926,1,C
2,0,26,16,9,56.709379237607905,10,21.088672404700986,70.12651079661175,1,B
3,3,26,14,7,50.0,12,23.25,34.50116427497903,0,F
4,0,9,15,9,82.70289996885833,12,27.33786249610729,80.52062870972999,1,A
2,0,0,13,9,100.0,6,23.5,83.57175400175802,1,A
2,2,5,19,8,90.17769709083801,6,26.272212136354753,82.23730395863628,1,A
1,1,10,16,8,84.69097182532406,2,15.586371478165507,51.023482307965836,0,C
3,3,1,15,6,98.0193309637541,6,25.252416370469263,55.16599173919471,0,C
2,2,6,13,13,86.22700753684003,6,21.778375942105004,62.80245266938232,1,C
3,3,19,17,19,59.20539771314985,12,21.400674714143733,59.15695032530007,0,C
2,3,20,18,11,50.673696067706516,10,15.334212008463314,53.28675966129313,0,C
4,1,20,10,5,53.134550198705085,8,21.641818774838136,37.52795178707446,0,F
4,0,20,8,9,59.468966742048735,12,25.433620842756092,55.01924395180898,0,C
2,1,17,17,6,70.98915038470824,4,16.87364379808853,56.47819824964538,0,C
4,1,20,6,14,69.92450740355754,8,24.74056342544469,57.115139661728406,0,C
2,2,18,15,10,55.350956853975376,6,20.918869606746924,57.85727786627652,0,C
4,1,3,8,11,92.685040905092,16,28.5856301131365,74.62989951262705,1,B
1,0,12,11,16,78.71027207109768,5,20.83878400888721,71.14594311087892,1,B
1,3,17,5,6,63.65033163419664,4,15.95629145427458,25.5991468150264,0,F
1,1,19,18,15,57.64444830516308,2,12.205556038145385,66.06179361377502,1,B
3,3,28,13,10,50.0,12,21.25,39.711179793588805,0,F
3,1,24,7,19,50.0,12,21.25,55.05393377935502,0,C
1,3,23,17,17,63.71003308606368,5,13.96375413575796,57.50914339089741,0,C
3,1,12,17,7,71.24207159019744,9,25.90525894877468,69.82196781418584,1,B
4,2,29,8,13,50.0,12,20.25,43.79400188486903,0,F
2,3,26,16,19,50.0,6,18.25,52.15274544483556,0,C
2,1,27,9,8,50.0,8,18.25,39.78846585849746,0,F
2,1,18,16,7,63.43684798655161,8,21.92960599831895,54.55238923723698,0,C
1,2,16,17,17,66.42930444982795,5,15.303663056228494,69.86339579179455,1,B
3,2,0,7,15,100.0,9,24.5,70.834803855233,1,B
4,2,5,8,7,89.87529830462398,20,26.234412288077998,60.76779797487099,0,C
4,3,18,9,6,60.67408139183998,20,22.58426017398,35.27197641947001,0,F
1,3,19,16,16,65.0723485717767,4,18.134043571472088,52.303236697745746,0,C
4,2,0,5,13,100.0,12,30.5,70.87417577612662,1,B
4,0,7,18,12,89.04828286140162,8,28.131035357675202,83.74622060895642,1,A
4,0,16,13,9,67.2713502630225,8,27.408918782877812,63.879762896787,1,C
4,1,20,14,18,68.25207647956572,16,29.531509559945714,76.5698905395248,1,B
3,0,21,17,18,59.201892243224464,12,22.400236530403056,79.5477703800709,1,B
4,1,14,14,17,75.39384699286038,16,27.424230874107547,80.26103428363248,1,A
2,3,17,17,13,58.572641357094994,8,21.321580169636874,52.432402677272734,0,C
1,3,6,18,17,90.92154768168434,2,23.36519346021054,73.1199278365579,1,B
3,0,15,8,6,71.63194553287815,9,26.95399319160977,60.87013891423786,0,C
4,3,6,17,10,86.30774350175827,20,24.788467937719783,57.25569357220735,0,C
3,2,16,13,11,72.98461739757656,6,26.12307717469707,59.99748402726135,0,C
4,2,3,8,10,93.05323538600125,12,26.631654423250154,67.73273225127782,1,B
2,0,11,18,19,74.04302403392694,8,18.255378004240868,80.40671371980827,1,A
1,0,12,5,7,73.50396400425076,5,20.187995500531343,48.08853768113967,0,F
4,1,3,16,14,94.87279245272148,12,27.859099056590185,91.07337375089463,1,A
4,3,20,9,18,64.55922686836875,12,23.069903358546092,50.982522078503294,0,C
4,1,0,17,14,100.0,20,30.5,90.39670898376534,1,A
4,1,0,13,14,100.0,12,26.5,84.35007083275154,1,A
1,2,6,7,13,90.78104622114775,3,18.347630777643467,56.51578477528429,0,C
1,2,8,9,18,81.14147935041387,5,19.142684918801734,57.236662828318714,0,C
2,2,0,7,19,100.0,10,24.5,77.08550908633165,1,B
1,2,15,16,16,72.58361164169423,2,21.07295145521178,59.01002226746971,0,C
4,1,17,7,12,69.57719106692207,16,27.69714888336526,63.69875049029474,1,C
2,2,21,5,19,57.061377774600686,8,17.132672221825086,49.84107833771349,0,F
2,3,14,6,12,74.4264124949407,6,22.30330156186759,58.159251485443775,0,C
2,2,5,6,12,88.18141012494826,8,26.022676265618532,61.10773327343597,0,C
4,2,1,13,13,98.28904256496308,8,30.286130320620387,71.56228429041909,1,B
3,2,8,11,5,80.94158566869717,9,25.117698208587147,58.70747073656237,0,C
4,0,3,12,12,93.50772264098971,16,32.68846533012371,88.89363119305202,1,A
1,3,12,6,6,70.52044935454036,4,18.815056169317543,30.737135026849423,0,F
1,3,22,13,8,66.66764068401474,3,20.333455085501843,47.91446079665913,0,F
4,1,21,17,5,67.25899312006571,20,22.407374140008216,64.77607242578235,1,C
4,1,10,7,16,79.99105406063427,8,23.998881757579284,71.59997206542728,1,B
2,2,12,14,10,71.05145403961542,6,21.881431754951926,52.41425688867449,0,C
4,0,10,17,14,77.69205048469856,12,23.711506310587318,84.61158616325008,1,A
2,1,18,6,5,61.801553214651996,8,16.7251941518315,45.091476522070685,0,F
1,1,7,16,16,89.27878491037872,5,18.159848113797338,78.41321345216213,1,B
2,2,6,5,9,88.87501726952435,8,19.109377158690542,68.41371681070567,1,B
4,2,24,13,19,55.699530570331426,12,24.96244132129143,55.67447158750336,0,C
1,1,15,12,13,69.36871476610142,3,14.671089345762677,59.49595396985039,0,C
3,1,2,17,5,96.48434444130648,12,25.060543055163308,70.67283149395527,1,B
2,3,16,19,13,71.72550855715585,10,16.96568856964448,64.17633932187383,1,C
1,0,17,16,8,63.945366398695086,3,12.993170799836886,70.18042338922037,1,B
2,3,27,15,7,50.0,4,16.25,45.57981078949749,0,F
1,1,26,8,12,50.0,5,11.25,32.51143184258332,0,F
1,3,14,11,10,69.64617826426552,3,18.70577228303319,54.83983975598569,0,C
2,3,27,16,11,50.0,10,16.25,43.56658944818335,0,F
3,1,16,18,13,73.54434932688335,15,22.19304366586042,71.21521712297717,1,B
1,2,10,7,9,84.6616522579964,2,22.58270653224955,54.63096578693683,0,C
1,1,4,7,17,91.0179441970148,3,20.37724302462685,69.63852375355602,1,B
1,2,15,8,6,70.91818850215192,5,19.86477356276899,43.74325385016516,0,F
3,1,14,6,7,72.99647303347191,9,22.12455912918399,48.3040549713158,0,F
3,1,9,18,7,84.4722696127327,9,27.559033701591588,73.73670353765547,1,B
4,1,13,14,8,73.9107804732525,20,26.23884755915656,73.01280376904268,1,B
2,0,1,8,14,98.05782765627512,8,20.25722845703439,79.56256758293164,1,B
3,2,15,14,11,72.31824988230507,15,26.03978123528813,62.40769574032899,1,C
2,0,18,7,16,65.03058713190846,8,20.12882339148856,66.92178767106401,1,B
4,1,7,12,14,86.81315660493978,16,30.85164457561747,83.56640518237603,1,A
2,3,14,15,10,65.84145098674648,8,17.23018137334331,51.66916116173796,0,C
3,0,9,6,7,77.67773508271748,12,26.709716885339684,60.1833205985833,0,C
2,2,29,15,19,50.0,10,20.25,62.856117968778705,1,C
3,1,4,13,18,90.0383436359515,12,25.254792954493936,78.85174705530666,1,B
2,0,19,7,11,66.45133084844558,6,18.3064163560557,47.61333498020369,0,F
3,3,15,8,8,64.8561233512159,15,20.107015418901987,46.10080461289781,0,F
3,0,20,17,14,61.86741976194758,6,24.73342747024345,69.40184076647665,1,B
2,2,25,14,15,50.0,8,15.25,49.886424668074916,0,F
4,0,21,18,15,64.27075454676006,20,23.033844318345007,69.71558380221896,1,B
1,3,11,19,12,74.56848301284562,4,15.321060376605702,56.77536617919387,0,C
4,3,22,14,19,65.16378262454776,12,29.14547282806847,61.28744642533809,0,C
2,2,29,19,11,50.0,8,18.25,61.35968198580123,0,C
4,3,12,19,11,72.13656859783413,20,27.017071074729266,74.06399091502512,1,B
3,1,8,7,13,82.02272622542519,9,22.252840778178147,63.47032585393066,1,C
1,3,16,7,12,67.98005192013937,4,16.49750649001742,46.55914353932147,0,F
2,1,19,12,16,58.71693728848603,4,22.339617161060755,54.7613085347001,0,C
2,0,27,12,5,54.4895013386099,8,14.811187667326237,51.60539299895676,0,C
2,1,11,17,11,76.15460015419092,8,22.519325019273865,68.28942449479143,1,B
1,1,24,17,19,63.808571983804185,3,12.976071497975523,62.35606087998859,1,C
3,0,4,10,7,90.66713653047398,12,26.333392066309248,77.47833464881062,1,B
2,3,23,8,16,53.625385016024296,10,17.703173127003037,45.64974310814526,0,F
4,1,11,5,8,73.1173370322946,20,26.139667129036823,59.73410818661009,0,C
2,3,0,8,10,100.0,6,22.5,57.98498314543873,0,C
2,0,19,12,9,63.27134163579952,10,22.90891770447494,50.23945933478945,0,C
2,2,27,10,12,50.0,4,21.25,37.099002704102155,0,F
2,3,15,6,6,72.10407069587056,8,21.013008836983822,44.461147021402375,0,F
3,3,29,7,9,51.666422568563036,9,20.45830282107038,33.48332779671065,0,F
4,2,11,16,9,74.23731000359943,20,26.279663750449927,68.55522347352874,1,B
3,2,8,11,19,84.88731673793365,6,21.610914592241706,68.96226492236065,1,B
4,0,12,15,7,75.6506988617337,8,26.456337357716713,69.36914183032717,1,B
2,3,16,15,18,75.68180933658502,6,20.460226167073127,64.82473100580235,1,C
1,3,16,8,14,75.03593803657601,3,20.379492254572,46.372854803339536,0,F
3,0,3,8,19,93.70845031156647,15,23.71355628894581,86.54860318501862,1,A
1,3,13,19,19,69.07003492732309,4,19.633754365915387,74.22059687602572,1,B
3,1,18,19,17,64.11887509553065,6,26.014859386941332,71.03678106694701,1,B
2,1,6,9,9,90.01015251636962,4,19.2512690645462,55.57455637397606,0,C
3,1,26,12,8,57.980689826484806,9,18.247586228310603,55.58718834272311,0,C
2,3,2,18,15,95.20042399721416,4,20.90005299965177,66.9163411092009,1,B
3,1,0,18,9,100.0,9,23.5,76.40813399730607,1,B
2,1,11,11,14,72.87184890037398,8,24.108981112546747,64.21276199050291,1,C
2,0,14,13,13,77.84711930118542,6,19.730889912648177,75.94236630455502,1,B
4,0,10,19,11,75.97387144976587,16,28.49673393122073,83.53404014093441,1,A
2,2,9,9,5,78.88930918725865,10,19.86116364840733,49.34530662556588,0,F
4,2,1,5,7,97.60681481707584,12,30.20085185213448,53.55125276370665,0,C
2,2,25,8,13,62.35592608482151,10,22.794490760602688,64.74132634578345,1,C
1,2,28,10,8,50.0,4,16.25,39.77845172200939,0,F
2,0,3,10,8,93.85318565751508,4,19.731648207189387,74.93681213389056,1,B
1,0,16,13,14,66.82912905986528,5,13.35364113248316,69.60309530635344,1,B
1,0,16,14,10,68.4927682023559,3,15.561596025294488,71.80744732469834,1,B
2,1,27,17,7,50.0,6,18.25,46.36484604022825,0,F
1,1,29,9,7,50.0,5,17.25,43.89558069499015,0,F
4,2,7,9,19,84.52623148508086,20,28.56577893563511,72.7187890865601,1,B
3,1,22,10,13,52.0828908471349,15,19.510361355891863,49.26177275696209,0,F
2,3,13,15,17,71.99230969615894,6,18.999038712019868,68.15707802814046,1,B
1,0,23,10,9,50.0,5,18.25,45.93287454945479,0,F
2,2,28,7,18,50.0,10,19.25,51.690212019456204,0,C
4,2,3,10,11,94.53934076900075,16,26.817417596125093,78.07870671433953,1,B
2,3,5,12,9,88.57831010864747,10,26.072288763580936,67.98700947642543,1,B
2,1,28,16,10,56.51353551411697,10,19.06419193926462,53.95162834869175,0,C
1,2,18,10,12,59.33354071233909,3,16.416692589042384,52.54726146453367,0,C
4,1,26,16,19,50.0,12,21.25,69.59623449752831,1,B
3,1,28,15,12,50.0,6,19.25,49.35312762063879,0,F
3,3,23,9,6,50.0,9,23.25,23.930828589379686,0,F
1,2,3,7,15,94.08073768855844,3,17.760092211069804,64.88948515917913,1,C
2,1,2,5,13,96.64382666380831,6,21.08047833297604,74.11494035493223,1,B
1,1,19,9,14,64.63342567457322,3,16.079178209321654,70.89690115166471,1,B
1,3,5,10,16,87.97066247034456,5,19.99633280879307,59.417522246498805,0,C
1,3,26,18,16,50.0,2,13.25,51.85841930016328,0,C
2,1,22,10,16,57.71921272623136,6,18.214901590778922,52.51507037410407,0,C
4,3,6,18,18,89.99892072643806,20,30.249865090804757,85.0,1,A
1,1,13,10,10,76.77771935695621,3,21.597214919619525,61.364423101038184,0,C
2,2,11,7,11,77.4137402323464,4,20.6767175290433,55.163913736518495,0,C
4,0,15,19,7,68.9185612258428,16,28.614820153230347,73.77621318119293,1,B
1,3,19,8,8,59.52887127282198,4,15.441108909102748,31.925602630350404,0,F
3,0,7,19,10,83.65252639199217,6,23.456565798999023,84.19921301973416,1,A
4,1,22,7,11,51.35328866286339,20,21.419161082857926,55.712213283690424,0,C
1,1,1,6,10,98.23915977349749,5,19.279894971687185,72.35964645581392,1,B
4,1,12,12,9,77.259471271648,8,27.657433908956,69.04117400544534,1,B
4,0,7,11,18,83.62128391337191,16,29.45266048917149,79.09521204725387,1,B
4,1,24,15,16,50.0,12,26.25,61.92338215468992,1,C
4,3,20,12,6,66.67163903510553,16,27.33395487938819,49.87021519627601,0,F
4,2,19,17,16,65.31476272247394,12,29.164345340309243,64.9867421939798,1,C
4,2,15,10,19,65.63363631353648,8,27.204204539192062,56.39380269284425,0,C
1,3,3,15,19,94.98371763002986,2,22.87296470375373,73.07092155349896,1,B
3,2,28,19,11,50.0,6,24.25,55.248254064788014,0,C
2,0,15,16,9,69.04695195652641,8,20.6308689945658,84.86363750465476,1,A
4,1,19,19,16,68.69797677837823,8,23.58724709729728,81.32975936325658,1,A
2,1,5,18,13,89.05560537984532,8,21.131950672480663,76.25371778859149,1,B
1,1,26,11,17,57.298926762965586,5,13.162365845370697,54.98934277374422,0,C
4,0,3,5,15,94.30469326267095,12,26.78808665783387,71.74399569260143,1,B
3,0,15,14,8,72.8716011321322,9,22.108950141516523,70.93805876091399,1,B
2,0,22,9,18,51.81978104088693,6,18.477472630110867,59.106407087189964,0,C
4,3,22,8,14,50.0,8,22.25,40.02206520527414,0,F
1,0,20,14,16,66.63366836088173,3,18.329208545110216,68.27071983284006,1,B
3,2,12,7,6,72.2560390888127,6,24.03200488610159,57.42046028516303,0,C
2,3,4,6,11,93.97114377602176,8,19.74639297200272,62.5731131130846,1,C
2,3,14,18,11,71.57918033720453,4,16.94739754215057,52.06239806355066,0,C
4,3,25,18,5,50.0,12,20.25,37.10252169115957,0,F
3,0,7,13,15,85.13324998473726,6,26.641656248092158,85.787757173427,1,A
3,3,6,12,18,89.56179681799195,6,28.19522460224899,64.6744800809195,1,C
3,0,13,14,17,80.37186121090738,12,27.046482651363423,89.43167885565487,1,A
3,0,6,19,9,88.2714225031516,6,29.03392781289395,85.30640749211797,1,A
1,3,21,6,7,67.00046956357666,3,16.37505869544708,31.558180870427975,0,F
3,1,6,10,13,85.6468366791588,6,28.70585458489485,72.90687059677792,1,B
2,1,22,7,13,63.179340834838186,10,19.89741760435477,57.157974757757124,0,C
2,3,25,7,11,51.869175812533484,4,18.483646976566686,27.231053125612895,0,F
1,1,29,9,16,50.0,5,13.25,51.69998540794969,0,C
2,2,17,11,13,65.10130098675052,6,20.137662623343815,52.57507486200804,0,C
2,2,29,11,16,50.0,10,16.25,52.9057450078795,0,C
3,0,9,15,6,82.25066664542098,15,24.281333330677622,72.08158930175898,1,B
2,1,17,14,15,74.06219445725196,10,19.257774307156495,72.46064644833747,1,B
1,2,13,5,14,70.47556465472383,5,13.809445581840478,46.83520878679474,0,F
3,3,9,15,12,85.76044016841198,15,23.720055021051497,65.77539995697462,1,B
4,1,6,11,14,87.15068024644681,8,26.893835030805853,66.4048479892145,1,B
3,2,29,11,14,50.0,12,19.25,47.916621213275924,0,F
1,2,25,10,14,55.432745687973906,5,15.929093210996738,46.51334744154401,0,F
3,3,6,10,17,88.30536110989581,9,23.038170138736977,58.35604292903338,0,C
3,0,6,17,5,90.91398494688511,9,29.36424811836064,77.45886350373708,1,B
1,3,4,17,7,90.78449920164046,2,17.34806240020506,68.23435301123921,1,B
3,0,0,6,12,100.0,12,28.5,74.31818713884914,1,B
1,2,13,7,15,77.49196387295804,4,15.686495484119755,62.57409897551217,1,C
1,0,17,7,12,67.86615463628158,5,18.483269329535197,60.83400338995191,0,C
4,2,12,17,18,73.65620197838666,12,27.207025247298333,64.35358777756088,1,C
2,2,24,7,14,55.40408507557104,6,14.925510634446379,57.68697543131171,0,C
2,1,7,6,12,88.3630965710961,4,20.04538707138701,58.636969749240436,0,C
3,0,7,13,15,85.87046129785465,15,22.733807662231833,82.51269998797568,1,A
3,0,9,10,19,79.98789186742204,9,26.998486483427754,81.32669451801003,1,A
4,0,16,6,16,70.86704788795286,20,28.85838098599411,70.69409907748276,1,B
4,3,5,7,15,91.89113864177772,16,28.486392330222216,68.8565059795313,1,B
4,1,14,14,11,67.38638173463232,20,29.42329771682904,73.80602071838027,1,B
1,1,14,10,6,75.46077386974028,5,21.432596733717535,50.66625649945914,0,C
4,1,24,8,7,51.69244110144144,8,26.46155513768018,43.1199911217041,0,F
4,3,15,11,13,67.12985275766135,8,27.39123159470767,48.80697937842033,0,F
3,0,7,10,6,87.28047359724046,12,26.91005919965506,65.72393581012248,1,B
4,0,18,19,17,61.32454232729647,16,28.665567790912057,81.37822203851991,1,A
1,0,19,10,11,62.76551937761096,5,15.84568992220137,63.74657720652325,1,C
1,1,14,16,5,71.01388682826615,3,13.876735853533269,48.739733683431616,0,F
3,1,2,7,7,95.81884779276612,15,29.977355974095765,66.73015561516824,1,B
4,2,5,15,17,88.37924656551557,16,27.04740582068945,74.97706211372468,1,B
4,3,29,12,18,50.0,8,22.25,52.95577463151511,0,C
1,3,24,13,5,57.656639387574145,2,15.207079923446768,39.45511794334091,0,F
4,1,7,10,10,89.08276961203087,16,28.135346201503857,75.96425437197023,1,B
4,2,15,6,8,77.470216838873,20,23.683777104859125,47.86163962349127,0,F
4,0,14,5,5,66.33815661326206,12,22.29226957665776,53.03932103954768,0,C
2,1,12,7,9,70.69467937837352,4,20.83683492229669,52.03978657535774,0,C
3,3,25,7,18,60.1472128083833,15,20.518401601047913,42.75352899886437,0,F
2,3,19,12,8,62.245981252637286,6,19.78074765657966,35.756249153851364,0,F
3,3,14,9,18,76.87766715155252,12,21.609708393944064,58.42285449193487,0,C
1,0,17,5,15,58.37126552603056,5,17.29640819075382,55.72931698153066,0,C
4,3,12,15,14,79.0380097981297,12,28.879751224766213,71.27960186630047,1,B
3,0,23,8,18,53.962116801269026,15,17.745264600158627,62.220493889219966,1,C
2,0,7,11,15,88.34065865786958,4,21.0425823322337,79.30154400773621,1,B
4,0,13,9,14,76.1741059014602,16,25.521763237682524,73.18610821319987,1,B
1,1,27,14,6,52.29622825496612,2,15.537028531870764,41.853051067335784,0,F
3,0,10,19,17,80.24573957027815,6,24.03071744628477,83.65795609306764,1,A
3,2,5,17,11,90.40109018988926,15,25.300136273736157,75.15553018717677,1,B
3,3,29,10,16,50.0,12,17.25,39.54375684361963,0,F
4,1,23,18,19,63.06481479408652,20,27.883101849260814,81.86227722712168,1,A
2,3,24,14,12,52.37231147183324,6,19.546538933979157,52.54865344477352,0,C
2,0,28,8,8,50.0,8,17.25,56.05682996763335,0,C
3,1,0,6,13,100.0,6,24.5,74.85431600686029,1,B
1,2,24,13,7,50.0,2,13.25,41.69305692172087,0,F
1,0,1,19,17,98.1339082632547,2,20.266738532906835,83.57755390201149,1,A
2,3,29,6,10,50.0,10,14.25,28.136124855879082,0,F
1,2,12,6,15,76.41362222320097,5,15.551702777900122,48.501671175313966,0,F
2,0,0,17,18,100.0,10,25.5,93.71147251530797,1,A
3,2,23,16,19,55.86185575050483,12,22.982731968813106,68.62051026762636,1,B
2,0,23,6,18,62.44701148627326,8,19.805876435784157,64.97147172414036,1,C
2,1,26,5,11,58.023446708430065,8,19.25293083855376,49.15714248023434,0,F
3,0,3,17,11,95.43082207462717,12,23.928852759328397,88.64658166304369,1,A
1,1,23,16,10,58.99435107770342,3,12.374293884712927,52.673085599045,0,C
2,0,22,16,13,59.720754746677216,4,22.465094343334652,66.01886751075642,1,B
2,0,28,7,19,50.0,10,20.25,61.63956223430826,1,C
3,3,1,10,5,97.96199521511522,15,30.245249401889403,65.28463426615873,1,B
1,2,20,11,17,52.831005758933756,3,15.60387571986672,50.54878713540562,0,C
2,2,29,5,13,51.38235182553596,4,16.422793978191997,38.39508229628336,0,F
3,2,25,18,17,55.85108385350465,6,22.98138548168808,55.91094442748101,0,C
2,0,19,9,13,53.61955388827511,6,19.70244423603439,52.3281387314622,0,C
4,0,15,9,8,70.83932128330278,16,24.854915160412848,64.3408050818496,1,C
3,0,2,5,17,95.42189811390269,6,29.927737264237834,77.62172781553656,1,B
1,1,16,8,16,68.12531762160818,4,18.515664702701024,52.57816202337177,0,C
1,1,4,14,19,92.11565737189702,3,21.514457171487127,74.60858432418479,1,B
1,3,25,5,16,58.79709279925894,5,17.349636599907367,36.72008072516815,0,F
1,0,7,17,9,83.5416027233599,5,15.442700340419988,73.13480018644415,1,B
2,2,11,18,7,82.63809191397601,10,25.329761489247,71.07050675279343,1,B
2,2,24,19,11,56.553733728327,10,15.069216716040875,58.79084309122754,0,C
1,3,22,5,19,52.18370242215605,2,17.522962802769506,36.516057088786404,0,F
1,2,11,16,6,77.92016694111167,4,16.74002086763896,53.574666322195995,0,C
1,3,26,19,12,50.0,5,11.25,50.600538816023715,0,C
2,0,0,11,13,100.0,10,21.5,84.60770488313791,1,A
1,2,0,11,10,100.0,5,17.5,63.782908087118614,1,C
1,0,14,7,13,72.31548341122026,3,21.039435426402534,50.958814374329066,0,C
4,1,16,11,10,73.53101082451758,8,28.191376353064697,63.54251157166084,1,C
4,2,1,7,7,97.7567480928874,12,28.219593511610924,60.46419978058353,0,C
1,1,16,6,14,69.41909031350362,4,20.67738628918795,65.00282462781931,1,B
3,2,19,14,7,61.399943819503015,15,24.674992977437878,51.08466438598639,0,C
1,0,25,19,6,50.0,2,14.25,55.735241140337926,0,C
4,3,8,8,9,84.11015935179849,8,31.51376991897481,52.09678931988985,0,C
3,0,11,18,17,74.44289847885493,6,27.305362309856868,84.79655731154067,1,A
3,0,3,14,18,93.19126742997626,9,28.648908428747035,91.52144552273701,1,A
1,0,12,7,8,74.04694490183442,3,14.255868112729303,50.94225026028296,0,C
4,2,3,16,16,92.809563569949,12,29.601195446243626,73.83196086319946,1,B
4,3,6,11,10,89.49039011837692,12,26.186298764797115,66.2922112189198,1,B
3,1,13,16,9,69.82997399092038,12,25.72874674886505,63.315698329162686,1,C
1,0,26,16,10,51.17752530166909,5,12.397190662708637,60.98163777480028,0,C
2,2,8,5,8,81.50007287935023,10,19.18750910991878,49.254529151066265,0,F
2,1,22,10,18,56.13664893999876,6,22.017081117499846,50.498586349879275,0,C
4,0,0,19,17,100.0,12,33.5,100.0,1,A
2,1,0,18,7,100.0,6,24.5,82.18737376943703,1,A
4,0,19,6,5,60.1447663620018,16,25.518095795250225,53.976693313837295,0,C
4,1,3,12,9,93.97711912950626,16,26.747139891188283,69.60438310347043,1,B
4,1,0,18,10,100.0,8,27.5,86.361398696465,1,A
2,3,21,9,9,62.89328973323736,10,16.86166121665467,43.57959807659974,0,F
4,3,9,7,9,86.36186186875977,12,24.795232733594972,49.76025155983558,0,F
3,0,1,14,16,98.09290541724523,6,28.261613177155652,87.26459798296507,1,A
1,2,26,11,10,50.0,5,15.25,42.08293861362666,0,F
1,3,20,18,8,64.05474561122487,2,15.00684320140311,46.04222983169207,0,F
4,1,23,15,18,56.682676720031345,16,27.085334590003917,71.44911542089139,1,B
1,3,14,19,16,77.13718473917467,4,19.642148092396834,71.34161373940175,1,B
2,3,2,19,8,96.44542019326441,4,20.05567752415805,65.10338384240156,1,B
2,0,24,6,15,58.23771165005024,4,17.27971395625628,55.93092868970468,0,C
1,3,22,9,17,60.37828921581106,5,12.547286151976383,47.206512490594356,0,F
2,3,8,15,12,85.60756711567478,6,18.700945889459348,66.69946900673452,1,B
1,1,16,12,15,67.05650606323819,5,15.382063257904774,63.5430924551618,1,C
1,3,20,17,12,64.98806119607855,5,14.123507649509818,58.84046880845098,0,C
1,1,27,15,16,50.0,4,16.25,55.389982141941864,0,C
4,3,12,5,7,75.86470203563998,16,25.483087754455,45.00727852495064,0,F
1,3,2,19,11,96.74206798718046,2,20.092758498397558,73.20489106535446,1,B
4,2,3,5,19,94.66118118842715,16,29.832647648553394,77.13238954711984,1,B
1,3,3,7,9,93.31072751159304,5,19.66384093894913,51.72406610665104,0,C
1,1,10,7,9,84.86340961619273,2,20.60792620202409,58.49376044486906,0,C
1,1,27,17,16,50.0,2,11.25,55.37976468600561,0,C
2,0,6,11,17,88.32893846964517,8,21.041117308705644,71.39021848644492,1,B
4,0,25,10,7,50.0,12,21.25,49.57568192407161,0,F
4,2,10,11,6,75.11587764160473,16,28.38948470520059,54.321339457038945,0,C
1,1,23,8,17,53.92172902201537,2,12.740216127751921,50.42733860703089,0,C
1,1,10,15,7,75.52256005538027,2,20.440320006922533,55.50505485555168,0,C
2,1,9,6,19,78.26291995786161,6,23.7828649947327,70.32760971376155,1,B
2,2,4,6,11,90.23473788533515,10,22.279342235666896,63.74858243155791,1,C
2,1,12,14,7,72.25152331009164,4,23.031440413761455,58.923900842558524,0,C
4,0,28,5,19,50.0,12,23.25,55.37986286612589,0,C
4,2,11,18,15,79.68979267835421,20,23.961224084794274,74.01491834014692,1,B
4,0,9,17,17,83.21514338637424,16,28.401892923296778,89.03987591802057,1,A
1,0,6,18,6,85.12491496232683,3,15.640614370290853,76.67313913557693,1,B
4,2,18,13,8,66.50640092850132,20,27.313300116062663,50.71093630330462,0,C
3,3,18,18,16,71.04359243406915,6,20.880449054258644,60.989817419496546,0,C
3,3,18,18,9,58.990079896567266,6,23.37375998707091,51.052490570572616,0,C
2,0,11,11,17,79.47330379259742,6,23.934162974074678,80.32146749925951,1,A
4,3,19,14,11,59.70221767720897,16,23.462777209651122,45.050802007419975,0,F
3,1,21,7,5,50.0,9,20.25,35.61778722715861,0,F
2,2,14,6,18,70.94292192510738,4,17.867865240638423,44.56042404260981,0,F
4,0,4,18,12,91.44919928656844,20,31.431149910821055,96.99075598157879,1,A
1,1,23,7,14,50.71416101730187,4,11.339270127162735,41.28954224230173,0,F
3,3,29,11,7,50.0,15,21.25,40.735581168799314,0,F
1,1,13,9,18,78.4229980927476,3,16.80287476159345,74.89992323587839,1,B
4,3,11,16,15,78.47943043776368,12,27.80992880472046,74.08025274487765,1,B
3,0,28,7,10,57.785407440642366,15,18.223175930080295,46.403179081820184,0,F
4,1,20,13,8,57.47470391849333,20,28.184337989811667,63.15095123478801,1,C
1,2,10,6,18,79.2464170497376,5,14.9058021312172,64.15501584345394,1,C
3,0,27,11,9,50.91029508049783,9,18.36378688506223,58.358755849043355,0,C
1,1,4,19,14,91.90441798731919,5,22.4880522484149,71.71400690615741,1,B
4,1,15,14,16,70.10413327137886,8,24.763016658922357,67.06579362413939,1,B
4,3,29,10,19,50.0,20,25.25,44.567172260147146,0,F
1,0,25,10,10,55.167811297685176,2,11.895976412210647,49.91175529113343,0,F
3,0,17,18,6,61.53680305731124,6,25.692100382163904,67.55504073644747,1,B
1,0,11,11,17,75.18694448900098,5,21.398368061125122,83.48269556245059,1,A
4,0,26,10,19,50.0,16,21.25,70.37432679481861,1,B
1,3,26,6,7,50.0,4,11.25,29.363715573205518,0,F
4,2,4,15,19,92.19679487907625,16,26.524599359884533,80.70420309284484,1,A
1,0,15,9,12,64.72938947655803,2,20.091173684569753,56.67422049487433,0,C
3,3,11,7,12,79.83912649570526,12,24.97989081196316,55.69377274605745,0,C
3,2,22,13,5,50.0,12,18.25,41.22257272077615,0,F
1,2,1,12,14,97.95771634943533,5,22.244714543679414,75.55857058769132,1,B
1,3,29,14,12,50.0,3,15.25,41.81799398084454,0,F
3,0,28,15,15,50.0,6,20.25,71.13116966210558,1,B
4,2,5,6,6,90.79571994592658,12,25.349464993240822,61.02626804178708,0,C
3,0,22,19,14,51.064749440043045,6,20.38309368000538,63.5459996884296,1,C
4,0,20,5,14,63.5914979473176,8,23.9489372434147,63.01151202994677,1,C
1,1,24,19,17,54.45906808098914,4,18.807383510123643,68.24203070511334,1,B
1,0,29,8,12,50.0,5,14.25,47.522845812209454,0,F
4,1,3,8,16,94.36465269609586,12,31.79558158701198,87.83872027000785,1,A
1,2,29,16,14,50.70075044204624,3,12.33759380525578,53.43302718669161,0,C
4,3,29,14,9,50.0,16,21.25,46.03847515392399,0,F
2,1,12,15,5,70.93413543047336,6,23.86676692880917,62.200133190727044,1,C
3,3,9,6,12,80.85942055173297,9,23.10742756896662,54.51323372596737,0,C
2,2,16,11,16,63.02158766083434,4,17.877698457604293,60.64062753383385,0,C
4,0,13,17,9,67.67351938792821,20,22.459189923491024,66.69647944662336,1,B
3,2,23,19,19,51.36018070814401,15,24.420022588518002,74.23882429560695,1,B
4,3,14,7,5,66.2769029944998,12,28.284612874312476,41.50168801111679,0,F
3,2,7,11,19,86.98521675195757,9,22.873152093994698,74.52105311907695,1,B
3,0,22,11,8,51.5896064104819,6,23.44870080131024,48.86982480829272,0,F
3,2,23,5,17,64.21647427517254,12,25.027059284396568,49.879513535139125,0,F
3,0,17,10,5,61.08748355462754,6,20.635935444328442,47.59146924805262,0,F
4,1,2,8,17,95.34039371054087,16,31.91754921381761,78.01368011359936,1,B
3,3,24,15,13,54.37178952462419,12,22.796473690578026,51.35207074676538,0,C
3,0,16,12,14,65.77671974596272,6,25.222089968245342,61.029354622712354,0,C
2,0,23,12,6,50.0,10,17.25,59.8048513885474,0,C
1,2,23,7,12,50.0,2,17.25,42.02246577790055,0,F
1,1,6,8,8,90.3608108541004,4,17.29510135676255,56.196907291875995,0,C
2,0,12,19,13,72.07014704160522,10,24.008768380200653,83.68602695585385,1,A
2,1,29,5,6,50.0,10,20.25,35.948863529451636,0,F
4,1,26,14,16,50.0,8,25.25,56.432722659623586,0,C
4,2,15,6,7,72.62253769761168,20,30.07781721220146,58.14985141850407,0,C
4,0,4,11,6,93.77468131747769,20,31.721835164684713,73.53598124720436,1,B
2,2,3,19,14,94.87038787044668,4,21.858798483805835,79.02036661818249,1,B
2,3,25,18,18,52.2832056043229,6,20.535400700540364,61.37500889057185,0,C
3,3,9,15,9,79.82894241945061,15,27.978617802431327,66.65207800176069,1,B
4,0,12,16,15,80.79155647225171,8,24.098944559031466,82.56007204326315,1,A
4,1,9,19,5,79.18359287589857,8,29.89794910948732,59.825835762613096,0,C
4,0,13,11,16,67.53963580448865,12,27.44245447556108,66.76720183010836,1,B
1,0,25,17,7,50.0,5,15.25,63.098406271062736,1,C
3,3,21,13,5,58.55153307939349,12,24.318941634924187,46.266690972056146,0,F
4,3,11,14,14,77.2502376806946,16,24.656279710086825,67.10973442895033,1,B
4,1,26,13,19,60.83982678413046,20,27.604978348016306,68.53794246092768,1,B
4,1,0,13,18,100.0,20,27.5,85.0849329076154,1,A
1,0,28,10,12,50.0,2,17.25,45.83858108753026,0,F
1,2,20,12,19,69.56541194529629,2,14.695676493162036,59.6769947723089,0,C
2,0,29,13,16,50.0,8,15.25,64.42276086392279,1,C
3,1,19,16,8,69.34820044556481,15,23.668525055695603,72.1880662991254,1,B
2,2,19,18,7,68.97159153078215,4,20.62144894134777,56.288596558372674,0,C
3,3,6,11,12,89.94790053485846,12,29.243487566857308,63.64868408663828,1,C
1,1,8,8,17,81.60491740035843,4,20.200614675044804,72.5847779800145,1,B
4,1,7,18,13,86.15269397260334,12,29.769086746575418,78.7027745449254,1,B
2,2,26,8,12,57.224887614018904,10,15.153110951752364,45.704648205652916,0,F
4,1,12,10,10,73.75837816401611,12,30.219797270502013,63.02939836977467,1,C
2,1,13,18,18,68.2710512377649,4,17.53388140472061,70.89537206802824,1,B
1,1,11,15,19,77.2030337832778,2,16.650379222909727,77.22280788124644,1,B
1,1,7,8,7,88.80909995995623,4,22.10113749499453,60.974599666972736,0,C
1,1,20,15,12,68.90498787644921,2,16.61312348455615,63.72047323338269,1,C
2,1,21,11,17,51.78668044260902,6,15.473335055326128,51.69915867175061,0,C
3,1,17,12,9,63.85657790963461,15,23.982072238704326,62.96394493728464,1,C
2,1,15,12,9,63.660139913130976,8,19.957517489141374,64.27122498808342,1,C
3,3,28,18,16,50.0,12,17.25,58.55660440893921,0,C
2,1,10,12,13,84.37604596756947,4,19.547005745946183,65.39505038922718,1,B
2,3,15,6,5,71.44469725002025,8,22.930587156252532,30.91248045322972,0,F
1,3,13,18,11,71.94612104831157,4,13.993265131038946,56.12933806259477,0,C
4,0,2,14,12,96.23022929812548,20,28.028778662265687,90.62548533030655,1,A
4,0,20,6,15,50.00817206519534,16,22.251021508149417,53.75966620611353,0,C
3,3,1,6,14,98.09462138632625,15,25.26182767329078,63.06536503432943,1,C
4,3,2,6,7,95.9075277471049,12,27.98844096838811,60.70302331020923,0,C
2,1,3,8,12,94.82382390212896,8,26.85297798776612,63.1101404576105,1,C
2,0,21,9,5,65.30509770965398,6,19.163137213706747,54.48909156085857,0,C
1,2,4,8,12,91.418777845747,5,16.427347230718375,56.401716847112766,0,C
1,0,9,19,11,81.20248527775885,4,16.150310659719857,81.99611780745681,1,A
4,3,19,9,8,71.41756170928059,8,25.927195213660074,49.87479548318002,0,F
3,3,28,8,15,50.02611702566322,6,18.2532646282079,40.34861419356043,0,F
4,1,1,11,11,97.85642042698709,16,30.232052553373386,79.42607256137995,1,B
4,1,11,14,14,74.56525719694305,20,29.32065714961788,70.02685169976914,1,B
4,0,26,5,18,52.87841502096405,8,25.609801877620505,62.996507893981786,1,C
4,1,4,18,15,91.41025452284458,12,28.426281815355573,87.74362061360408,1,A
2,2,4,17,11,92.93896827939662,10,24.617371034924577,74.28035235505052,1,B
3,2,26,5,17,50.0,15,20.25,43.74922529682601,0,F
2,1,22,6,14,51.64514402942582,8,19.455643003678226,49.24007514170915,0,F
3,2,0,17,17,100.0,9,30.5,83.57179783455005,1,A
1,2,3,5,16,93.50473064806899,5,22.68809133100862,68.85106644521575,1,B
4,0,26,16,5,52.32725327631039,16,25.5409066595388,67.0435783078475,1,B
2,2,20,19,7,66.54810136814746,6,20.318512671018432,60.67541850150059,0,C
3,3,23,14,11,53.99169164620319,15,22.7489614557754,46.65260065241613,0,F
1,3,11,16,15,78.52473647700407,2,17.81559205962551,69.47058268270624,1,B
1,0,11,16,17,74.98737707831803,3,19.373422134789756,76.32069040087917,1,B
4,1,15,14,9,76.23226736258172,20,23.529033420322715,70.18724253465689,1,B
3,0,23,17,13,50.0,9,23.25,63.218668867842915,1,C
2,1,16,18,11,74.30268220625126,4,22.287835275781408,69.3501288465217,1,B
4,1,20,15,7,65.85081943841877,20,24.231352429802346,53.99728519986375,0,C
2,1,9,7,19,81.85706093503296,4,24.23213261687912,63.820092686635164,1,C
1,1,16,10,5,68.5892063996412,4,19.57365079995515,49.746883149371676,0,F
2,1,16,14,9,60.17825640425523,8,22.522282050531903,58.31191007334966,0,C
2,0,17,15,18,64.47894687453854,10,21.059868359317317,75.0623740405853,1,B
4,1,1,10,19,98.17256440475309,20,27.271570550594134,91.25017167654764,1,A
2,2,24,5,17,50.0,6,18.25,33.773395133030384,0,F
4,2,3,10,14,94.56335512965249,20,27.820419391206563,76.91727321442725,1,B
1,1,18,9,17,68.07203856661079,4,20.50900482082635,69.11961881693114,1,B
4,2,10,11,9,80.05628204801141,20,27.007035256001426,66.65271293208419,1,B
4,3,16,10,11,61.389203448430735,12,21.673650431053844,49.63971739316207,0,F
3,0,11,16,18,75.70634319215277,12,25.463292899019095,88.71486678574702,1,A
2,0,1,16,5,97.82251678453267,10,25.227814598066583,72.9933285309637,1,B
1,1,5,11,14,88.86961367480619,2,19.108701709350775,64.55638741945805,1,C
4,1,8,6,6,82.7228751137929,8,31.340359389224112,55.19048194468904,0,C
1,3,4,16,15,90.96081456132822,2,20.370101820166028,68.17016770083018,1,B
3,1,19,5,10,67.83752158714645,6,26.479690198393307,52.393136938292855,0,C
2,2,28,18,12,53.03676797067516,6,17.629595996334395,48.86269262053009,0,F
4,3,20,11,8,62.75673312417192,8,21.84459164052149,42.132382652624905,0,F
2,2,8,13,7,81.19232176963334,4,24.149040221204167,62.46715378832073,1,C
3,0,27,6,7,50.0,15,24.25,46.26355771901497,0,F
3,2,28,16,7,50.0,6,22.25,38.1949392678071,0,F
1,0,22,11,6,66.57215637548137,2,19.32151954693517,47.77731836133205,0,F
4,2,7,7,5,87.84938401244894,20,27.981173001556115,62.590310075986764,1,C
1,0,19,10,19,56.23323509155192,4,18.02915438644399,72.11232134366122,1,B
3,1,26,7,9,54.69534597981031,9,20.83691824747629,42.373632745066594,0,F
2,2,7,17,14,84.38796861966337,6,23.54849607745792,76.58458659310253,1,B
1,0,21,14,9,64.62268043647244,4,16.077835054559053,64.81714705590659,1,C
1,2,20,17,9,57.87264883601283,5,17.234081104501605,45.17421597252195,0,F
2,3,28,15,8,50.0,8,21.25,44.17881040485424,0,F
1,1,27,15,19,50.0,3,14.25,64.9073833901551,1,C
2,0,22,15,7,57.35646718029592,6,21.16955839753699,57.01462172683154,0,C
4,3,5,9,16,89.33662650457264,16,25.167078313071578,64.37220903014229,1,C
2,2,2,19,7,96.02606042255942,4,21.003257552819928,72.36552852746308,1,B
4,3,4,6,6,90.21064781840676,12,27.276330977300844,47.15036764571521,0,F
2,2,8,12,9,83.82495418385194,8,22.478119272981495,66.95494149572579,1,B
3,1,6,18,8,89.74241270123088,6,28.21780158765386,74.90086341359272,1,B
3,3,27,12,10,50.0,6,18.25,37.22745644634491,0,F
4,1,3,11,6,93.85459801537476,20,25.731824751921845,70.15657790821605,1,B
4,0,6,10,6,86.17702301667912,16,28.77212787708489,75.18616423411444,1,B
3,2,4,5,12,93.29235360962703,9,26.661544201203377,61.447854451837244,0,C
4,2,10,12,10,82.39060397326095,20,29.29882549665762,64.30555688327026,1,C
2,1,28,5,7,50.0,6,19.25,30.229972203541884,0,F
2,1,14,12,9,65.97963441455185,4,22.247454301818983,56.91238041697706,0,C
3,0,1,15,7,98.05774323352512,12,26.25721790419064,79.69024282128373,1,B
1,3,12,6,15,81.42698581457884,2,22.178373226822355,46.95872639162785,0,F
2,2,21,12,6,62.06234355885485,4,22.757792944856856,47.97583871125182,0,F
4,2,15,14,7,73.79316018368083,8,30.2241450229601,52.0178961911121,0,C
1,0,6,16,5,88.51193888803047,4,18.06399236100381,68.15695183853076,1,B
1,0,7,8,18,87.27539566784989,5,20.909424458481237,79.59789145151608,1,B
2,1,5,11,11,88.35503828073773,6,21.044379785092218,70.88768917699386,1,B
2,1,23,9,10,65.43017156011456,4,16.17877144501432,52.91549040164812,0,C
1,3,6,12,9,87.13220887893101,3,20.891526109866376,54.4809750198398,0,C
1,0,17,16,10,63.20740617234726,3,13.900925771543408,61.32774231967601,0,C
3,3,29,19,12,50.0,15,20.25,48.52558418360739,0,F
4,0,21,10,7,57.56751170919404,16,23.195938963649255,55.01911594465664,0,C
3,2,24,18,7,50.0,9,20.25,54.413008955840866,0,C
2,0,27,19,16,50.0,10,15.25,64.4840920379915,1,C
3,0,21,9,9,52.03186764754399,9,24.503983455943,39.91029147670967,0,F
3,2,19,5,9,70.8421178336102,6,23.855264729201274,42.64407701739677,0,F
3,0,6,7,18,90.81738078557615,15,23.35217259819702,89.12706114990134,1,A
3,3,2,14,15,95.32211037445902,12,26.915263796807377,70.85726566665211,1,B
4,1,4,13,5,91.70108124987775,16,26.462635156234718,69.85737450295608,1,B
4,1,0,19,8,100.0,8,29.5,82.37151820639917,1,A
1,3,14,18,13,72.95771764316933,2,15.119714705396166,55.62259507635763,0,C
2,2,25,13,12,58.08145446510641,6,20.260181808138302,58.83472827886011,0,C
3,0,2,9,7,96.05353017522438,15,25.006691271903048,72.88390057756553,1,B
1,3,7,7,9,86.44418984426935,5,17.805523730533668,55.3273674800878,0,C
1,1,24,10,9,51.5877428454756,5,11.44846785568445,45.57553720200347,0,F
1,1,8,9,11,81.5364221289844,5,21.192052766123048,63.12297480566987,1,C
4,3,14,19,12,69.82182416888514,12,27.727728021110643,57.65366631872217,0,C
3,1,9,5,13,84.83252205340563,15,23.604065256675703,70.74805741025477,1,B
3,3,1,6,11,97.76552274364494,15,30.220690342955617,60.97655479174642,0,C
2,1,19,16,19,60.2539719477098,8,17.531746493463725,70.43141750873987,1,B
3,3,4,9,6,91.68675707784928,12,26.46084463473116,63.55570261830428,1,C
3,0,18,18,12,60.791376116158574,9,23.59892201451982,71.99452252374624,1,B
1,0,12,13,12,75.23241449612162,2,17.404051812015204,69.58137700917888,1,B
2,0,10,16,15,80.42486263661907,8,21.053107829577385,85.51443833789875,1,A
3,0,0,8,17,100.0,6,27.5,87.05492657772302,1,A
4,1,21,13,18,53.30173153943792,12,22.66271644242974,61.62314624708905,1,C
3,2,29,7,6,50.0,12,18.25,33.21602715756844,0,F
1,3,14,5,17,72.04130148066642,4,18.005162685083302,51.69015692123416,0,C
4,2,25,10,10,51.04568841837191,12,23.38071105229649,42.65705806866981,0,F
1,1,17,19,17,73.8216443996081,5,21.22770554995101,77.3559535679916,1,B
3,1,15,14,14,64.98342015363991,9,26.12292751920499,59.5303943982407,0,C
4,2,8,18,5,84.98094380849261,8,24.622617976061576,72.72288321097352,1,B
2,2,0,11,15,100.0,4,23.5,70.40748830864204,1,B
2,1,10,8,11,80.4210090292352,10,19.0526261286544,65.24662971635715,1,B
4,1,8,14,14,86.70815355126722,12,27.838519193908404,80.8184862843178,1,A
4,3,22,9,6,51.502882878037376,12,24.437860359754673,43.8260927437273,0,F
1,0,10,8,19,79.28228424832349,5,14.910285531040437,75.11065253143964,1,B
4,0,12,7,9,78.75863431626478,12,26.844829289533095,62.97744743314181,1,C
1,3,25,5,18,50.0,4,15.25,39.2007501093625,0,F
3,2,1,17,11,98.20825465174443,9,29.276031831468053,73.19323104881151,1,B
1,1,13,10,14,73.28504020930004,4,18.160630026162504,68.98699744408945,1,B
4,2,5,14,15,88.49216087854475,12,31.061520109818094,73.61147322731063,1,B
4,0,7,9,19,85.90275391431858,16,28.73784423928982,92.50828616694325,1,A
3,0,17,15,19,58.165453511820154,6,18.27068168897752,68.77643595467217,1,B
4,2,15,5,13,64.84218149530729,20,26.10527268691341,65.7916058982486,1,B
4,0,20,9,18,51.579619719982084,8,27.44745246499776,59.59628429152881,0,C
2,1,28,10,5,50.0,8,14.25,37.746774444197726,0,F
2,3,11,14,13,77.46809040847616,10,22.683511301059518,57.32609765048437,0,C
3,2,10,9,15,76.59833704506599,6,27.57479213063325,57.835298085854774,0,C
1,1,5,5,9,87.98249982848627,2,21.997812478560782,59.98805986113814,0,C
2,1,2,18,10,95.11127284406295,8,20.88890910550787,75.21683201308586,1,B
1,0,13,9,18,69.07102408736318,3,14.633878010920398,62.08997081522647,1,C
4,1,27,14,12,50.0,12,21.25,51.85604547436447,0,C
2,2,1,5,19,98.47578519446807,8,25.30947314930851,82.26561004521275,1,A
3,1,10,15,15,81.85046550524537,6,25.231308188155673,69.54480846056074,1,B
3,3,21,7,18,65.79233801723797,9,19.224042252154746,52.59354563002532,0,C
3,1,2,16,6,96.6904827973197,9,28.086310349664963,70.17969286668702,1,B
2,1,17,17,16,69.55457781449084,4,23.694322226811355,74.00808999647406,1,B
1,3,0,6,11,100.0,4,18.5,58.29073796380702,0,C
4,1,29,17,16,50.0,16,22.25,74.14545761090099,1,B
1,1,23,5,8,50.0,3,12.25,34.98256473779729,0,F
1,0,0,8,13,100.0,4,21.5,79.67394596211614,1,B
4,2,11,6,10,81.74315623083574,8,30.217894528854465,60.87943112036808,0,C
4,0,14,9,11,68.94379747412269,16,29.617974684265334,64.62376834970199,1,C
2,2,4,14,15,90.685979399791,10,24.335747424973874,75.57895282721702,1,B
2,3,26,5,10,52.83501591049143,8,16.604376988811428,25.664165353800662,0,F
2,3,5,16,15,91.10751344710815,8,24.38843918088852,73.59348529085686,1,B
2,3,15,14,12,73.8736067814245,8,20.23420084767806,57.48919232342489,0,C
2,2,26,5,10,50.77520778427429,10,21.346900973034288,34.80597131572084,0,F
4,2,11,15,11,82.54045066377219,8,26.317556332971524,60.624433601020854,0,C
1,2,11,14,12,76.13957850788174,4,17.517447313485217,59.56688088865074,0,C
2,3,2,8,19,95.35554734948708,6,21.919443418685887,61.8814207859739,1,C
2,2,29,11,5,50.0,8,21.25,39.190891333077836,0,F
1,1,22,18,19,57.73360682235293,5,12.216700852794116,72.047817927671,1,B
2,0,1,18,14,98.21103775265576,10,22.27637971908197,82.50771439816364,1,A
1,3,6,6,16,88.54332301293056,3,17.06791537661632,52.84128480498083,0,C
1,0,1,6,8,98.07616251511276,5,23.259520314389093,77.2785495552591,1,B
4,1,20,5,10,56.679583430549854,20,24.084947928818732,53.23888413386885,0,C
3,2,6,9,5,85.43163786609661,15,28.678954733262074,50.11566092781511,0,C
4,0,10,10,8,84.29413510552061,8,27.536766888190076,66.28636761518703,1,B
3,1,10,17,10,75.46646407116378,15,25.433308008895473,62.574896029289874,1,C
3,1,13,10,11,68.66738331369355,12,20.583422914211695,65.42013811410472,1,B
3,0,2,6,17,96.76453539931423,9,30.09556692491428,81.1894187632762,1,A
2,3,13,16,10,78.11339459589067,8,17.764174324486333,58.902466769270305,0,C
4,0,10,16,15,81.88404398553077,16,26.235505498191344,90.73016414837304,1,A
3,3,3,11,8,93.82100187710442,9,29.727625234638055,59.06313645107669,0,C
1,2,16,10,16,73.84838086274219,2,14.231047607842774,60.00726365931753,0,C
2,3,15,12,17,74.4949757009217,4,18.311871962615214,64.12922610198225,1,C
4,2,2,10,11,95.19464941212064,20,32.899331176515076,68.17157919897822,1,B
3,0,24,13,14,61.37678486149778,6,24.672098107687223,60.45371845556407,0,C
1,2,9,14,18,82.91009561374594,2,17.363761951718242,79.37463573345195,1,B
4,1,20,6,6,54.73996444682583,20,21.84249555585323,41.761120466624114,0,F
4,2,14,11,10,66.55983636352967,8,25.319979545441207,41.33441893587354,0,F
2,3,7,9,9,87.14770206182318,4,21.893462757727896,49.30904947390229,0,F
4,3,17,5,6,71.70456240892138,20,25.963070301115174,39.8898856932812,0,F
2,3,2,7,13,95.52597668180887,8,23.940747085226107,71.016589458779,1,B
3,2,6,8,17,86.36465344796093,12,25.795581680995117,71.4959642300542,1,B
2,3,29,16,11,50.0,6,17.25,43.86433485953703,0,F
1,3,9,6,18,85.24412333700937,2,21.65551541712617,54.681159006637046,0,C
2,1,19,11,7,58.02100322928233,10,19.25262540366029,53.63311426020159,0,C
1,2,8,5,19,84.66165969812276,5,21.582707462265347,69.06969196079378,1,B
2,1,13,7,11,68.60981731162309,4,20.576227163952886,56.13594926795608,0,C
4,3,22,16,15,58.02772054466551,8,26.253465068083187,60.1234446416951,0,C
3,3,13,13,15,74.70251511768534,15,21.337814389710665,69.47099047226901,1,B
1,3,10,15,10,83.73203401813265,5,20.46650425226658,59.78365588010787,0,C
2,2,27,18,11,50.83470680254624,10,20.35433835031828,51.8823447698069,0,C
2,0,0,6,8,100.0,6,22.5,68.23469757488267,1,B
2,3,3,9,17,95.44747373686644,8,26.930934217108305,74.46609874247814,1,B
4,3,25,8,17,51.56063828892927,20,23.44507978611616,52.623544380194886,0,C
4,3,26,16,14,52.255717667050035,16,25.531964708381253,54.79193713693657,0,C
1,3,5,7,17,88.48080132099754,2,21.060100165124695,56.90828129878615,0,C
1,2,21,9,12,66.25063511763835,4,17.281329389704794,46.337521373259676,0,F
4,0,25,10,12,50.0,16,21.25,58.139830456902885,0,C
1,0,21,5,11,53.50575759118858,4,12.688219698898573,42.72173178430965,0,F
3,0,4,6,17,93.03287068886758,6,27.629108836108447,76.93013459035015,1,B
3,3,2,5,11,96.83345666331641,12,25.10418208291455,64.45695573298431,1,C
4,3,1,7,14,97.6581665542443,16,32.20727081928054,66.39348672051644,1,B
1,0,2,12,17,96.50113991451018,3,18.062642489313774,82.87311242581481,1,A
2,0,8,12,17,86.83551904234321,4,18.8544398802929,80.51141988601547,1,A
3,3,18,8,12,66.53734116556254,12,19.317167645695317,52.14623073883985,0,C
4,3,18,10,5,65.78410917413706,8,25.223013646767132,49.92733921914598,0,F
1,1,16,16,10,70.7825923235186,5,18.847824040439825,58.08184168377429,0,C
4,1,17,13,6,57.89982108738183,16,23.23747763592273,59.9143158159454,0,C
2,1,10,18,5,76.1917933070365,4,22.523974163379563,67.37175353277046,1,B
3,0,11,11,16,73.89726953895003,12,20.23715869236875,67.86129812025271,1,B
4,2,2,6,14,96.20246481895846,16,32.025308102369806,65.28310031565675,1,B
4,3,17,15,11,58.131216124445615,20,23.266402015555702,58.07672497469355,0,C
4,1,23,6,10,50.0,12,26.25,48.583938658841845,0,F
2,2,5,7,9,88.34002665647462,4,22.042503332059326,47.573415549138254,0,F
4,3,6,12,19,87.99474924967383,16,25.999343656209227,68.55605534174752,1,B
2,2,0,14,9,100.0,10,21.5,74.43995227108859,1,B
2,0,5,19,13,88.06557247507662,10,20.00819655938458,90.59942801691314,1,A
2,0,17,13,13,66.23074543067304,6,16.27884317883413,68.54628176855448,1,B
3,0,12,17,16,70.37734109097764,9,25.797167636372205,68.56766355605527,1,B
3,1,21,18,16,63.147918760546986,15,20.893489845068373,69.23895419707733,1,B
4,3,18,7,10,55.13717815423796,20,20.892147269279747,36.30031638386574,0,F
4,0,6,13,17,89.6654519081671,8,32.208181488520886,89.254694696959,1,A
3,1,18,16,19,66.37299835557755,6,23.296624794447194,70.6848024472937,1,B
1,1,8,16,7,83.24786781660059,5,17.405983477075075,68.97233474922835,1,B
3,1,2,14,11,95.61335388163101,15,29.951669235203877,80.7715522265862,1,A
2,1,22,16,8,51.15379228185904,6,17.39422403523238,46.251028884339085,0,F
3,0,11,12,9,78.2612235017945,6,26.782652937724315,72.8535196589597,1,B
2,1,19,9,11,70.04028781958206,10,16.755035977447758,63.78123856784997,1,C
4,0,23,15,19,54.09089251052967,8,21.76136156381621,75.95202925177625,1,B
1,0,29,14,16,50.0,2,12.25,62.31175291261397,1,C
4,1,17,7,11,63.319854646681705,20,22.914981830835213,56.187920340641114,0,C
2,0,7,15,19,88.22407091084003,10,19.028008863855003,85.09710542504895,1,A
2,3,8,11,14,84.84870140198917,8,24.606087675248645,67.83925119926602,1,B
2,3,12,13,12,70.4065701519936,4,16.8008212689992,59.978589467994226,0,C
1,2,7,16,5,88.87792820538789,2,17.109741025673486,57.45342821542465,0,C
3,3,21,10,9,55.85098268323563,9,18.981372835404454,34.48509712365716,0,F
4,0,9,7,19,85.68416593856318,12,25.710520742320398,74.3255423399773,1,B
4,0,16,9,16,73.48806950496063,12,27.18600868812008,67.87136313184658,1,B
3,3,6,11,13,87.37039366832165,6,21.921299208540205,62.16026366394108,1,C
4,1,16,12,19,68.89607163875542,20,23.612008954844427,67.71565856625176,1,B
1,1,22,17,11,54.93302206709625,5,14.866627758387033,54.96008539554853,0,C
4,0,29,18,15,50.0,20,21.25,69.30904562747773,1,B
2,1,17,16,16,60.60691587731347,4,21.575864484664184,66.72227642017928,1,B
3,2,23,8,17,50.0,15,17.25,49.55187769875203,0,F
1,2,1,6,6,97.88374507916178,3,20.23546813489522,57.96497486661964,0,C
3,3,2,14,5,96.02071366057197,15,30.002589207571496,62.70742070253078,1,C
1,3,28,6,12,50.0,5,17.25,35.35157635270691,0,F
2,1,27,16,13,50.0,6,19.25,67.19270620886817,1,B
3,0,18,7,14,63.616602190150665,12,23.952075273768834,63.46565515169898,1,C
4,3,0,12,9,100.0,16,31.5,69.41884349226012,1,B
1,2,20,5,18,67.16121951883477,4,19.395152439854346,65.55589800163747,1,B
3,3,20,18,15,62.85834464572195,6,18.857293080715245,57.549875615248325,0,C
4,3,9,11,10,85.8895896522593,8,24.736198706532413,64.82390260377784,1,C
3,2,20,10,19,65.2153756108014,9,25.151921951350175,68.04241278321004,1,B
3,0,13,18,6,71.96678890822389,12,19.995848613527986,64.94206226711572,1,C
3,3,12,6,15,81.85083625243304,6,23.231354531554132,55.356785240678775,0,C
1,3,8,13,9,83.16725707534802,5,21.3959071344185,58.97212071290433,0,C
4,3,5,17,16,88.63821538399085,16,28.079776922998857,80.34810550023923,1,A
2,1,5,16,8,91.64923124234451,8,26.456153905293064,70.04684961582387,1,B
1,3,18,9,12,69.74256586235664,2,17.71782073279458,42.54421827177453,0,F
1,2,20,6,12,69.4228726697304,4,20.6778590837163,53.513092744212194,0,C
1,0,9,7,18,81.88794965049885,3,19.235993706312357,67.50720060174564,1,B
2,0,22,11,9,52.59907374880022,6,16.574884218600026,51.48730152271634,0,C
4,2,2,11,15,96.08618083583076,8,26.010772604478845,66.23440583976212,1,B
4,1,17,14,12,67.8793702363544,16,29.484921279544302,63.608095679741936,1,C
4,2,20,5,10,60.91174365412665,12,25.613967956765833,43.67684638182159,0,F
3,0,18,19,14,58.93249206295621,12,21.366561507869527,73.04456944160826,1,B
3,2,4,14,10,93.86594277061856,9,28.73324284632732,71.48402568406848,1,B
3,1,24,18,17,50.0,9,18.25,64.52056293527271,1,C
2,0,10,15,19,78.33657884333209,8,23.79207235541651,87.98928465498416,1,A
3,1,9,15,17,84.32716101258322,6,24.540895126572902,84.79517927580861,1,A
2,2,16,16,8,67.60416438015709,4,16.450520547519638,50.83324719600313,0,C
4,3,3,8,14,95.35212798804267,8,28.919015998505333,55.55193537399131,0,C
3,2,25,10,16,53.01028324151747,12,24.626285405189684,55.505206568884816,0,C
3,1,20,12,15,66.5191504184573,12,24.31489380230716,71.20126953418155,1,B
1,2,17,7,7,74.12089343764887,4,14.26511167970611,41.87633902961333,0,F
2,3,27,18,13,50.0,4,17.25,47.299323663129385,0,F
4,1,17,7,9,62.1560889042946,16,23.769511113036824,57.495220123587316,0,C
1,2,0,12,14,100.0,2,23.5,78.45588137701768,1,B
1,1,13,12,14,71.89057432982156,3,16.986321791227695,65.80323530931389,1,B
4,1,7,12,8,86.68620910308726,8,31.835776137885908,68.07539462473032,1,B
1,0,1,5,10,97.50050388759813,2,24.187562985949768,66.84986662055731,1,B
2,0,18,12,18,67.90701685419621,10,23.48837710677453,75.51545416522839,1,B
2,1,14,12,8,76.38015994208547,10,23.547519992760684,62.591252768750266,1,C
3,2,27,6,19,50.0,6,22.25,51.7801998174714,0,C
1,2,1,16,10,97.99508858455819,5,24.249386073069772,75.0509304619776,1,B
3,2,3,13,14,94.43552985987002,12,26.804441232483754,68.21833269743104,1,B
1,3,29,11,12,50.0,5,12.25,38.51886445599915,0,F
2,1,0,12,12,100.0,10,22.5,84.6067716617357,1,A
2,1,18,6,16,63.81388432448549,10,22.976735540560686,46.20835248446347,0,F
2,3,20,8,10,59.997460829984234,4,18.499682603748028,32.37872602954098,0,F
1,1,9,11,5,79.08592219586525,3,21.885740274483155,51.35365490144698,0,C
2,1,0,10,17,100.0,6,27.5,84.31990648229042,1,A
1,3,19,11,5,58.89794839949747,3,12.362243549937183,32.47295951108685,0,F
3,0,21,5,18,62.08719660297253,9,25.760899575371567,64.21645531163557,1,C
1,1,14,12,7,69.34544572184393,3,15.668180715230491,56.4953522602211,0,C
3,3,3,17,6,94.7458866122785,9,26.843235826534812,67.1917394942551,1,B
1,2,6,11,5,85.20073365712278,2,16.650091707140348,49.872899948793055,0,F
3,0,29,17,5,50.0,12,22.25,55.41999916297025,0,C
2,2,6,8,16,88.41285846720378,8,20.05160730840047,65.37431487816022,1,B
3,1,21,5,16,52.02878614002648,9,20.50359826750331,58.86543871199619,0,C
2,0,24,19,16,54.19226451131421,10,19.774033063914274,71.73577577909609,1,B
2,3,17,12,10,73.2316273007443,10,21.153953412593037,55.59431582699219,0,C
3,1,12,14,11,73.51877352399273,6,24.189846690499092,68.83882053813605,1,B
1,3,9,11,19,82.85847550274403,3,16.357309437843004,68.74148693968348,1,B
1,0,23,12,12,50.0,3,12.25,59.13031402318997,0,C
4,2,7,14,7,87.354071499695,20,28.919258937461876,68.06611417844141,1,B
1,1,26,5,5,50.0,3,17.25,37.05518801093998,0,F
4,1,9,9,9,80.37605939313912,12,25.04700742414239,75.18113489756585,1,B
1,3,13,13,12,69.40677999033741,5,13.675847498792177,47.52371156702648,0,F
1,0,13,9,16,76.70553559778378,4,15.588191949722972,67.24068402080543,1,B
2,3,26,17,15,50.0,8,14.25,45.03501826988014,0,F
4,0,19,18,18,55.86054878652683,8,27.982568598315854,76.37162438974404,1,B
1,1,21,18,15,54.97980479712479,5,16.872475599640598,61.4899460412974,0,C
4,0,10,14,8,81.40078100504665,8,25.175097625630833,66.2010354477372,1,B
2,1,5,16,6,89.9400218714535,6,21.242502733931687,69.41731102101365,1,B
2,0,20,7,13,50.07803811273448,10,16.25975476409181,46.29373885601929,0,F
4,2,29,13,16,50.0,16,26.25,63.21220930581862,1,C
2,0,0,17,17,100.0,6,26.5,99.01891112558765,1,A
3,2,18,13,13,58.09759515219672,12,23.26219939402459,64.50071475725093,1,C
3,0,6,8,7,88.34781796736698,12,27.043477245920872,81.80024659202445,1,A
2,0,23,8,11,50.0,4,20.25,42.50822757043798,0,F
3,3,17,15,17,65.11563911217323,15,21.139454889021653,60.75892315753866,0,C
1,3,2,12,5,96.34625570074742,5,22.043281962593426,63.07833305993084,1,C
4,1,19,11,12,69.86562042613899,20,29.733202553267375,73.0040295350032,1,B
1,3,29,15,12,50.0,2,11.25,46.94787096980287,0,F
4,0,10,9,17,79.31361622963429,16,29.91420202870429,73.17962822721485,1,B
2,3,4,10,7,91.18700744506702,4,19.398375930633378,54.74299557351905,0,C
1,0,18,19,16,57.24789952760068,5,15.155987440950085,77.20924029701816,1,B
2,2,20,7,19,51.12078329352371,6,21.390097911690464,48.28581910445977,0,F
2,0,23,18,9,63.14356153783406,10,18.892945192229256,64.09846584278824,1,C
4,1,23,19,8,51.67918532205026,20,21.459898165256284,59.61115532413622,0,C
4,2,29,10,11,50.0,16,20.25,44.002325252506196,0,F
4,1,1,17,15,98.32793618300664,20,33.29099202287583,92.74451539898656,1,A
1,1,21,12,11,57.04238571446829,5,18.130298214308535,46.44798308906792,0,F
3,1,3,14,15,94.49549909325917,12,29.811937386657398,91.13292780970882,1,A
4,3,24,18,12,62.14198403233807,20,23.76774800404226,57.07101192372767,0,C
4,1,9,17,9,85.90720607949572,20,26.738400759936965,72.35077806231136,1,B
1,2,1,15,17,97.74078701955675,4,24.217598377444595,77.4024808426413,1,B
4,0,7,13,15,85.19181183689585,12,30.64897647961198,83.72971199093108,1,A
1,1,0,7,9,100.0,4,19.5,58.738795295228535,0,C
2,2,26,12,12,50.0,10,15.25,44.62031336159232,0,F
4,1,5,16,9,91.82843850110407,8,25.47855481263801,74.74506661174762,1,B
4,0,10,7,17,83.48434743476273,12,29.43554342934534,73.4224927140949,1,B
2,2,26,6,18,54.43542317061497,8,15.804427896326871,44.28178054211252,0,F
2,2,29,9,17,50.0,6,19.25,53.85049318862504,0,C
2,0,27,18,5,50.0,6,18.25,60.16616486591448,0,C
4,2,9,8,15,80.4349687475535,8,28.05437109344419,67.19309632962364,1,B
3,0,12,17,7,78.93793678659958,6,23.867242098324947,74.54578937421746,1,B
3,2,0,9,6,100.0,6,28.5,56.55345469079984,0,C
3,2,1,10,16,97.81577606919363,15,23.226972008649206,75.9156791970781,1,B
4,0,2,19,14,95.74936305836789,16,32.96867038229598,100.0,1,A
2,0,8,7,9,82.5938926531029,10,23.324236581637862,59.54126690225496,0,C
4,2,4,5,17,92.95528138376568,16,30.61941017297071,65.70368796533094,1,B
2,2,9,19,12,81.84733104497172,10,20.230916380621466,73.16710253565041,1,B
4,0,9,8,19,83.2446747874766,20,24.405584348434573,85.68000875119596,1,A
4,3,11,10,13,74.5053116715968,8,29.313163958949602,58.35334895957557,0,C
2,0,17,6,13,73.32025674398264,10,22.16503209299783,65.90789932932965,1,B
3,2,25,6,5,55.613955263959106,6,22.951744407994887,30.354260672269262,0,F
2,2,20,5,5,57.94092511659262,8,20.242615639574076,38.02782440325635,0,F
1,2,20,13,5,65.89552445851956,2,16.236940557314945,42.87122014275121,0,F
1,0,0,7,5,100.0,3,23.5,68.9949212476312,1,B
2,2,2,6,13,96.72645499359969,6,22.090806874199963,63.80325828740412,1,C
4,3,4,8,5,93.90875083250118,20,26.73859385406265,54.941881890304785,0,C
1,1,24,10,11,50.0,3,13.25,58.116162025153685,0,C
1,3,25,5,10,54.16388996481799,4,16.77048624560225,26.636473736697695,0,F
4,0,16,13,13,73.49041627102349,20,28.186302033877936,72.90527991864543,1,B
4,2,7,13,15,88.2910368197794,8,31.036379602472426,77.99719588127923,1,B
3,0,16,12,13,61.825673695446966,15,22.72820921193087,75.95253447721733,1,B
4,1,8,10,8,82.7645487508255,20,25.345568593853187,69.89056578362356,1,B
2,0,5,8,13,87.71826866704956,6,23.964783583381195,71.46069045480806,1,B
2,2,16,6,18,63.1993548259535,10,21.899919353244186,51.05976431143536,0,C
3,1,7,12,19,84.12720120480282,12,23.515900150600352,83.42913319219134,1,A
1,1,20,11,17,60.003586808498355,5,18.500448351062296,60.788114271166705,0,C
1,2,6,16,18,86.07517060776313,2,16.759396325970393,71.52059752714977,1,B
4,2,6,18,10,88.52408476934889,8,29.06551059616861,77.79762196443443,1,B
2,2,14,8,9,67.42199304154704,6,20.42774913019338,46.80782597607965,0,F
1,0,6,7,13,86.45355224987726,5,15.806694031234658,62.6235937422727,1,C
3,3,21,19,19,54.25278886248292,6,22.781598607810366,61.02923853410189,0,C
3,0,26,10,11,52.42737916495013,15,23.553422395618767,56.50147993456888,0,C
2,0,7,19,13,85.08501853884007,10,22.63562731735501,79.94499734243108,1,B
3,3,8,19,9,83.94569900179937,6,25.49321237522492,65.51387601001925,1,B
3,2,27,5,8,50.0,15,21.25,39.81965524896412,0,F
2,2,14,6,14,65.13655133263134,6,21.142068916578918,37.376924986255744,0,F
4,3,1,11,7,97.99560217016953,12,32.24945027127119,67.9565013370115,1,B
4,3,6,15,9,90.808082767578,8,28.351010345947252,68.91329070100538,1,B
3,0,14,7,13,70.22944983285348,12,25.778681229106684,64.59225779466529,1,C
4,1,17,18,7,62.12381563453015,16,27.76547695431627,59.58229462778496,0,C
4,3,21,17,5,50.0,20,26.25,47.95816804114256,0,F
3,0,17,5,6,63.74435964571194,9,22.968044955713992,50.33040075164701,0,C
4,1,9,6,14,86.32488594521342,8,30.790610743151678,64.88135872791817,1,C
3,2,21,14,9,65.98536894796496,9,19.24817111849562,51.92549353146903,0,C
1,2,17,14,7,71.75891916431377,4,14.96986489553922,53.580265793652956,0,C
2,0,0,18,10,100.0,8,23.5,93.78268033771397,1,A
2,0,6,13,19,86.20133861706998,10,19.775167327133747,78.43115419662215,1,B
4,3,2,11,19,96.38047989998165,8,27.047559987497706,74.78519251692784,1,B
4,2,13,11,15,76.43928980397881,20,30.55491122549735,63.980017540384566,1,C
4,0,11,18,12,75.18853814924499,12,29.398567268655626,81.16154082020921,1,A
2,2,13,14,10,75.13832453122237,6,23.392290566402796,62.66149072956256,1,C
1,2,28,12,14,56.19009310529352,4,12.023761638161691,44.136700556570325,0,F
1,3,3,19,13,93.74462066271809,5,22.71807758283976,75.40427414850531,1,B
2,1,12,16,19,80.4391877619442,6,21.054898470243025,80.81180896471905,1,A
1,3,15,16,10,68.92503580046231,3,18.615629475057787,58.79287291282543,0,C
2,0,15,12,18,65.80542838567149,6,18.225678548208936,71.32938165392378,1,B
1,3,21,13,9,50.0,2,15.25,39.032195041242595,0,F
3,3,4,6,8,93.73178957220304,12,23.71647369652538,56.61084840934808,0,C
3,2,19,18,6,65.72463490851268,15,20.215579363564085,64.69242504008066,1,C
2,3,24,12,10,50.0,6,14.25,29.657474233247584,0,F
1,0,5,12,6,90.92273498577606,2,21.365341873222008,61.24473756448886,0,C
4,1,5,17,9,90.24487194403481,12,25.28060899300435,76.18158485557619,1,B
1,3,17,9,5,74.15845533674697,3,14.269806917093371,42.267263726852406,0,F
3,3,5,9,7,89.0325099691908,12,29.12906374614885,47.058914352451964,0,F
3,1,6,8,14,85.70031921092792,6,24.71253990136599,67.5602274685358,1,B
1,0,23,18,9,50.0,3,17.25,55.181984220272206,0,C
1,0,29,9,17,50.0,4,18.25,51.83279159705297,0,C
4,3,23,6,17,64.76914596425081,8,27.09614324553135,48.96677230908107,0,F
4,2,15,6,11,67.72219047734785,12,28.46527380966848,54.52493704988832,0,C
1,3,8,9,12,84.03472602948904,5,21.50434075368613,64.32553001647038,1,C
1,1,25,15,11,50.0,4,15.25,63.38366731032883,1,C
1,1,26,17,11,50.0,3,14.25,60.82499699087215,0,C
1,1,12,7,15,70.14344590741351,3,13.767930738426688,59.13908739913809,0,C
2,3,11,5,19,74.01872353312149,4,23.252340441640186,53.01989320956564,0,C
1,3,18,13,6,63.15594159057129,5,12.894492698821411,41.94780359945206,0,F
4,0,25,6,10,50.0,16,25.25,52.693399505876876,0,C
3,2,22,18,9,50.0,6,22.25,56.33592402055109,0,C
2,3,22,16,15,54.281431989134965,6,20.78517899864187,60.1476572303781,0,C
1,0,0,18,19,100.0,4,18.5,89.457536429167,1,A
3,3,7,14,13,82.90453086714558,9,24.363066358393198,61.63861028233342,1,C
2,0,3,6,16,93.78838692625362,6,25.723548365781703,81.77523139282863,1,A
3,0,20,18,14,66.81691507839646,15,22.352114384799556,76.95780348146086,1,B
1,2,29,8,15,51.98866159893378,3,16.498582699866724,43.17876545013737,0,F
1,3,21,6,8,66.07833934247284,4,17.259792417809106,43.11363743266776,0,F
4,0,18,11,16,64.42618275505109,12,25.053272844381386,67.64932477866024,1,B
1,1,20,19,11,60.397168434544916,4,19.549646054318114,66.43166854741706,1,B
1,1,25,16,15,50.0,5,16.25,57.406193317845215,0,C
2,1,4,14,12,92.06850874351701,6,26.508563592939627,86.91610802399747,1,A
4,2,16,19,18,60.4311197522556,8,28.55388996903195,75.15890920835639,1,B
2,0,2,5,10,96.4173783588021,8,24.052172294850262,69.0246352181177,1,B
3,2,18,15,7,57.271300740196224,9,20.15891259252453,50.61814158551606,0,C
1,3,0,6,15,100.0,2,22.5,64.98872921723522,1,C
3,3,28,15,9,50.0,12,21.25,42.019471222431434,0,F
2,0,22,9,5,52.73684521809026,4,14.592105652261282,43.7939320123966,0,F
1,1,0,19,18,100.0,3,19.5,94.31277777792384,1,A
1,0,22,6,17,55.933511315205585,5,17.991688914400697,58.03484714327919,0,C
2,0,19,13,12,67.75270054651925,10,17.469087568314905,60.626477659056526,0,C
2,0,8,8,16,85.04801909949248,4,19.63100238743656,76.17899304245971,1,B
2,2,22,13,16,61.012446637096154,6,16.62655582963702,62.301076011582566,1,C
2,3,4,15,16,92.32357793745919,6,19.5404472421824,68.88487593793582,1,B
2,0,6,16,15,87.8201901537238,8,25.977523769215473,81.15321729596263,1,A
1,0,24,5,6,50.0,3,17.25,47.36655814392066,0,F
2,0,25,5,17,50.0,10,19.25,56.62982487543586,0,C
1,2,5,5,14,87.94994839469823,3,16.993743549337278,57.923735665661,0,C
1,2,16,18,11,68.5986994415781,4,17.574837430197263,60.276705124418555,0,C
2,2,21,8,13,66.63789981551867,8,21.329737476939833,59.80535911509227,0,C
2,0,16,13,5,63.24695696637247,6,15.905869620796558,57.23287229044093,0,C
4,1,12,12,17,76.27410729831533,12,26.534263412289416,75.7099010329469,1,B
1,1,11,11,8,77.48908738491613,4,14.686135923114517,57.38515297606629,0,C
2,1,3,19,11,93.71261758008119,8,25.71407719751015,81.78888736517516,1,A
2,3,29,5,18,50.0,4,14.25,37.64660189816887,0,F
2,0,7,7,13,83.26929397977244,10,25.408661747471555,73.27180275681603,1,B
4,1,4,13,6,90.19141521915924,20,28.273926902394905,66.23143486072942,1,B
4,1,4,19,6,90.23932272376685,8,31.279915340470858,76.39611830249544,1,B
3,1,12,13,10,72.28643617260359,6,24.03580452157545,60.52387352931662,0,C
1,0,25,9,7,50.0,5,13.25,43.851328442452655,0,F
3,1,10,16,8,84.50345231051642,12,24.562931538814553,73.72803845711907,1,B
2,1,7,17,7,83.55621133481739,10,18.444526416852174,69.39096329775012,1,B
4,0,7,10,17,88.99414334202183,16,26.12426791775273,78.69629135487197,1,B
4,3,0,15,5,100.0,20,29.5,63.4887684304054,1,C
3,2,12,17,18,79.96763654087601,12,23.995954567609502,77.72497087766914,1,B
4,1,28,10,18,50.0,20,22.25,57.523229078907484,0,C
2,2,4,14,10,93.26326528338295,4,26.65790816042287,60.224747036848754,0,C
4,3,27,8,15,50.0,12,26.25,47.90641196332937,0,F
3,3,20,5,15,61.765051123667604,9,18.72063139045845,37.72325185615625,0,F
2,1,7,9,17,89.16356009219079,6,20.145445011523847,71.5969528361939,1,B
3,0,16,17,6,62.712032878356,12,19.8390041097945,59.368761744561205,0,C
4,3,22,5,6,50.0,12,22.25,24.753365747545637,0,F
3,2,22,5,11,50.0,15,22.25,42.83984827295545,0,F
3,2,12,15,9,71.82872076122477,9,20.978590095153095,55.471660216186905,0,C
1,2,8,9,12,81.99296771750966,4,22.249120964688707,57.75664859950601,0,C
4,2,1,9,18,97.56251555462686,16,33.19531444432836,69.9375398451656,1,B
4,3,18,11,6,62.624939496403506,16,25.828117437050437,53.098275185471294,0,C
3,1,19,6,17,60.42979161486247,15,25.55372395185781,61.53327517364936,0,C
1,1,16,19,14,62.241441465196935,4,15.780180183149618,73.82948115370588,1,B
4,2,6,10,12,88.90350671968842,20,28.112938339961055,75.93585187665936,1,B
2,1,29,6,11,55.04761172812544,8,21.88095146601568,53.34214771723156,0,C
3,2,25,19,17,50.0,6,18.25,59.103602697833395,0,C
4,2,2,17,14,96.49082164117928,16,27.06135270514741,82.26081540571441,1,A
2,0,18,14,18,64.46375538346072,6,17.05796942293259,67.67052699597784,1,B
4,3,18,9,12,68.67208295785902,12,25.584010369732376,50.95654608731388,0,C
2,3,23,8,15,50.0,4,15.25,33.17223963229994,0,F
3,2,8,15,7,80.33365627936419,12,25.041707034920524,69.32391609553054,1,B
4,3,9,14,12,86.0047920675947,12,28.75059900844934,69.67351291615371,1,B
4,1,28,9,19,51.465594319017285,12,23.43319928987716,62.85470871061055,1,C
1,2,13,6,10,78.03569239040097,5,19.754461548800123,48.35840040901267,0,F
3,0,17,12,6,63.05554028339507,15,18.881942535424383,65.08359099205424,1,B
2,1,25,12,10,51.78304000561644,8,20.472880000702055,43.37253035331886,0,F
4,0,14,10,9,72.61233671080082,8,30.076542088850104,64.06343066551878,1,C
4,0,25,7,7,58.57302289049142,16,21.321627861311427,53.9863393538364,0,C
2,3,0,8,5,100.0,10,20.5,63.36516779133943,1,C
3,3,29,5,11,50.0,15,21.25,29.496698372284662,0,F
1,2,24,13,6,50.0,4,17.25,46.94197391885233,0,F
1,3,5,14,5,91.4138088563162,4,18.426726107039524,61.36017501292001,0,C
4,0,29,9,5,50.0,16,26.25,55.89461252322107,0,C
2,0,14,18,11,73.71156731397505,8,17.21394591424688,71.55899831340255,1,B
4,1,24,12,16,55.68893051131849,8,22.96111631391481,62.67160252916581,1,C
2,0,5,7,5,90.97221682919493,6,22.371527103649367,68.18931441103001,1,B
1,2,17,8,13,63.04483060156089,4,18.88060382519511,50.54577171527916,0,C
3,2,0,8,10,100.0,9,30.5,69.00154754383188,1,B
2,3,29,12,8,50.0,10,18.25,40.847782382411545,0,F
1,3,23,19,16,59.94296591576603,3,17.492870739470753,54.769884072050075,0,C
4,3,2,16,8,96.9197608411775,16,33.11497010514719,66.98611285751089,1,B
2,2,16,13,19,73.08762429059344,6,24.13595303632418,71.89599730240592,1,B
3,0,15,7,17,72.34965453506686,12,27.043706816883358,67.9577359801407,1,B
4,3,7,11,16,88.24241506784037,16,25.030301883480046,69.77636307150533,1,B
4,1,27,13,18,57.24521170732828,20,28.155651463416035,62.94337923894541,1,C
1,3,16,6,9,68.8745844292869,4,17.609323053660862,38.81078947887837,0,F
2,2,7,8,6,84.76146435373292,10,21.595183044216615,61.62953051768437,1,C
4,3,16,7,9,63.974867728736356,8,25.996858466092043,42.37957685212324,0,F
3,0,24,12,6,54.43054420675351,12,18.803818025844187,60.00414405277027,0,C
2,3,29,8,16,50.0,10,14.25,50.735203188928224,0,C
3,2,8,13,8,81.95623605300159,15,25.2445295066252,67.44973904332427,1,B
4,2,11,5,14,79.6202138666082,16,28.952526733326025,62.626161675273536,1,C
3,1,28,5,15,50.0,9,21.25,48.07127758579435,0,F
1,2,24,8,18,50.0,5,15.25,47.07080933464546,0,F
3,1,18,7,9,57.15134877985515,6,21.143918597481893,44.916398088965764,0,F
2,0,3,7,10,94.13921398993892,6,19.767401748742365,76.00057344611022,1,B
3,2,20,14,10,58.409630102221506,9,25.30120376277769,53.992972481882084,0,C
3,3,21,16,13,53.455045880222606,12,22.681880735027825,56.01769054143929,0,C
1,0,24,6,8,55.61678938153166,5,11.952098672691458,54.9165184288687,0,C
3,3,28,18,17,50.0,6,18.25,63.868776256497895,1,C
3,3,10,14,18,80.63083004719469,15,22.07885375589934,72.79032838476891,1,B
4,3,27,14,9,50.0,8,26.25,45.96240724248494,0,F
4,0,3,6,10,94.7357983152218,20,29.841974789402727,74.84241733957376,1,B
2,0,13,12,8,80.35208526767317,8,18.044010658459147,72.25949382411937,1,B
4,2,13,5,10,72.27505085235913,8,30.03438135654489,45.625215017961466,0,F
4,3,5,18,6,90.24055441253438,16,32.2800693015668,67.35648519866518,1,B
4,1,28,19,16,56.32495272350831,20,27.04061909043854,68.1946627806537,1,B
4,2,16,12,17,68.1982023508308,8,28.52477529385385,57.1209811971097,0,C
1,0,1,14,11,98.33143015457848,2,17.29142876932231,81.55987399777771,1,A
4,1,7,7,7,85.09175586123256,20,28.63646948265407,58.771892134451086,0,C
1,0,3,6,18,94.16486326706523,4,18.770607908383155,74.98664020489974,1,B
1,1,9,13,14,84.95987723285543,2,15.61998465410693,72.60789103388925,1,B
4,2,6,9,8,88.5283663167275,8,29.066045789590937,64.70557050238399,1,C
3,1,3,19,13,94.8018735754676,6,26.85023419693345,93.92305362299442,1,A
1,2,15,18,19,67.70354829290628,5,19.462943536613285,60.55524809393056,0,C
3,0,13,9,19,76.6631361374055,9,22.582892017175688,71.6277891591431,1,B
3,1,15,17,16,65.16973974923044,15,20.146217468653806,63.15860485747173,1,C
4,3,24,10,19,63.660083068203704,16,28.957510383525463,52.693325084857506,0,C
2,3,8,8,17,84.77265618766164,6,23.596582023457707,63.28066105947512,1,C
4,0,3,11,9,93.64875863323608,8,29.70609482915451,75.79481775159053,1,B
2,1,28,11,13,57.36696803542344,4,15.17087100442793,46.10711851978127,0,F
2,3,23,15,14,60.53563624194674,6,16.566954530243343,53.895894967887784,0,C
4,2,5,13,17,90.8629002023527,8,26.357862525294088,83.160313802168,1,A
4,1,0,10,14,100.0,8,27.5,72.9764458050031,1,B
2,1,6,17,14,87.71985577089598,10,22.964981971361997,82.23877264131592,1,A
4,3,0,5,16,100.0,20,26.5,76.55418725055543,1,B
2,2,18,13,14,68.90459946736541,8,21.613074933420677,56.10377642579438,0,C
3,2,7,16,10,85.69562090870136,6,23.71195261358767,66.84926204134698,1,B
4,2,24,17,12,50.0,16,23.25,49.08322238719782,0,F
3,1,2,14,9,95.22616142450536,12,25.90327017806317,82.57829839817367,1,A
1,0,0,13,9,100.0,3,18.5,79.95576920497457,1,B
3,1,0,9,7,100.0,9,29.5,66.7338693301892,1,B
3,1,6,11,11,88.03358007190404,6,25.004197508988007,68.13158854362808,1,B
2,3,20,5,6,65.09597770270571,6,22.136997212838214,39.55047175463132,0,F
3,0,12,8,15,81.02836915387803,12,28.128546144234754,66.24472079499725,1,B
4,2,29,16,16,50.0,20,23.25,57.06178488324214,0,C
2,3,0,14,7,100.0,6,24.5,64.78546708443639,1,C
1,1,15,8,19,69.55131336826527,4,15.693914171033159,68.02837656321331,1,B
4,0,21,9,6,58.20474782291665,12,24.275593477864582,55.640055414152705,0,C
1,2,29,10,19,56.31654154687165,2,18.039567693358954,46.881447597436264,0,F
3,2,21,8,17,58.367155691477485,9,23.295894461434685,58.686626494482056,0,C
4,1,13,10,12,73.74253308560712,20,28.217816635700892,73.06525665868847,1,B
4,2,3,14,8,93.6828887769652,8,27.71036109712065,72.93569830100367,1,B
1,2,22,11,14,50.0,3,14.25,46.2855115617933,0,F
4,0,22,7,12,50.0,20,25.25,53.82542004046663,0,C
4,3,11,13,12,77.70377758262096,16,24.712972197827618,67.86432002359432,1,B
4,0,24,12,12,50.0,12,27.25,57.75110161747267,0,C
3,3,11,5,12,82.5631765301066,9,22.320397066263325,51.909834057904064,0,C
1,3,16,17,12,67.5015260411188,4,18.437690755139847,59.9208042767512,0,C
4,3,20,6,16,56.421998815520766,16,28.052749851940096,53.72627793124394,0,C
2,2,14,6,13,71.09379652602632,6,18.88672456575329,47.775241829336764,0,F
2,0,9,14,6,84.42351104991234,10,24.552938881239044,77.76011548485974,1,B
2,2,2,13,13,96.87468402739077,8,27.109335503423846,71.21388178625253,1,B
2,1,22,16,12,58.49327573934583,8,22.31165946741823,65.69809247971233,1,B
3,0,19,13,15,59.19479254205159,15,20.399349067756447,72.30496466845952,1,B
4,3,19,13,14,52.65745160054432,12,27.582181450068042,50.2086121297157,0,C
1,2,28,5,5,51.377063361249505,2,13.422132920156187,22.477114681456968,0,F
4,2,11,11,18,73.40431099317479,12,25.17553887414685,61.833054903150156,1,C
3,0,0,19,9,100.0,9,23.5,92.43688225424394,1,A
2,0,0,16,15,100.0,4,21.5,91.24187642537406,1,A
3,3,9,15,6,79.00869908916972,9,23.876087386146217,57.10164153631483,0,C
4,3,17,17,14,74.14392900355858,12,23.267991125444823,62.80838996888278,1,C
1,1,14,7,9,74.8254047627587,4,16.353175595344837,51.840641309779826,0,C
3,3,1,15,17,98.44904334632146,15,26.30613041829018,81.02988518402559,1,A
1,2,16,13,19,60.07190605552705,3,13.508988256940881,57.3226231417827,0,C
3,1,7,12,12,86.50509196791356,6,23.813136495989195,72.68681102145521,1,B
1,1,21,7,13,54.59435608817662,2,15.824294511022078,41.79251152715632,0,F
1,1,21,5,13,63.581997928729876,4,14.947749741091235,50.7147043425694,0,C
2,0,25,13,5,50.0,6,17.25,46.069832176514836,0,F
1,3,25,17,11,55.64564778651321,3,12.955705973314151,48.29406547475832,0,F
2,1,8,14,16,85.91828314158161,6,24.7397853926977,71.6471430208841,1,B
4,0,20,5,15,63.707998081172946,12,28.963499760146618,69.00270171056893,1,B
4,0,19,19,12,62.71270587163657,8,28.83908823395457,65.0970638941149,1,B
2,1,10,7,14,84.81467273770289,4,20.60183409221286,70.24933797804078,1,B
2,1,5,17,7,89.51081249935957,8,20.18885156241995,70.35878462270384,1,B
3,2,23,10,17,64.77168666576301,9,26.096460833220377,62.66912856454313,1,C
3,1,13,10,10,73.49036765938529,6,20.186295957423162,61.22076441600274,0,C
3,2,0,18,15,100.0,9,27.5,81.21415079235096,1,A
4,1,6,15,7,89.54471765118154,20,30.193089706397693,73.14036920262828,1,B
3,1,23,14,13,57.915335605070986,15,23.239416950633874,67.94165882672426,1,B
1,3,8,8,17,82.35472151004265,2,15.294340188755331,57.63084931201355,0,C
1,1,10,6,7,84.90402480128603,5,20.613003100160753,54.87699365774849,0,C
3,1,23,17,6,58.217115825407525,15,22.27713947817594,56.13351342376264,0,C
1,2,22,14,13,52.03346040837292,2,17.504182551046615,48.49285269034256,0,F
4,2,15,10,19,75.21589201896174,16,23.401986502370217,77.05301897036446,1,B
1,3,18,14,15,62.91305822465014,5,13.864132278081268,60.15488010586574,0,C
4,1,1,9,17,98.33106707151728,12,32.29138338393966,90.26552270851906,1,A
2,1,14,17,18,76.833333724002,10,18.60416671550025,86.91517252136788,1,A
2,2,2,10,12,95.45543980855248,8,19.93192997606906,63.9934799849033,1,C
2,0,3,11,12,94.70042394009658,8,25.837552992512073,79.59450819630989,1,B
2,0,19,15,6,64.36038673990197,8,19.045048342487746,58.058516992810276,0,C
1,0,21,13,10,53.16962062187564,4,11.646202577734455,59.82947497775001,0,C
3,2,27,16,17,54.65297078533964,12,19.831621348167456,60.61585948928003,0,C
1,2,6,16,17,87.80957787200285,5,18.976197234000356,73.05403959954143,1,B
4,0,11,18,9,73.4039836985887,20,24.17549796232359,75.07356308944523,1,B
1,0,3,11,18,93.83851954186453,5,16.729814942733064,79.51379629715413,1,B
1,1,9,8,16,86.06038810038913,5,21.75754851254864,73.0571374854615,1,B
4,2,5,14,6,89.55151362661445,16,28.193939203326806,68.96405383612448,1,B
2,2,24,9,9,61.836318411654446,8,21.729539801456806,43.30632289599874,0,F
2,0,29,19,8,50.0,6,16.25,64.31091100315712,1,C
2,0,21,17,13,50.65682278778627,10,18.332102848473284,66.78979330489202,1,B
3,3,13,10,16,80.35610133510797,12,22.044512666888494,56.554572589628734,0,C
4,2,2,17,5,96.84597338267076,12,29.105746672833845,65.7637796106719,1,B
4,3,16,13,10,70.18617394111406,12,27.77327174263926,49.293280226885855,0,F
1,1,10,9,11,75.0060412010065,2,17.375755150125812,62.46685123424572,1,C
3,3,9,9,19,83.8732248453534,15,27.484153105669176,74.60183423914566,1,B
2,0,25,11,16,58.56813453159922,8,22.3210168164499,51.755684797679294,0,C
3,2,28,6,10,50.0,15,24.25,35.49683201153946,0,F
4,2,20,7,9,59.61489956859193,12,26.451862446073992,52.02862764695885,0,C
4,3,9,16,16,82.45342370414046,20,27.306677963017556,71.22551197621986,1,B
1,3,9,6,8,77.98011623161347,2,14.747514528951683,47.32944956256741,0,F
1,1,2,14,9,96.43970125809896,2,18.054962657262372,72.27620067016275,1,B
4,1,23,14,13,58.75354272697478,16,22.344192840871848,64.84852312948745,1,C
2,0,25,16,9,58.9935757153229,8,15.374196964415361,67.87562806057507,1,B
2,0,14,18,14,69.23796774917355,8,16.654745968646694,75.43379167049393,1,B
3,0,16,6,19,70.85808846271138,12,24.857261057838922,66.80493990114662,1,B
4,3,26,7,12,50.0,20,25.25,44.54290204782632,0,F
4,3,17,10,11,57.98011608466035,20,26.247514510582544,45.988168854070445,0,F
2,2,18,9,8,72.21366564416934,6,23.026708205521167,61.70794341176499,1,C
2,0,18,15,14,55.123805978953754,6,21.89047574736922,64.68465672052638,1,C
4,3,11,19,9,80.70485351007207,16,24.08810668875901,68.0651247655713,1,B
1,2,23,18,11,55.83746178314587,5,17.979682722893234,59.47066353560625,0,C
4,0,4,17,10,90.88902658202923,16,31.361128322753654,91.48728404972027,1,A
4,1,23,9,17,50.197383730795536,12,22.274672966349442,62.53616981247677,1,C
2,1,26,6,7,50.0,10,17.25,46.158704629755334,0,F
2,3,15,6,14,70.50501976421712,8,18.813127470527142,47.392750104184834,0,F
1,2,29,16,19,50.0,2,12.25,60.898744973860445,0,C
1,1,14,5,7,67.94082872432845,3,13.492603590541057,35.59565947570842,0,F
3,2,14,7,6,74.67080834392854,6,23.333851042991068,50.261943949364834,0,C
4,2,26,16,18,50.0,8,27.25,63.676147377446085,1,C
2,1,5,16,7,87.69472903286822,10,23.961841129108528,75.38054330214176,1,B
1,2,11,15,15,78.9344108866758,2,18.866801360834476,70.87590094903737,1,B
3,1,1,18,14,97.8480395120124,6,29.23100493900155,90.44401990363828,1,A
3,3,26,11,17,50.0,12,20.25,46.8273707161016,0,F
2,0,19,15,5,55.9712863794425,10,18.996410797430315,55.23408157579751,0,C
2,0,8,9,17,87.88701164247394,8,21.985876455309242,82.21223613382423,1,A
3,3,3,11,13,93.61295910086038,12,22.70161988760755,56.83796615267762,0,C
1,1,4,13,6,90.10520281019757,4,20.263150351274696,57.948917572304666,0,C
3,1,20,10,16,65.37305704407657,15,23.171632130509572,62.26712926828549,1,C
4,1,25,6,17,50.0,12,21.25,50.94298949384589,0,C
4,1,7,5,7,85.76026665246113,20,27.72003333155764,63.059409836233144,1,C
2,3,21,5,9,63.84912556608286,8,17.98114069576036,48.150458687433,0,F
1,0,9,14,14,86.04065823324403,3,20.755082279155502,76.02611387529727,1,B
1,2,6,13,16,86.44046973389796,2,17.805058716737243,71.1266527440662,1,B
4,2,21,18,8,61.85412265997863,12,22.73176533249733,49.32094119799375,0,F
3,0,13,10,17,75.61738163515363,15,21.452172704394204,73.85255633838639,1,B
2,3,29,10,9,50.0,8,15.25,39.696575371157884,0,F
3,2,29,8,10,50.0,6,17.25,37.80067362951664,0,F
3,0,4,16,9,93.17525769211835,6,29.646907211514794,77.74609261191272,1,B
3,3,15,18,14,67.44037014717293,12,19.430046268396616,51.10465316338272,0,C
1,2,14,6,5,69.30444028061777,2,13.663055035077221,35.47902524614014,0,F
4,1,4,14,10,93.43079630200303,8,25.67884953775038,80.42572778688934,1,A
1,1,2,7,13,95.93418092017484,2,17.991772615021855,66.0580526746978,1,B
4,3,22,7,7,53.596294338999556,20,21.699536792374943,37.61641883673401,0,F
2,1,28,12,19,52.78495678479182,6,20.598119598098975,57.676000987214955,0,C
2,3,9,10,6,78.44984086123617,10,24.80623010765452,47.34607882095838,0,F
3,0,4,11,10,92.06869655529884,6,22.508587069412357,80.48159102691939,1,A
4,0,22,13,16,64.46937613134762,20,22.058672016418452,72.39897100981017,1,B
4,2,14,5,18,74.31845351330327,8,27.28980668916291,55.878994553358964,0,C
4,3,17,6,7,66.39167237933088,20,29.29895904741636,49.62187332437166,0,F
3,2,24,19,8,63.7565403260631,9,21.969567540757886,58.24291835528693,0,C
3,2,7,13,10,89.27663087011769,12,29.15957885876471,66.93671559427366,1,B
2,0,20,9,16,68.88958809378764,6,20.611198511723455,68.31247442037636,1,B
1,2,1,8,17,97.96186477410056,5,20.24523309676257,76.54342651461003,1,B
4,1,21,5,16,61.442147879012055,20,21.680268484876507,59.61474491690673,0,C
4,2,7,13,10,83.24827166360801,12,24.406033957951003,61.25694963813781,0,C
1,3,22,15,16,54.69685480876433,5,18.83710685109554,52.32282777264324,0,C
4,1,7,17,6,84.18072569825362,16,29.522590712281705,64.4800721811492,1,C
3,0,3,13,17,93.43860046973478,12,22.679825058716848,82.81806922829915,1,A
3,3,29,8,17,50.0,9,21.25,45.95279561308699,0,F
4,1,18,13,7,59.59503208422775,8,22.449379010528467,53.28434390432096,0,C
3,3,22,14,17,55.01647453690997,12,20.877059317113748,56.45905149422545,0,C
3,1,17,17,13,67.94724281176235,15,25.493405351470294,73.52878675677627,1,B
4,3,29,5,6,50.0,8,25.25,32.77441289751624,0,F
2,3,20,19,7,53.22997320912237,8,21.653746651140295,47.28513480084203,0,F
1,1,28,9,13,50.0,2,15.25,52.66748832865108,0,C
3,0,22,5,8,58.69948474042906,15,23.337435592553632,54.444713774755286,0,C
2,0,0,8,19,100.0,6,20.5,87.44250703666312,1,A
3,3,19,16,5,62.0882009981676,9,19.76102512477095,41.20523232710469,0,F
3,3,14,9,15,75.46634246654536,15,26.43329280831817,54.785241212514606,0,C
1,0,17,18,17,58.25514207181771,3,16.281892758977214,69.31103498802008,1,B
3,0,21,15,6,58.18937622232715,15,21.273672027790894,70.18461312956201,1,B
1,2,11,7,19,83.40156898721817,3,20.425196123402273,71.48308758869427,1,B
1,0,0,6,7,100.0,4,22.5,64.16796897490292,1,C
1,3,6,10,13,89.29405304973675,3,21.161756631217095,59.112810088705885,0,C
2,1,18,15,19,71.3410688494304,4,16.9176336061788,68.62335628196875,1,B
4,0,27,17,13,50.0,12,23.25,62.422567631223686,1,C
2,2,0,7,15,100.0,6,25.5,75.03073761630137,1,B
4,2,23,14,19,50.0,12,20.25,51.86066962431525,0,C
4,2,6,5,10,86.76120631393714,12,24.84515078924214,59.75189429346709,0,C
1,1,1,15,18,97.85453545378799,4,19.2318169317235,84.48350136515182,1,A
3,0,6,17,15,85.45902017262534,15,24.682377521578168,92.0571972492702,1,A
1,0,18,9,10,55.96492339348616,4,17.99561542418577,54.16079823956731,0,C
3,0,12,6,7,71.47014588539678,12,20.9337682356746,64.49444395589262,1,C
4,1,24,19,9,50.0,8,20.25,57.395657671704484,0,C
1,1,23,6,19,50.05082512479426,5,12.256353140599282,56.30290657362153,0,C
3,3,4,19,15,93.99357621104141,15,26.749197026380177,79.94594905367771,1,B
2,2,22,8,8,57.55062489274764,4,15.193828111593454,40.46697798774439,0,F
3,2,18,8,14,61.558070118771745,15,25.69475876484647,60.2563148384246,0,C
1,0,0,8,14,100.0,3,22.5,78.92038561350286,1,B
2,1,0,11,16,100.0,10,27.5,83.17204471826389,1,A
3,1,26,5,13,50.0,6,17.25,41.19270756896917,0,F
3,0,17,17,13,64.32240583915271,6,24.04030072989409,71.63133540672128,1,B
3,0,23,12,5,64.99413677504154,6,19.124267096880192,42.758564919704945,0,F
3,3,0,16,12,100.0,6,28.5,70.12841442862,1,B
3,2,26,17,19,55.05076878106968,12,18.88134609763371,66.52350665994712,1,B
2,2,27,14,13,50.35272106360823,10,16.294090132951027,50.51516494073017,0,C
4,2,4,13,9,91.53082938193575,16,31.44135367274197,68.98359429186418,1,B
2,3,8,14,8,87.46830477853818,4,21.933538097317275,60.47825959745816,0,C
2,0,11,17,14,83.2553374604613,4,18.406917182557663,88.09430351580039,1,A
2,0,8,18,8,84.50501667215757,8,21.563127084019698,74.98637122279744,1,B
4,2,17,19,6,61.00924485179004,12,26.626155606473755,60.828345152523354,0,C
1,2,22,10,13,66.32463135883185,5,16.29057891985398,52.76225495294845,0,C
4,3,10,8,9,76.50951414906936,16,28.56368926863367,54.19597819071711,0,C
2,1,0,10,15,100.0,10,27.5,90.07541077082182,1,A
3,1,18,14,7,70.87176227898186,6,22.858970284872733,63.84695119641346,1,C
3,2,21,11,10,56.58254769523985,6,23.07281846190498,53.53736378858749,0,C
2,3,24,10,13,50.0,4,15.25,37.37087992465399,0,F
3,2,9,15,13,81.61738390865067,15,28.20217298858133,70.77118819030996,1,B
2,1,1,5,16,97.81336524421403,10,25.226670655526753,68.64373122527209,1,B
3,2,6,9,17,86.10147227865389,12,24.762684034831736,66.55191563414829,1,B
4,1,19,12,9,56.31253767729903,8,25.039067209662377,54.104947411411835,0,C
1,1,1,19,12,98.42688127148627,4,23.30336015893578,79.98643288620038,1,B
1,1,18,12,8,59.66208256184335,3,17.45776032023042,51.89235871364552,0,C
4,0,5,16,9,87.75275217063563,8,25.969094021329454,75.87303123778432,1,B
4,0,9,14,11,80.19412989417481,8,31.02426623677185,76.013054685817,1,B
2,2,8,13,11,81.30845685031626,6,19.16355710628953,65.46163969021931,1,B
2,1,7,8,17,86.10115209292216,8,22.762644011615272,74.78622195388392,1,B
2,0,25,14,11,54.52326684067821,10,16.815408355084777,63.179741703252205,1,C
3,2,29,10,12,50.0,6,19.25,51.184812125999265,0,C
2,2,10,11,15,80.07800021880584,10,23.00975002735073,56.43250857496905,0,C
4,2,8,9,9,80.83768914948476,8,24.104711143685595,56.345824898080494,0,C
1,2,19,19,19,52.98674259671667,2,13.623342824589583,65.91232308939823,1,B
3,2,27,15,5,50.0,15,23.25,35.602552480604444,0,F
2,3,19,12,15,52.63908726777657,4,14.579885908472072,53.77060276257599,0,C
3,1,8,7,13,85.21303521284557,9,27.651629401605696,65.30882738273193,1,B
3,2,7,12,13,83.2297123487186,12,24.403714043589826,63.60499105560659,1,C
2,3,27,19,19,50.591792022470756,6,14.323974002808844,61.10801281000322,0,C
3,1,14,18,11,77.34746694571665,12,22.66843336821458,69.52157469691716,1,B
1,0,1,9,16,97.87862630468855,3,17.23482828808607,86.7931695100305,1,A
4,2,23,5,10,55.035261410824084,12,21.87940767635301,41.523644412902605,0,F
4,3,0,17,17,100.0,16,32.5,85.0,1,A
1,0,8,10,17,84.06244889937588,2,17.507806112421985,81.45555234186246,1,A
3,3,8,6,9,80.57893936548558,15,28.072367420685698,51.48667612364373,0,C
2,1,12,19,9,81.05639359365877,10,25.132049199207344,70.40949762707082,1,B
3,1,7,11,19,83.68641714977565,15,27.460802143721956,88.07229176585906,1,A
1,0,26,19,7,50.0,2,11.25,48.92809875200059,0,F
3,3,20,19,14,55.600434530429155,9,19.950054316303643,54.21615086279357,0,C
4,2,4,13,5,92.57945657972485,12,32.5724320724656,69.24603137914175,1,B
3,2,28,7,10,50.0,9,24.25,33.319916035721064,0,F
1,0,2,18,12,96.03340684151044,2,23.004175855188805,79.34602153055471,1,B
4,0,20,14,18,55.69592978230464,16,24.96199122278808,72.0018115212979,1,B
3,0,3,18,6,93.84331855964449,6,24.730414819955563,80.51756299951708,1,A
3,3,16,8,12,73.48096472746542,15,26.185120590933177,43.36401939795002,0,F
4,2,15,8,12,76.53162114740047,12,27.56645264342506,64.19970184236709,1,C
2,2,15,8,14,72.00720023194894,4,17.00090002899362,53.523961848781084,0,C
4,2,24,7,12,50.0,8,24.25,46.14148340713788,0,F
2,0,25,9,14,50.0,4,16.25,50.82360917994682,0,C
1,2,29,13,19,50.0,4,12.25,52.242698301581214,0,C
1,1,19,19,7,60.5568916576722,3,16.569611457209025,59.367310208458164,0,C
4,0,2,15,14,95.08418942745313,8,27.88552367843164,87.38307099100996,1,A
4,2,5,12,12,90.65272218922699,8,26.331590273653376,71.85430111133724,1,B
1,3,0,14,15,100.0,5,20.5,75.43459315622574,1,B
2,0,20,6,19,54.38663233388831,6,19.79832904173604,54.411609487105935,0,C
1,1,15,16,16,66.91815237503363,2,17.364769046879204,68.54857856176335,1,B
4,1,14,13,16,71.61451864866316,8,26.951814831082896,69.15701125285138,1,B
1,3,6,16,18,89.04165254085811,2,16.130206567607264,72.45660370325487,1,B
4,3,1,14,8,98.31173485231056,8,29.28896685653882,63.82848302989926,1,C
4,0,9,6,7,82.15951560241317,12,24.269939450301646,63.0367228034307,1,C
1,0,24,11,15,50.0,2,11.25,66.2480232869166,1,B
2,1,27,9,13,50.0,8,16.25,43.81621626266878,0,F
3,3,14,19,12,72.87513285479749,6,26.109391606849684,59.84460976427327,0,C
1,0,5,17,14,89.80152777835403,4,23.225190972294254,72.54641386935064,1,B
3,1,1,11,17,98.3920450696854,9,23.299005633710674,78.9612821367466,1,B
1,3,23,9,17,50.0,2,17.25,36.95356009025984,0,F
3,1,23,16,6,50.0,15,21.25,62.54799806395093,1,C
2,2,16,10,17,75.81675833444655,8,17.47709479180582,61.58489964921702,0,C
2,3,27,12,17,52.19597199175654,8,15.524496498969567,46.62478308191594,0,F
1,0,0,5,19,100.0,2,21.5,83.54822507538222,1,A
4,0,0,17,17,100.0,20,31.5,93.82855275923862,1,A
3,2,27,15,18,50.0,15,19.25,63.86010655040566,1,C
4,3,3,17,12,94.10278571732032,8,25.76284821466504,74.44693031000465,1,B
4,1,19,16,15,62.70298063935991,12,22.83787257991999,76.38866966062864,1,B
4,0,15,5,15,63.02839121156845,12,26.878548901446056,64.57021729115242,1,C
2,2,7,9,7,84.88101053295316,4,24.610126316619144,45.773593241966225,0,F
1,2,0,19,14,100.0,3,18.5,86.09373215382614,1,A
1,3,25,5,16,51.29602930010332,5,15.412003662512916,53.98763132210772,0,C
2,3,18,7,18,59.06445686297381,6,15.383057107871727,46.62609561911279,0,F
2,0,10,14,10,80.76649933141206,6,19.095812416426508,71.83499460006199,1,B
1,2,16,19,9,71.04746518581027,3,13.880933148226283,57.374158063748894,0,C
4,1,24,13,12,50.0,8,24.25,46.26429709492937,0,F
3,2,9,18,13,78.07926578848993,6,23.75990822356124,71.08597336989165,1,B
3,1,11,17,15,73.14283593743646,12,21.14285449217956,71.76211803701595,1,B
3,1,8,11,11,86.9466197626181,9,23.868327470327262,70.98954178644973,1,B
4,0,6,16,10,89.59446845914502,8,31.199308557393127,82.85909834019412,1,A
1,2,28,10,10,50.0,5,11.25,50.14617027606314,0,C
2,1,11,12,5,74.34657815944186,8,22.293322269930233,54.883366586439635,0,C
1,3,14,12,9,68.68441443681328,5,17.58555180460166,40.731539153343824,0,F
4,1,7,10,18,83.552328233933,12,28.444041029241625,77.64196124031317,1,B
2,3,16,8,12,61.26778734148206,10,20.658473417685258,43.82020208233769,0,F
4,3,4,8,10,90.87693262779791,16,27.35961657847474,68.88731959784954,1,B
3,2,13,8,16,77.09698986811529,9,27.63712373351441,66.56662880043895,1,B
3,3,1,10,5,98.21455431761284,6,26.276819289701606,55.602772434472286,0,C
4,1,15,5,19,72.21268477565353,20,23.026585596956693,72.95609096511242,1,B
2,3,28,16,19,50.0,10,17.25,60.91752737619932,0,C
2,2,16,6,9,72.0144168047502,8,23.001802100593775,43.88533053660838,0,F
1,0,2,10,17,95.49502788024851,2,20.936878485031066,83.68843380206177,1,A
3,1,22,18,15,66.25219688019162,9,20.28152461002395,82.26257676218675,1,A
1,1,0,18,16,100.0,3,20.5,79.43202041776742,1,B
1,2,26,15,9,50.0,3,12.25,40.960332474137225,0,F
4,2,17,5,16,73.3772512631381,16,25.172156407892263,58.03462174354161,0,C
4,2,17,13,7,73.44859917758306,20,27.18107489719788,62.15430946907293,1,C
1,2,3,16,12,94.6436085913201,5,17.830451073915015,74.26136583502625,1,B
3,1,14,10,19,76.08370458157668,15,20.510463072697085,74.43995137839808,1,B
4,0,27,11,13,50.0,20,27.25,61.69866039097801,1,C
1,3,18,18,10,60.84187221697059,4,16.605234027121323,52.168522155199454,0,C
1,3,18,16,10,61.58544407012215,4,14.698180508765269,55.45448251468004,0,C
1,0,9,5,6,83.28387366764,2,15.410484208455,64.89741645533923,1,C
1,0,4,12,14,92.00640866154545,4,20.50080108269318,84.59361710339958,1,A
1,0,18,16,6,61.480165068925864,5,15.685020633615732,65.32588414251853,1,B
1,2,10,16,10,83.8057373119363,3,21.475717163992037,65.43942961879281,1,B
4,1,6,16,16,89.62292851327663,8,30.20286606415958,95.0,1,A
3,1,4,16,12,90.43801538405526,9,26.304751923006908,71.05477408314835,1,B
1,1,19,16,6,64.99579884556684,3,13.124474855695855,56.17754724741158,0,C
2,2,11,9,13,74.68727979888324,10,18.335909974860407,61.54693020627336,0,C
4,1,18,9,17,68.48218445793141,16,28.560273057241425,68.27776043751301,1,B
4,2,14,18,16,78.4170350784957,16,24.802129384811963,81.82836274631445,1,A
1,1,11,10,18,77.99559348279249,4,18.74944918534906,68.5434508708141,1,B
4,0,3,11,13,92.82255386931254,20,29.602819233664068,90.4352843236727,1,A
1,3,29,11,19,50.0,5,13.25,47.99960398449817,0,F
3,3,11,9,18,80.71766914183061,9,24.089708642728827,60.109856705225496,0,C
3,2,17,5,8,59.0310918347861,6,20.378886479348264,36.36911655418354,0,F
4,1,16,15,8,68.32454568133915,16,27.540568210167393,65.69497740239461,1,B
4,3,18,13,8,72.11801793180393,16,25.01475224147549,50.4545396426559,0,C
2,0,15,19,15,77.08113070348372,4,18.635141337935465,66.41570478080045,1,B
4,0,10,10,9,80.14886265996675,12,31.018607832495846,60.340119150450874,0,C
2,0,1,17,12,97.95367714428619,6,27.244209643035774,84.78816449367756,1,A
3,2,15,13,6,76.30130619126115,6,21.537663273907643,52.64010328741741,0,C
3,2,0,15,15,100.0,12,23.5,87.00108637315712,1,A
1,1,16,8,9,64.50853074414684,5,18.063566343018355,52.19482005491324,0,C
3,0,17,6,18,60.87819990572539,15,23.609774988215673,66.46627581670802,1,B
2,1,28,17,6,50.0,4,16.25,45.88154060487062,0,F
4,1,28,17,19,50.0,16,27.25,84.35427714831442,1,A
1,0,24,7,15,54.691354484149116,2,17.83641931051864,55.40265950525646,0,C
2,1,28,16,15,50.0,6,14.25,63.71196869916477,1,C
4,3,12,8,12,70.26180530314878,12,26.782725662893597,50.479484493321266,0,C
1,2,4,14,5,91.40913635755612,5,16.426142044694515,63.51353656599349,1,C
3,1,24,16,19,55.800790651043926,9,18.975098831380492,61.02155923673482,0,C
2,0,23,12,11,58.93950018520324,6,17.367437523150404,61.714786466061064,1,C
4,2,28,7,7,50.0,8,21.25,36.92274448927606,0,F
1,2,26,12,8,56.18994027519031,2,16.02374253439879,44.0552408634643,0,F
1,1,5,10,18,88.4690169416519,4,19.058627117706486,79.96793014652157,1,B
3,3,0,8,19,100.0,6,29.5,63.40500663904794,1,C
4,1,9,18,12,82.5061622108248,16,29.3132702763531,77.08290098223802,1,B
3,3,4,11,7,91.0098488480846,15,24.376231106010575,48.449354160493165,0,F
3,2,27,19,16,55.50296238875953,6,18.93787029859494,60.687543570116716,0,C
4,1,0,18,17,100.0,8,33.5,95.0,1,A
4,0,22,15,17,66.21165886910953,8,25.27645735863869,80.44346133482544,1,A
4,1,25,17,11,50.0,20,24.25,60.66489062059786,0,C
2,3,29,9,16,54.80705876534367,4,17.85088234566796,45.48372365297739,0,F
4,3,10,9,5,84.12711202326113,12,25.51588900290764,48.251552912436885,0,F
1,1,23,13,13,50.0,2,12.25,51.89731440608875,0,C
3,3,23,17,17,55.312030698633656,12,21.914003837329208,63.76523772430262,1,C
2,2,6,7,10,89.79414586871054,6,23.224268233588816,67.50669079159853,1,B
4,1,17,14,7,64.42606220875854,8,25.053257776094817,60.65047494376019,0,C
2,3,20,19,11,59.61433470830937,4,18.45179183853867,52.24964975886766,0,C
4,1,19,8,19,63.692741791885695,20,26.96159272398571,76.51309442922157,1,B
2,1,20,9,17,51.891658665013054,8,19.48645733312663,58.65928287483993,0,C
3,0,9,5,9,79.75487801662888,9,21.96935975207861,60.0545628302849,0,C
3,1,24,11,12,60.361771089872875,9,22.54522138623411,56.59204760097516,0,C
1,0,14,12,12,71.00915490073612,5,13.876144362592015,63.76509363927037,1,C
1,3,3,19,16,95.2337682978857,3,20.904221037235715,79.4493611736754,1,B
4,0,15,10,13,73.8301904433579,12,25.22877380541974,71.83414356456312,1,B
3,0,14,13,10,66.26195514591103,12,21.28274439323888,66.99899095370819,1,B
2,0,14,7,8,72.53088104008461,4,21.066360130010576,54.33239433413469,0,C
2,2,11,6,17,73.68683288220528,4,20.210854110275662,66.66021662283093,1,B
2,0,7,9,6,88.33800724085906,6,21.04225090510738,64.90523665754715,1,C
1,1,7,17,7,88.06260776741853,4,23.007825970927314,76.14804623055313,1,B
2,0,17,13,9,68.50197970785942,10,22.562747463482427,60.42401163938992,0,C
1,1,29,15,12,50.0,2,16.25,56.14997440942566,0,C
1,0,5,5,16,88.77361364884688,3,17.09670170610586,67.89940028006822,1,B
4,2,4,5,14,91.60235775212651,12,26.450294719015815,67.30158954394574,1,B
2,3,1,14,6,97.94675057405337,8,27.24334382175667,58.622780158483735,0,C
2,0,11,7,9,76.87386942489097,8,23.609233678111373,56.31431416439717,0,C
3,0,25,14,18,50.0,12,23.25,63.76505050871324,1,C
4,2,3,7,13,92.82155008417273,12,32.60269376052159,59.43806670951436,0,C
3,0,22,9,6,57.87572095750116,12,19.234465119687645,48.771677855767294,0,F
4,1,12,8,19,72.36488868491841,12,30.0456110856148,73.91771159738987,1,B
2,0,16,10,12,68.07844987062354,4,21.509806233827945,59.311408791749734,0,C
1,0,15,16,7,66.66882636175691,3,17.333603295219614,59.32260164482296,0,C
1,3,8,12,12,81.00140969552186,3,17.125176211940232,57.293374817468845,0,C
1,3,25,12,8,61.694629440879154,2,15.711828680109894,31.57230034215003,0,F
1,0,27,19,8,50.0,4,18.25,62.8350123316415,1,C
1,2,0,15,16,100.0,4,22.5,78.75549670994116,1,B
3,3,14,8,11,72.0528581966855,9,27.00660727458569,51.28898208267502,0,C
4,0,11,5,9,73.99265949138139,12,28.249082436422675,60.067553684142,0,C
2,3,4,17,8,93.25640059033269,4,20.657050073791588,62.28729638554586,1,C
3,0,22,18,11,53.705684014580704,12,23.713210501822587,71.5807249345497,1,B
4,3,23,18,16,50.0,8,25.25,54.71618777097645,0,C
1,3,17,11,7,67.16393676248089,3,18.39549209531011,45.323998299888856,0,F
4,1,19,10,19,62.252280880804165,12,24.78153511010052,71.37487387421149,1,B
4,0,1,9,13,98.41798209555098,8,33.302247761943875,75.1682063503988,1,B
1,0,3,8,18,95.37348372414819,2,21.92168546551852,76.91606822333969,1,B
1,0,14,10,17,72.43808380583823,5,15.054760475729779,66.04917059827936,1,B
1,0,5,12,9,88.28262334179433,5,21.035327917724292,70.33971230926483,1,B
2,3,21,10,16,50.0,8,18.25,45.42933967430494,0,F
1,1,11,7,7,76.25481696192597,2,15.531852120240746,46.904588352784806,0,F
2,1,28,13,6,50.0,8,18.25,42.58733037567305,0,F
1,2,17,7,11,62.00747923480711,5,19.75093490435089,43.85310673229484,0,F
2,0,26,8,16,50.0,8,20.25,62.17525279147804,1,C
4,2,19,17,11,56.888371123051584,20,23.111046390381446,57.341515555484435,0,C
3,3,3,9,16,93.98409114276721,6,28.748011392845903,66.4651306168349,1,B
4,2,29,15,17,50.0,8,26.25,56.24532575612638,0,C
4,0,0,6,9,100.0,16,33.5,76.01121389995846,1,B
1,1,14,15,8,67.18658556608673,2,15.398323195760842,53.831178958822825,0,C
2,1,29,14,17,55.206197476986766,8,17.900774684623347,50.58414053299496,0,C
3,0,17,19,15,69.9534499389654,12,26.744181242370676,77.92639252529592,1,B
1,3,13,15,6,73.74109008710552,5,19.21763626088819,50.80220558467852,0,C
1,0,2,14,6,95.0568037749559,3,17.882100471869485,73.40240950641531,1,B
1,3,28,6,11,50.0,4,13.25,35.71104912951837,0,F
4,1,14,10,14,73.8386028549192,20,28.2298253568649,62.11871248513499,1,C
2,3,26,19,11,50.0,10,14.25,51.01770960742002,0,C
2,0,4,18,8,90.27452244793938,10,19.284315305992422,77.32729273166635,1,B
3,0,26,6,18,50.0,9,20.25,54.134163082911954,0,C
2,0,23,14,8,54.87537550347816,4,19.85942193793477,58.99611017568343,0,C
2,3,21,5,8,56.88714128223913,8,21.11089266027989,37.57958701895383,0,F
1,3,2,12,15,96.37693991769203,4,19.047117489711503,72.94481590453411,1,B
1,3,21,14,6,50.0,2,15.25,38.09311429103493,0,F
4,1,6,18,17,86.21630912523113,8,29.777038640653892,83.88959770468351,1,A
1,2,5,14,17,88.97257943823361,5,16.1215724297792,65.65026091312158,1,B
1,2,25,17,13,50.0,5,16.25,59.06397868339586,0,C
1,0,21,5,5,50.0,2,13.25,39.74568295712652,0,F
1,1,0,14,19,100.0,4,21.5,81.59358238662372,1,A
4,3,18,18,12,67.90356703167672,8,23.48794587895959,59.82050487951295,0,C
1,0,6,10,10,89.5471700028209,2,22.193396250352613,63.443459805695696,1,C
3,1,3,16,19,93.2746720340652,9,27.65933400425815,94.59667005469763,1,A
3,0,11,18,17,74.72985796138269,9,22.341232245172836,80.93199836599767,1,A
3,1,19,5,14,60.15483065283286,15,25.519353831604107,49.53272891510375,0,F
3,1,22,12,11,52.65635837256142,15,24.582044796570177,62.23774121366566,1,C
1,2,24,18,16,55.62494164944657,4,12.953117706180821,52.694496327949985,0,C
3,0,29,9,9,55.34703126828641,6,17.9183789085358,52.2614190710192,0,C
1,3,26,7,10,54.405468065327426,2,12.800683508165928,34.32730086675884,0,F
4,2,28,9,10,50.0,12,27.25,37.86055229858874,0,F
3,2,28,19,17,50.0,12,17.25,60.116017665797216,0,C
2,3,17,17,13,61.287685366639046,4,18.66096067082988,43.982663830681844,0,F
3,1,8,5,14,86.56410108645454,12,24.820512635806818,64.68975320211773,1,C
3,3,18,5,17,72.0739682186279,9,20.009246027328487,42.09317919264353,0,F
1,0,21,16,8,50.63823916008313,2,15.329779895010391,59.66169716214668,0,C
3,3,3,18,16,95.27323230189205,9,25.909154037736506,74.24677883419643,1,B
2,1,0,8,15,100.0,6,26.5,70.24519555426772,1,B
1,3,8,13,16,87.24619474572067,3,19.905774343215086,65.87620179852473,1,B
1,1,26,18,17,50.0,2,18.25,54.12022551233987,0,C
4,1,14,13,9,73.91328996337478,16,27.239161245421847,62.086710418211965,1,C
4,0,21,5,8,64.24763402616824,8,26.03095425327103,56.64218404629689,0,C
3,3,7,7,5,85.33382632247371,9,28.666728290309216,40.903577141092754,0,F
4,3,14,17,14,73.91251494168435,20,25.239064367710544,65.60654661192042,1,B
4,0,14,16,10,76.66496447590877,16,28.5831205594886,72.72189339797809,1,B
4,1,17,8,9,62.59853098640753,20,28.82481637330094,45.696441806057365,0,F
1,3,6,6,8,85.97915014070574,3,21.747393767588218,41.613582299401834,0,F
1,0,21,11,10,62.75140600716261,2,19.843925750895327,54.91283477753137,0,C
1,1,17,7,16,71.33077422136871,4,15.91634677767109,61.09974274198548,0,C
4,0,15,5,9,76.3712220702178,20,28.546402758777226,71.25860679181679,1,B
1,3,1,5,7,97.97209787492979,2,22.24651223436622,50.65480355768604,0,C
4,0,3,7,6,93.00611890075999,16,29.625764862595,70.77371530429119,1,B
1,2,19,10,17,66.73499199499389,3,13.341873999374236,60.24962192602081,0,C
1,1,15,8,10,70.5904334255436,3,18.82380417819295,56.11920727024336,0,C
2,2,2,5,8,96.67839309310445,6,23.084799136638054,54.3586602895852,0,C
3,2,23,11,15,56.20338104814656,6,19.02542263101832,49.2055413550963,0,F
4,1,29,6,19,56.05209188089121,8,23.006511485111403,60.0199340560324,0,C
2,1,22,16,17,50.0,6,16.25,64.06444324671938,1,C
1,0,1,9,14,97.82342810499944,3,23.22792851312493,79.73069217342689,1,B
4,1,2,12,7,96.33437256473046,16,27.04179657059131,70.15079359378889,1,B
1,2,25,11,18,50.0,5,15.25,59.67083298684149,0,C
3,2,24,15,12,59.609688893606936,12,24.451211111700868,53.72881791647916,0,C
2,3,28,16,16,55.795455508041115,10,20.97443193850514,54.81331183741234,0,C
3,1,4,12,13,90.22951367541643,6,27.278689209427053,80.95288888742765,1,A
2,2,1,17,19,98.19098303826411,8,26.273872879783013,86.43207797321122,1,A
1,3,18,14,11,56.15247890604783,2,13.019059863255979,43.35428824468702,0,F
3,3,23,18,6,50.83490285672545,6,21.35436285709068,44.045932516293284,0,F
3,0,19,15,12,52.879184276506045,15,23.609898034563255,62.08102474138151,1,C
1,2,29,10,15,50.0,5,13.25,46.205307141738444,0,F
3,0,1,11,17,98.3945161330717,12,29.299314516633963,92.2979869886264,1,A
4,2,1,13,17,97.64777133302452,16,27.205971416628067,86.16921237046407,1,A
2,0,21,10,15,65.39455102691267,8,21.174318878364083,74.43211725487971,1,B
2,0,23,13,9,50.0,10,21.25,52.4830318514187,0,C
2,1,22,19,19,55.99103611268598,6,14.998879514085747,76.60473356781543,1,B
4,0,19,17,19,58.0532248452548,12,24.256653105656852,80.21712629551635,1,A
2,1,17,16,19,61.49517794464063,10,18.68689724308008,76.59578646639788,1,B
1,3,24,6,15,50.0,4,14.25,30.28810267151912,0,F
3,2,19,17,14,55.635377478781415,9,18.954422184847676,54.72828158693747,0,C
4,3,24,6,11,50.0,8,26.25,36.80435776606788,0,F
2,2,20,18,9,61.7485114695516,6,21.71856393369395,59.918740098644875,0,C
1,3,13,6,6,68.9400350615013,3,18.617504382687663,34.18624272654429,0,F
3,2,27,10,16,50.0,15,24.25,50.99636056554593,0,C
3,0,14,6,16,67.25440696014348,15,23.406800870017936,61.27628083774094,0,C
4,2,11,7,16,72.6188951184894,12,28.077361889811176,57.622883813758506,0,C
4,2,10,17,8,83.83585257867449,8,31.47948157233431,65.22111091246273,1,B
4,3,10,12,17,81.29420302314591,8,29.16177537789324,63.19014709917967,1,C
1,3,29,12,15,50.0,4,17.25,39.77495173605515,0,F
1,3,6,15,9,90.48217917162245,3,22.310272396452806,70.72676120888133,1,B
4,1,11,16,10,77.55140827980293,12,25.693926034975366,75.66874248426329,1,B
2,1,15,8,9,64.62403061607804,4,19.078003827009756,53.648114055026994,0,C
3,2,4,13,14,93.92403494716734,15,23.740504368395918,81.0870876700233,1,A
3,2,1,12,15,97.56048110144093,9,26.195060137680116,78.47098825543668,1,B
1,0,21,5,19,50.0,2,16.25,66.2193981303579,1,B
3,0,15,12,5,72.66578605437643,9,24.083223256797055,57.66382688260599,0,C
2,2,22,5,5,50.13059378941888,10,20.26632422367736,21.002644344934616,0,F
3,1,29,19,19,52.81189302273091,12,17.601486627841364,66.41340880900981,1,B
1,2,14,8,7,68.17990021261954,5,19.522487526577443,35.80995950017252,0,F
1,0,10,14,13,80.18478319165995,5,15.023097898957493,67.81856421980717,1,B
2,1,28,10,15,50.0,4,21.25,49.59748641332972,0,F
2,1,5,11,6,91.436967863619,4,25.429620982952375,63.731379474069655,1,C
3,0,12,14,14,73.92810456109314,15,27.241013070136642,82.64468179316303,1,A
3,2,29,17,9,50.0,6,24.25,58.27836662862134,0,C
1,3,18,8,13,69.3551392254581,5,18.669392403182265,48.923842548716905,0,F
2,2,9,12,11,79.13541450187161,10,19.89192681273395,55.228935588846596,0,C
2,2,23,12,15,50.0,6,14.25,46.90286450696808,0,F
2,0,18,18,12,61.910585201428646,10,15.73882315017858,68.7470028422225,1,B
3,1,29,18,6,50.0,12,23.25,52.30225795006831,0,C
2,0,4,18,9,91.86966456256141,4,20.483708070320176,73.51408029712331,1,B
1,2,24,13,13,50.0,4,17.25,54.55713166600424,0,C
1,3,26,18,5,60.65283670233234,2,19.581604587791542,36.93496471697189,0,F
3,3,20,10,5,59.51425466327946,15,19.439281832909934,36.533217414467956,0,F
4,3,6,8,14,87.54661750105576,16,31.943327187631972,63.88591704401816,1,C
3,0,10,6,12,78.29952454234613,9,22.78744056779327,66.22727993861321,1,B
4,1,13,19,6,78.29792208517505,20,28.787240260646882,70.8665043246944,1,B
2,0,22,11,13,61.68976622752796,10,21.711220778440996,65.77644051052374,1,B
3,3,20,14,14,54.87990736615474,15,19.85998842076934,46.48163778577163,0,F
1,2,15,7,13,74.98541769958952,3,19.373177212448688,53.017928530364166,0,C
2,1,17,15,8,67.42755676944213,8,17.428444596180267,53.06663890188814,0,C
1,0,20,17,6,64.9901956202221,5,19.123774452527762,58.26906523498057,0,C
2,0,22,16,7,55.005949720321425,8,14.875743715040178,62.95678603379075,1,C
3,1,22,7,14,50.0,15,22.25,50.680646425429046,0,C
4,1,3,7,5,92.94388630696513,20,29.61798578837064,64.44000632612187,1,C
2,2,0,8,7,100.0,10,20.5,60.03952949976832,0,C
4,1,21,6,9,60.7591519778527,12,21.594893997231587,45.802812801841924,0,F
2,2,28,17,7,50.0,10,18.25,48.08409133625535,0,F
1,3,14,17,7,66.42387038703366,4,20.30298379837921,60.56536123447553,0,C
1,3,13,9,14,78.4131355001675,5,16.801641937520937,46.77216408694802,0,F
2,0,18,7,10,58.0731196284184,8,16.2591399535523,48.067053107571255,0,F
4,3,26,14,7,53.26219447552625,16,22.657774309440782,39.09894990761901,0,F
3,3,4,9,7,91.82478736272692,6,24.478098420340864,42.86361991225847,0,F
3,2,3,16,19,95.48470483212941,12,28.935588104016176,84.49294496296747,1,A
1,0,12,17,13,70.01691770924614,2,19.752114713655768,71.12518628241928,1,B
3,1,17,11,6,61.561360015976376,9,20.69517000199705,47.55168647231287,0,F
1,0,11,13,5,80.84093634111403,5,16.105117042639254,67.46905196687693,1,B
3,3,22,6,14,51.956512328940676,9,19.494564041117584,36.969784971383,0,F
2,1,29,13,12,50.0,6,20.25,52.27901133737269,0,C
1,0,20,14,17,68.21088372027967,4,15.526360465034958,73.25233350004201,1,B
1,0,14,10,18,73.04566061086018,5,17.130707576357523,70.15758470789577,1,B
2,0,29,16,7,50.0,10,14.25,64.67497284650872,1,C
1,0,22,10,11,65.02489591935628,3,20.128111989919535,57.92481013705987,0,C
3,2,8,15,6,83.85274961176846,6,27.481593701471056,64.5355769320272,1,C
3,0,3,7,15,93.95540730266347,6,25.744425912832934,76.70250222388944,1,B
1,3,4,18,15,91.48541903754519,4,17.435677379693146,71.2594947038501,1,B
3,3,8,14,16,86.04283489175629,6,26.755354361469536,71.840614475968,1,B
4,2,12,17,12,81.7523022010496,8,29.2190377751312,68.74886264282392,1,B
1,1,9,13,13,83.57628243946955,3,19.447035304933692,69.29143829080667,1,B
2,1,26,8,12,50.63688899433188,4,19.329611124291485,48.192945595709574,0,F
4,3,15,9,12,67.9638841797936,20,26.495485522474198,49.96970135636231,0,F
1,3,29,7,12,50.0,3,16.25,37.14197559223261,0,F
2,2,12,9,18,79.55937372659778,6,20.944921715824723,72.50149538902922,1,B
3,1,3,12,11,93.43799911369499,6,25.679749889211873,68.67514676971776,1,B
2,1,20,12,6,68.05198181253459,10,23.506497726566824,52.60160119211663,0,C
4,0,12,18,12,79.71253893334219,20,26.964067366667773,78.77654338461946,1,B
3,0,20,12,9,59.81730976860817,6,18.47716372107602,67.12512329432387,1,B
1,0,7,10,10,84.54135694588159,5,16.5676696182352,71.39726539769352,1,B
3,2,12,19,8,71.69717756870874,12,25.962147196088594,57.45249491474111,0,C
1,3,14,19,5,68.58535195228423,4,20.573168994035527,42.99400644261653,0,F
1,2,19,5,17,71.20829704965016,2,18.90103713120627,56.70243187393133,0,C
2,1,19,15,9,58.50530480753221,6,20.313163100941527,67.81991766592094,1,B
2,3,12,14,7,72.10410755559633,6,22.01301344444954,49.351446834514746,0,F
2,0,22,16,13,55.43826349743896,10,16.92978293717987,58.70975009436713,0,C
4,2,26,10,8,50.0,16,23.25,35.703870489356476,0,F
4,2,4,16,14,93.98275031022467,12,25.747843788778084,76.36249567444962,1,B
2,0,21,15,6,51.30818303688962,10,18.413522879611204,48.21894624850361,0,F
4,2,21,14,8,61.46878562969692,16,27.683598203712116,53.51369983359896,0,C
3,0,27,11,7,50.0,9,23.25,54.20615820327951,0,C
3,1,5,18,7,89.0325905279075,15,26.129073815988438,77.40461677747054,1,B
4,3,29,13,9,50.0,8,24.25,43.22562089184337,0,F
4,1,25,16,5,50.0,8,23.25,50.97700794677884,0,C
3,1,4,12,9,93.5869998877185,9,26.69837498596481,75.52310492246521,1,B
1,0,12,15,12,80.11565097797616,5,19.014456372247018,73.32593100136035,1,B
3,2,28,16,19,50.0,12,21.25,62.147676138052475,1,C
3,1,4,12,19,93.52328049422051,6,24.690410061777563,88.4503634300056,1,A
4,1,24,19,14,54.849129646096756,16,24.856141205762093,72.58583249898756,1,B
3,1,12,11,16,73.20229345724559,15,20.1502866821557,63.34987063205334,1,C
4,2,23,6,13,50.0,8,23.25,38.41580518650335,0,F
4,2,19,5,16,53.36128564055694,12,25.67016070506962,41.679674516004155,0,F
2,0,22,19,5,50.0,4,16.25,54.686985210173944,0,C
3,1,7,6,18,83.5882733111617,9,23.44853416389521,53.443250178150514,0,C
1,3,27,19,6,50.0,4,14.25,44.460260927051415,0,F
2,2,8,10,6,83.57049846180709,4,22.446312307725886,49.24695556813382,0,F
4,0,20,17,10,63.13133079802911,20,26.89141634975364,63.534623884289154,1,C
4,1,18,6,5,59.29096339600294,16,28.41137042450037,57.06069429097638,0,C
1,3,28,14,15,53.42083558019642,4,16.67760444752455,44.52698214586198,0,F
4,2,19,8,5,70.20359826992292,12,26.775449783740363,38.709271246677574,0,F
3,3,14,19,6,68.00536788828123,15,20.500670986035153,52.01515332242178,0,C
2,2,25,14,19,50.0,8,21.25,65.92947577539991,1,B
4,0,21,7,16,59.20861415570612,8,25.401076769463266,45.10976428375966,0,F
4,3,9,10,17,85.04979891896693,12,30.631224864870866,71.14020868369073,1,B
1,1,10,16,8,80.02979023913137,5,20.003723779891423,57.435428286856705,0,C
3,1,4,16,6,92.42672859218635,9,22.553341074023294,74.12607078332287,1,B
4,2,8,17,8,85.02020848193203,12,28.627526060241504,62.94883244767321,1,C
1,1,28,18,7,50.0,4,14.25,51.658167706634295,0,C
4,3,10,12,7,83.25264285289694,8,28.406580356612118,51.99311129536794,0,C
1,0,26,15,19,51.10747973386811,2,14.388434966733513,68.23793029627628,1,B
1,2,29,10,13,50.0,5,13.25,47.256085163011775,0,F
3,3,18,6,12,59.866028242891815,15,19.483253530361477,45.289244956405945,0,F
4,2,1,9,16,98.44441153321121,8,28.305551441651403,70.08891101170563,1,B
3,0,5,15,16,89.93048102018756,9,25.241310127523445,87.59976878430196,1,A
1,2,28,17,14,55.44373109860741,3,17.930466387325925,60.90701586682552,0,C
2,1,22,10,13,50.0,4,15.25,48.20174927839915,0,F
4,1,20,13,5,65.10718718233989,16,24.138398397792486,57.26068562040076,0,C
2,2,0,10,16,100.0,6,24.5,68.71015887629599,1,B
4,0,2,14,9,95.33198318301697,8,30.91649789787712,81.79964752715243,1,A
3,0,2,9,16,95.8972711306054,12,28.987158891325677,80.70817704882495,1,A
3,1,27,5,16,50.41977653323985,9,22.302472066654982,49.05066664116199,0,F
3,0,13,14,8,69.34669315102154,15,25.668336643877694,67.90104920041681,1,B
3,2,19,9,15,68.59710968220571,9,23.574638710275714,58.57832060287683,0,C
3,3,29,9,18,51.28075069692812,9,24.410093837116015,45.61608092610512,0,F
2,2,25,10,13,56.88193306582976,4,21.11024163322872,56.98749442767483,0,C
3,1,21,11,18,55.94836514523007,9,18.99354564315376,56.5332851064335,0,C
1,1,4,17,7,92.74269910178994,3,18.59283738772374,63.643319375546724,1,C
1,1,16,17,9,60.17309696833743,4,19.52163712104218,52.12115972677457,0,C
2,0,14,8,12,76.2684175058957,4,17.53355218823696,59.0556705534508,0,C
4,2,5,11,14,88.47194951222923,16,25.058993689028654,70.9713493943348,1,B
1,3,13,9,19,79.25412915941166,5,21.906766144926458,69.77191191767558,1,B
4,2,13,10,9,75.90519469010624,12,23.48814933626328,58.322550223685525,0,C
2,3,24,8,13,58.14969999505471,4,17.268712499381838,40.08594911716213,0,F
4,2,26,16,6,50.0,20,25.25,46.560202371705486,0,F
4,1,16,12,10,75.58831072356071,8,25.44853884044509,69.50216686332092,1,B
4,3,7,13,9,84.44831332009608,12,31.55603916501201,54.8015959940291,0,C
4,2,7,6,13,87.76594512219371,8,30.970743140274216,54.161131812612425,0,C
2,0,18,16,11,58.39752407344085,4,17.299690509180106,58.912568084907214,0,C
1,0,28,15,12,50.0,4,14.25,56.05192315413431,0,C
3,2,8,8,11,86.50172603990814,6,26.812715754988517,63.059433477521836,1,C
4,1,10,15,17,78.06960148576738,8,23.758700185720922,80.01001235418452,1,A
1,3,12,12,14,78.90908157150471,4,21.86363519643809,60.57663920961309,0,C
1,2,12,12,14,76.17343756025902,3,14.521679695032377,48.93845237990841,0,F
2,0,26,19,9,57.58013101983483,10,15.197516377479353,65.72423050076816,1,B
1,3,23,13,15,50.0,4,18.25,45.758669700259624,0,F
2,0,18,7,17,65.6769483090303,6,21.20961853862879,66.77330656914508,1,B
4,0,25,5,18,58.98550601406848,12,24.37318825175856,55.220503662407914,0,C
4,2,20,13,9,55.16809906418036,20,23.896012383022544,50.22139860149491,0,C
3,0,18,5,17,71.13948054342875,9,25.892435067928595,64.62532030204905,1,C
3,3,4,7,15,91.70071830996413,12,28.462589788745518,67.78498854961879,1,B
3,1,15,7,8,68.38772245464924,9,26.548465306831154,52.80301034711198,0,C
1,2,8,13,6,80.55719599700242,5,17.069649499625303,51.8644568086518,0,C
4,3,27,19,18,55.42352653927863,20,25.92794081740983,55.713691413127805,0,C
2,2,19,5,13,59.08641916512488,8,21.38580239564061,38.56561762557231,0,F
3,0,21,11,14,60.5038597906994,12,23.562982473837426,68.53996202352279,1,B
2,0,2,6,14,96.19837130594738,6,20.024796413243422,63.774059645316356,1,C
2,3,18,11,16,63.96714672501145,10,15.99589334062643,42.958204364197776,0,F
3,3,4,19,14,93.06486155180397,15,27.633107693975496,81.15374597902861,1,A
4,1,7,19,14,86.2717173273328,12,28.7839646659166,86.42377517658322,1,A
3,3,13,5,7,71.57099981078915,15,24.946374976348643,35.664249263905866,0,F
2,3,23,17,15,54.98640009038544,8,21.87330001129818,52.98227286262568,0,C
3,2,2,14,15,96.91498314533783,12,29.11437289316723,86.15768950566392,1,A
2,0,23,14,7,59.56999630646827,6,19.446249538308535,58.2455813591374,0,C
2,3,12,12,7,77.78247744696269,6,21.722809680870334,51.79613202439131,0,C
3,1,10,14,12,81.45278863110366,9,24.181598578887957,78.60941503385398,1,B
1,3,28,17,10,55.73180700945899,4,17.966475876182372,56.21898172206947,0,C
3,0,7,14,5,86.35300613867916,12,23.794125767334897,71.58984379536501,1,B
1,3,18,6,16,60.5449176582058,5,13.568114707275726,50.52684353930216,0,C
2,2,9,7,17,86.06195183756239,8,18.7577439796953,69.33849178060498,1,B
2,0,28,18,19,50.0,6,20.25,69.33183519079762,1,B
1,3,25,12,18,50.0,2,15.25,48.53698589027045,0,F
2,2,17,7,7,74.34125134168274,4,17.29265641771034,37.29175366369723,0,F
1,0,25,5,8,57.657692101696384,2,12.207211512712048,48.392252143510866,0,F
1,3,17,13,17,65.26070770013003,2,13.157588462516253,51.05991435176119,0,C
2,2,24,12,6,58.766812322798344,4,20.34585154034979,39.67220303207749,0,F
4,1,6,19,10,86.41224380993279,16,26.8015304762416,84.81115351856832,1,A
1,2,15,8,14,72.81798527560835,3,14.102248159451044,48.647060154500316,0,F
3,1,5,12,16,91.0318735884104,9,28.3789841985513,80.62579054693262,1,A
3,3,15,18,5,77.48614186324838,15,27.685767732906047,62.95682515283568,1,C
2,2,15,9,5,73.44810717717587,6,24.181013397146984,45.285583840741,0,F
4,1,22,7,12,62.2112485180491,20,23.776406064756138,58.15626303618885,0,C
2,0,23,5,8,57.60545775572306,6,16.20068221946538,43.593252086616886,0,F
4,2,27,17,19,55.513270368343896,20,21.93915879604299,63.43736501074649,1,C
1,3,0,14,19,100.0,5,20.5,75.12113411258883,1,B
1,0,23,9,5,60.00894449967612,3,12.501118062459515,63.970434409797654,1,C
1,1,18,15,11,58.028484434532835,2,19.253560554316604,65.63908253592243,1,B
1,2,2,10,13,96.43088410652477,3,21.0538605133156,64.93535125586314,1,C
3,2,5,8,14,91.4456520027017,9,25.430706500337713,66.01999780426996,1,B
3,3,3,11,11,95.3297459141817,6,29.916218239272713,61.27232466585218,0,C
2,0,3,7,5,93.28027992993476,6,24.660034991241844,58.5604189329046,0,C
4,2,3,11,5,93.97537547488733,20,31.746921934360916,61.966414190241466,1,C
1,2,9,18,16,85.47595302357566,2,21.684494127946955,72.13674181276113,1,B
1,0,8,5,5,86.22932173905991,2,18.77866521738249,44.73546437962304,0,F
4,2,7,11,19,82.5089664955811,16,25.313620811947636,72.19603208653453,1,B
4,0,18,5,12,58.49148291789557,20,25.311435364736944,62.06788190451338,1,C
2,0,16,17,11,70.40208822771856,10,23.80026102846482,82.99742859743665,1,A
4,0,16,15,18,67.31912271015449,12,22.41489033876931,80.60014375295331,1,A
1,3,0,5,7,100.0,3,17.5,46.756060773677405,0,F
1,0,19,6,7,70.80859825738372,5,14.851074782172965,48.40827180207515,0,F
1,0,13,6,16,70.37719888023221,5,18.797149860029027,63.65655570968521,1,C
1,1,21,8,7,53.44329162231222,5,13.680411452789027,42.19782332256245,0,F
1,1,19,17,6,63.73275602457832,3,13.96659450307229,54.93138839415251,0,C
2,3,26,5,18,50.0,10,21.25,48.108479543118065,0,F
1,0,10,8,18,79.65260905110786,5,21.95657613138848,75.8464579697197,1,B
2,1,2,6,8,96.86958312117639,4,24.10869789014705,65.84333482786137,1,B
1,1,23,8,11,59.53365532432173,5,14.441706915540216,51.33891605405833,0,C
3,2,29,8,13,50.0,12,21.25,42.24756086272722,0,F
3,0,7,13,7,88.77585532902442,9,22.09698191612805,64.40480296425059,1,C
3,1,21,13,14,56.50729494987899,6,20.063411868734875,57.89724449679572,0,C
3,3,24,5,11,61.10636411959837,15,22.638295514949796,38.34214310078769,0,F
2,2,27,9,16,54.08627899192529,10,20.760784873990662,54.708510065478166,0,C
2,2,9,11,19,78.45414704795594,4,17.80676838099449,63.74555128900788,1,C
4,0,16,8,8,60.00300179134025,8,25.50037522391753,60.071465285703255,0,C
1,0,28,16,5,50.0,2,13.25,54.35565096576575,0,C
3,2,7,9,9,85.16245972907765,12,28.645307466134707,68.97458937497066,1,B
2,3,21,6,12,51.753945914544964,8,14.469243239318121,43.59202308904355,0,F
1,0,0,7,7,100.0,2,21.5,72.59314407523155,1,B
1,0,19,11,14,68.0331356515604,5,16.50414195644505,60.275126242649385,0,C
2,2,20,14,8,61.76656950923111,6,17.72082118865389,47.8383615149271,0,F
3,2,6,17,19,87.7893008865496,12,23.9736626108187,78.15860913369599,1,B
4,0,23,19,7,57.22662418062571,12,28.153328022578215,66.59477726321893,1,B
1,1,8,11,19,86.59115064193765,3,17.823893830242206,77.5808422112214,1,B
4,0,27,8,14,50.0,16,25.25,57.21404519969913,0,C
3,1,11,16,18,81.31268954412707,9,21.164086193015883,82.78498568165166,1,A
3,2,21,5,18,63.029795497262114,15,20.878724437157764,51.95819984002427,0,C
4,1,25,5,12,55.33700962178919,16,27.91712620272365,39.643880269444885,0,F
3,3,8,8,14,86.70576615619225,12,25.838220769524032,61.59571705163923,0,C
1,2,19,8,12,55.35851916308868,3,18.919814895386086,42.473308150783,0,F
4,0,23,10,18,51.45582466611199,12,26.431978083264,65.85062510503259,1,B
3,0,2,11,8,95.33050374001573,6,29.916312967501966,78.90822600915311,1,B
4,2,3,13,15,94.01881205947268,16,28.752351507434085,76.52671549770614,1,B
1,2,9,13,6,81.82393263891338,3,19.227991579864174,49.59496398256201,0,F
3,3,3,14,16,93.6515661095969,15,26.706445763699612,71.165765970146,1,B
1,2,21,16,7,60.710689577455256,4,14.588836197181907,56.59517236584122,0,C
3,0,8,19,7,84.02732724135117,6,24.503415905168897,78.77316080093058,1,B
2,3,21,16,8,57.01478228957868,10,18.126847786197335,52.20000338377659,0,C
3,0,0,9,15,100.0,6,29.5,80.5002824191975,1,A
4,1,4,14,17,90.46836747270189,8,28.308545934087736,85.3630960620208,1,A
3,2,8,15,6,86.96603322020381,15,24.87075415252548,70.14285307151866,1,B
1,1,4,7,6,93.83487013282993,2,23.72935876660374,52.450629981348634,0,C
1,0,5,7,7,89.09833024120911,2,23.13729128015114,65.33654568125465,1,B
3,1,18,19,16,72.1144240003922,6,21.014303000049026,76.43386782067837,1,B
4,1,7,10,5,89.0775425453314,8,31.134692818166425,57.379436880799204,0,C
2,0,9,5,12,85.06662942840272,4,24.633328678550342,60.38236243995121,0,C
4,0,10,11,10,81.48292909133266,16,27.185366136416583,83.53915525337811,1,A
2,2,12,7,7,76.78004665778549,6,19.597505832223185,49.428766435291884,0,F
1,1,19,9,5,61.6318173404257,4,17.703977167553212,51.538547875355206,0,C
4,3,3,11,7,92.52313542108348,16,28.565391927635435,64.22405345181527,1,C
2,3,10,11,5,81.14767245287914,6,22.143459056609892,48.65903634208499,0,F
3,0,11,13,7,80.82971593828263,9,22.103714492285327,63.70326990059845,1,C
1,0,4,5,8,91.69899036566109,5,20.462373795707634,67.78274972365611,1,B
3,1,29,7,10,50.26062237439686,6,19.282577796799607,44.03911439059787,0,F
1,0,9,13,11,78.03510911387303,3,16.75438863923413,69.95827919763438,1,B
4,3,24,12,11,57.777896750906336,20,27.222237093863292,51.71551719363737,0,C
4,2,28,6,13,50.0,20,27.25,48.77191744725074,0,F
1,2,23,12,12,55.87063162124055,4,16.983828952655067,51.40397248695521,0,C
1,1,6,12,17,86.12388395581749,5,20.765485494477186,70.55390997754145,1,B
1,2,20,6,8,57.0343934990846,2,15.129299187385575,40.42116927916756,0,F
4,0,8,12,10,80.53204660444212,16,31.066505825555264,78.3121902262711,1,B
2,0,8,7,15,82.99658437673052,6,24.374573047091317,72.53436892631963,1,B
3,0,9,11,5,81.26903818502333,12,26.158629773127917,69.08501854384063,1,B
3,0,9,17,12,80.62432799888339,12,23.078040999860423,87.27226189266999,1,A
4,1,1,13,10,97.71353446785545,8,27.21419180848193,80.17418212143596,1,A
3,2,3,8,6,92.80347510342757,6,29.600434387928445,52.28804369956319,0,C
1,3,7,19,12,87.63229569932456,4,21.95403696241557,65.27755933480384,1,B
2,2,28,15,8,52.37516142735691,6,19.546895178419614,45.9564083883482,0,F
3,0,13,10,13,80.05345395634227,6,28.00668174454278,68.84407799817139,1,B
2,3,16,13,8,70.0787327513024,8,20.7598415939128,42.17769934104368,0,F
1,1,12,15,5,71.84577972594339,2,15.980722465742923,60.81553474781845,0,C
3,0,20,15,11,68.60285142726227,6,24.575356428407783,65.10813898312693,1,B
4,0,23,9,14,53.11403824134291,20,25.639254780167864,68.94088663467026,1,B
2,3,17,16,9,62.688593184071905,6,17.83607414800899,40.853595662917726,0,F
1,1,17,5,14,60.273498436942006,4,13.53418730461775,53.465915509471216,0,C
2,3,12,7,15,74.99883613629405,8,17.374854517036756,56.384533752811976,0,C
3,1,7,15,16,88.19575992864932,15,22.024469991081165,82.99396537373234,1,A
3,0,25,19,9,50.0,12,18.25,61.90183363779553,1,C
4,2,11,13,8,82.45883338557758,16,26.307354173197197,63.60910117943126,1,C
1,0,24,7,10,50.0,5,12.25,47.48815168204223,0,F
1,2,22,15,5,65.09569707544722,5,14.136962134430902,50.799352033254074,0,C
4,2,23,15,7,62.201360523334344,16,21.775170065416795,53.280078750710594,0,C
4,1,20,14,15,52.03568812610109,20,27.504461015762637,64.26235156801869,1,C
1,3,0,6,16,100.0,2,20.5,64.55135821273797,1,C
2,1,19,8,11,64.55534284659231,4,21.06941785582404,53.0173106580537,0,C
2,0,17,9,15,63.64168593684453,4,17.955210742105567,58.19321502403368,0,C
4,3,2,11,12,96.08550555657861,8,30.010688194572325,61.66643666316919,1,C
2,2,11,11,16,82.76808463014055,10,25.34601057876757,68.16370990864061,1,B
1,2,18,13,13,60.01970290590348,3,13.502462863237934,43.450915713600324,0,F
3,0,24,17,5,50.0,9,23.25,55.46361097489007,0,C
3,3,12,12,8,71.4119033661758,12,19.926487920771976,50.651395211256855,0,C
2,0,9,17,6,81.63426388049848,6,25.20428298506231,71.65154192992992,1,B
4,0,14,19,6,69.57606868597962,8,29.697008585747454,72.16719862414628,1,B
4,1,19,6,5,63.17704205087751,20,24.897130256359688,49.946780293729994,0,F
4,0,1,16,9,98.18109074089217,8,32.27263634261152,88.5334566822682,1,A
4,3,18,12,6,65.58940008661403,8,24.198675010826754,44.86026943706887,0,F
4,0,2,12,8,95.17649528667103,20,31.897061910833877,90.62025397239483,1,A
2,3,13,9,13,78.36577329442554,4,18.795721661803192,52.83296021870166,0,C
3,2,6,19,15,89.50900109427673,6,22.18862513678459,81.80247539158749,1,A
3,0,7,17,7,85.25666446035588,15,22.657083057544483,76.60499802107151,1,B
2,3,28,7,19,54.744122996286784,10,18.84301537453585,47.845594128605434,0,F
4,2,10,13,12,76.08135488347573,16,29.510169360434467,60.8997854563481,0,C
2,3,28,16,14,56.67738158782865,8,22.08467269847858,52.53609413678099,0,C
3,2,21,11,17,52.63844184143697,6,19.579805230179623,48.58551904446459,0,F
1,1,19,5,10,64.3991671041633,4,18.049895888020412,53.506700589307286,0,C
2,0,5,12,14,92.24417213194269,6,21.530521516492836,81.01713565463666,1,A
4,0,28,14,9,50.0,12,22.25,60.9871374753624,0,C
3,2,10,17,6,78.59539765319545,6,22.82442470664943,51.509646106290916,0,C
3,1,16,9,15,75.85826065362978,12,27.48228258170372,59.62873081649255,0,C
3,3,28,10,17,50.50908024523083,6,17.313635030653852,43.60095014745705,0,F
3,1,9,13,7,83.33158953047479,12,25.41644869130935,59.406436694181735,0,C
4,3,23,14,12,58.080702575316764,20,22.260087821914595,38.98718315844648,0,F
1,3,16,19,19,68.02652753552573,5,13.503315941940716,69.32625765236101,1,B
3,0,20,18,16,59.46394084246308,15,24.432992605307884,78.24013006297139,1,B
2,2,1,12,16,98.10324598220684,10,23.262905747775854,72.85035903514395,1,B
1,0,5,18,13,90.84114830611071,2,18.35514353826384,83.9161729600771,1,A
3,0,24,15,15,51.89417612103867,6,19.486772015129834,73.81726551481881,1,B
1,0,4,18,15,93.86553838148536,2,17.73319229768567,82.31044688410778,1,A
2,3,3,18,11,93.56439471990515,6,21.695549339988144,73.76305592272317,1,B
3,0,29,7,5,50.0,15,19.25,43.81784371059932,0,F
2,3,1,17,16,98.22078020027485,10,21.277597525034356,74.17463066046378,1,B
4,2,11,9,16,81.525330082993,20,28.190666260374122,63.10689373747613,1,C
3,3,2,8,17,96.85403005474413,12,23.106753756843016,69.14049481059709,1,B
3,3,5,18,17,89.56328124346945,12,26.19541015543368,80.79386081391112,1,A
3,1,23,5,10,52.41529373054035,9,18.551911716317544,45.17725137540994,0,F
3,0,13,9,11,73.56686482856281,9,25.19585810357035,64.64342887202042,1,C
4,0,7,14,16,82.60067212268994,16,31.325084015336245,81.56724557186975,1,A
3,0,20,11,10,59.36911777956959,12,25.4211397224462,69.60040914341894,1,B
1,0,20,5,14,55.564185400606185,2,17.945523175075774,49.54871923068271,0,F
3,1,25,8,15,59.677043204160036,6,24.459630400520005,53.43697403244059,0,C
4,1,13,10,17,76.61337974058767,16,28.57667246757346,65.20288834849326,1,B
3,1,28,15,6,50.28749478201679,15,22.285936847752097,60.73912897314749,0,C
1,1,2,16,17,95.84804898828398,4,23.981006123535497,76.11705639432833,1,B
4,0,15,13,13,72.5378015746439,8,25.067225196830485,76.46548181787227,1,B
4,3,14,15,7,70.0250700238193,12,28.753133752977412,55.8282325686924,0,C
1,2,6,12,10,86.85946156478978,4,17.857432695598725,59.27089474959159,0,C
1,1,14,6,10,78.52834227951635,4,18.816042784939544,57.06574809081897,0,C
1,3,12,15,12,74.32290745072666,5,17.290363431340833,58.8111701867434,0,C
1,1,5,7,17,91.91606318860579,3,16.489507898575724,82.21006391189941,1,A
1,0,14,14,8,72.48810577402206,5,16.06101322175276,73.4909995873509,1,B
4,0,16,17,19,64.37477486769711,12,23.04684685846214,83.78421565335525,1,A
4,3,3,9,10,93.38996501216457,20,32.67374562652057,65.3286539096512,1,B
3,3,21,15,5,62.203726555053315,9,22.775465819381665,48.11955738376227,0,F
3,3,26,11,13,53.91848788801873,12,23.73981098600234,47.607091265727334,0,F
2,0,21,7,16,59.255243335031935,8,15.406905416878992,62.01919459359018,1,C
3,0,26,16,13,56.09465584153753,12,23.01183198019219,64.81962527361367,1,C
3,2,13,11,11,67.82891283478976,6,22.478614104348722,53.44695708438146,0,C
1,3,14,9,15,74.1711610016043,3,19.271395125200538,56.55935227201165,0,C
1,2,27,14,17,50.0,3,16.25,53.61963189167206,0,C
3,1,11,10,5,73.50908540744042,15,27.18863567593005,59.73316217441459,0,C
2,2,18,10,7,66.43271822387834,4,22.304089777984792,44.1524878583058,0,F
1,1,21,15,16,63.16422272226898,5,14.895527840283624,64.96777343906263,1,C
3,1,27,15,9,50.0,6,21.25,45.98088090856372,0,F
3,2,9,18,8,84.43559937192711,15,23.55444992149089,73.51240641574466,1,B
4,3,5,16,9,89.89376805018762,8,31.236721006273452,56.27466098260213,0,C
2,1,27,8,11,56.51138689066297,10,21.063923361332872,53.31662020368307,0,C
4,3,24,16,13,54.73762829081369,20,24.84220353635171,48.470481563609994,0,F
2,0,8,12,5,87.37476061075907,4,21.921845076344884,62.1491669717706,1,C
1,1,1,13,9,98.21656040731395,3,23.277070050914244,67.86164053378765,1,B
2,0,3,6,7,93.50411878542836,10,20.688014848178547,71.37619006315727,1,B
3,2,8,13,7,80.06954274759856,6,27.008692843449822,52.16597383078371,0,C
3,3,14,15,15,75.4326936489079,6,26.429086706113488,61.32722659845132,0,C
2,2,29,16,6,50.0,6,21.25,42.794038072545064,0,F
2,1,12,8,10,76.62344662397017,6,18.57793082799627,56.609864172624484,0,C
2,0,19,10,18,68.00108095005633,6,16.500135118757044,73.47229550272272,1,B
4,1,7,18,10,85.22951674661745,12,30.65368959332718,76.76059799467359,1,B
2,2,25,11,7,50.0,10,16.25,40.097602523676876,0,F
1,3,27,8,5,55.52507394721581,5,13.940634243401977,26.251565122981745,0,F
4,3,18,12,11,59.371757693545575,16,23.4214697116932,44.44180957491303,0,F
4,1,18,17,6,60.39709055568115,20,22.549636319460145,53.85575280575407,0,C
2,1,24,18,12,59.26377086013704,8,22.40797135751713,62.5805524821333,1,C
1,0,15,14,7,67.76578562323145,4,20.470723202903933,69.06339743117965,1,B
4,2,10,12,5,81.06328320636477,20,30.132910400795595,61.252570408551904,0,C
3,1,9,5,14,80.36976022755013,12,21.046220028443766,63.4971467635272,1,C
4,0,7,12,13,86.02732203434903,12,25.75341525429363,70.79170609896683,1,B
2,1,0,14,9,100.0,8,25.5,82.34719659384959,1,A
1,3,9,18,5,79.41729710675986,5,18.927162138344983,62.68732311552128,1,C
2,0,29,16,14,50.0,4,16.25,58.34704392975296,0,C
3,0,17,7,15,62.178491411401545,15,24.772311426425194,59.44846417572841,0,C
3,1,2,9,10,96.74785645023948,6,29.093482056279935,77.75571555812971,1,B
3,2,29,18,14,50.0,6,21.25,58.209815651685744,0,C
2,3,10,14,7,80.86333811483519,8,23.1079172643544,63.35799782281475,1,C
4,2,17,12,15,60.9124602515627,16,24.614057531445336,65.59971353296872,1,B
2,0,2,15,19,95.80166824935402,4,25.97520853116925,81.4174235958324,1,A
1,2,7,10,8,87.0156851231114,4,19.876960640388923,65.47644598608002,1,B
4,0,26,8,12,55.750159241570735,12,24.968769905196343,58.62132031953776,0,C
3,2,26,19,19,50.0,15,23.25,66.47763264555792,1,B
2,1,27,8,9,50.0,8,18.25,44.51252514570245,0,F
3,2,13,16,16,67.66291505580656,6,25.45786438197582,65.19038467748491,1,B
3,0,5,8,10,90.63255664827284,6,28.329069581034105,63.71377370001018,1,C
1,3,14,10,14,69.39993089779884,5,19.674991362224855,57.97530751875475,0,C
4,3,13,11,8,72.40332866690575,16,24.050416083363217,48.34445830491224,0,F
1,3,6,17,10,87.17450974427531,4,19.896813718034416,61.29718796383217,0,C
1,0,9,9,7,79.86718031917908,2,21.983397539897386,64.33376595459741,1,C
1,2,14,14,14,77.05248408023864,5,19.63156051002983,73.08338727554982,1,B
3,3,28,18,16,50.0,6,19.25,52.80786264438855,0,C
1,3,9,12,5,81.91783296645019,5,15.239729120806274,49.464056304050146,0,F
1,3,21,11,10,61.30687442909864,4,15.66335930363733,49.70931202825264,0,F
4,1,16,12,18,69.02159573569222,16,24.627699466961527,74.91697480112563,1,B
4,0,26,19,17,50.0,20,20.25,77.56916838176903,1,B
1,0,18,8,5,67.2233983306235,2,15.402924791327937,36.31409643532011,0,F
4,0,28,12,14,50.0,8,27.25,59.577331494956105,0,C
4,0,16,17,16,64.18763880533581,8,26.023454850666976,76.60939819860452,1,B
1,0,11,10,7,82.76390043008283,5,18.345487553760353,65.17482139873415,1,B
3,1,14,7,16,74.61851690094704,15,26.32731461261838,71.37598113557345,1,B
1,2,25,17,12,50.0,2,13.25,44.13616145988557,0,F
4,1,11,12,11,81.20349734835852,8,27.150437168544816,62.75002934414688,1,C
3,3,24,17,12,50.265456753146026,15,18.283182094143253,55.29317118074735,0,C
2,1,28,11,14,50.0,10,15.25,59.07215917666137,0,C
3,0,8,14,14,81.25358981319832,6,25.15669872664979,72.44002599904427,1,B
4,1,4,9,6,92.60004267148346,8,29.575005333935433,66.05689786226515,1,B
3,0,3,15,14,94.81145031480727,12,23.85143128935091,85.88917195335826,1,A
1,1,11,8,11,77.66885845201669,3,21.70860730650209,55.84956144631822,0,C
2,0,15,5,18,75.46509230491661,10,19.433136538114574,63.461749788038354,1,C
2,3,8,14,8,81.62012826075953,6,24.202516032594943,51.315466550223505,0,C
2,0,24,7,5,50.0,10,14.25,39.54539995125516,0,F
4,1,2,6,15,95.45898219061017,16,25.932372773826273,82.71118544495071,1,A
4,3,20,12,7,62.02243600405751,20,27.75280450050719,50.425370970037164,0,C
2,1,2,18,9,95.32999317229012,10,20.916249146536266,80.37619988822745,1,A
3,3,25,12,18,50.16129673157117,9,17.270162091446394,43.80272491652686,0,F
2,2,17,16,14,72.89011640635597,8,19.111264550794495,72.09675800306978,1,B
3,2,16,9,12,72.41553201613041,12,20.0519415020163,63.65887376663734,1,C
3,2,27,18,6,50.0,12,22.25,50.50221231479528,0,C
4,1,9,9,6,78.43219931072348,16,30.804024913840436,61.262036126315465,0,C
3,1,1,19,12,98.4048144075814,15,23.300601800947675,87.70558566483142,1,A
2,3,23,15,18,50.0,6,20.25,55.95181083374679,0,C
4,3,10,8,13,77.00930170821502,16,28.626162713526877,49.07884771916919,0,F
1,3,23,5,14,57.29909562034303,2,18.162386952542878,32.90003647273044,0,F
1,3,2,5,17,95.62144639120669,4,17.952680798900836,56.96649874046864,0,C
4,0,22,17,17,62.88707043636627,12,24.860883804545786,75.0340677468072,1,B
2,2,22,10,5,50.0,6,17.25,37.78378335260383,0,F
1,0,1,19,18,97.84266097815099,3,19.230332622268875,99.10945366670839,1,A
1,0,8,8,6,84.48936496426347,3,18.561170620532934,65.84568902055565,1,B
3,0,18,8,19,57.43868832015934,6,22.179836040019918,56.50278042283263,0,C
3,0,1,7,8,98.3607654986991,12,24.295095687337387,82.42202838590352,1,A
2,2,27,18,16,50.0,10,19.25,70.58199654674375,1,B
4,0,18,13,7,72.57004468259917,20,28.0712555853249,77.50122757664683,1,B
2,3,1,7,5,97.74679959567321,4,27.218349949459153,48.6728209299739,0,F
4,1,14,12,8,70.97290292556485,16,25.871612865695607,59.387015271468556,0,C
1,3,23,6,15,50.0,4,11.25,28.588792987527995,0,F
3,1,20,8,17,61.75310948537869,15,21.719138685672334,63.475019315828916,1,C
2,3,2,5,15,95.27111774821567,4,20.908889718526957,60.35950083304891,0,C
2,3,4,15,6,92.74740390344074,10,19.59342548793009,58.8246015072767,0,C
4,1,10,9,14,82.25044714801473,8,24.28130589350184,63.342566201778936,1,C
4,2,26,6,9,53.154483210556094,12,25.644310401319512,42.227940513767706,0,F
2,0,23,15,5,50.0,8,20.25,52.246162846998054,0,C
4,3,6,17,18,88.02824961189573,16,32.003531201486965,80.20828865797347,1,A
2,2,5,5,12,89.81457337072926,8,26.226821671341156,67.89321423768567,1,B
2,0,13,5,14,69.68847956068488,8,17.71105994508561,64.4977743673837,1,C
2,2,28,6,6,50.0,8,16.25,34.54052185002003,0,F
1,2,0,9,15,100.0,4,24.5,72.43837066340359,1,B
4,0,25,16,7,50.0,12,22.25,52.94696620646099,0,C
3,3,16,19,7,73.98370869705914,12,21.247963587132393,57.84085347901697,0,C
3,2,16,19,8,62.103544460883874,9,23.762943057610485,59.428411274846326,0,C
4,3,13,13,11,69.618925872732,16,28.7023657340915,60.81742466278084,0,C
2,3,9,10,17,78.8558602760098,8,18.856982534501228,63.27946754182024,1,C
3,3,29,16,13,50.0,6,18.25,46.07513144638406,0,F
3,0,7,8,7,86.2318588577028,12,21.77898235721285,73.5062022284013,1,B
4,1,7,19,5,86.66695141558816,20,30.83336892694852,66.43106281309248,1,B
3,3,13,7,19,75.36208066912307,6,27.420260083640386,60.66708642881824,0,C
2,1,6,12,15,90.60272326834743,4,26.32534040854343,70.79944209837534,1,B
4,1,5,7,14,87.75564856767744,8,24.96945607095968,76.09070520373993,1,B
2,2,3,5,19,94.1491730298296,10,20.7686466287287,74.89164450677357,1,B
3,3,0,8,5,100.0,9,28.5,48.84347751914912,0,F
3,3,14,15,16,66.69039445173583,6,19.336299306466977,52.95053134529678,0,C
2,3,24,17,15,50.0,4,18.25,41.47137798885937,0,F
1,1,14,9,10,70.76367561236842,2,14.845459451546052,58.04787300557365,0,C
3,0,0,9,9,100.0,12,29.5,80.29313563182367,1,A
1,1,19,9,14,65.34568245852081,3,13.168210307315102,60.75955755976848,0,C
3,3,2,12,11,95.79282758142786,15,24.97410344767848,53.58448146714517,0,C
1,3,22,12,11,66.70397221487724,5,20.337996526859655,44.601465889704876,0,F
1,3,4,16,7,93.82947634532601,3,17.728684543165752,64.54263484022614,1,C
1,1,4,17,11,91.28934647119769,3,22.41116830889971,82.46748944895413,1,A
2,3,3,8,13,92.83539144549447,6,25.604423930686806,58.622602355041494,0,C
1,2,16,19,12,62.317389930828746,4,13.789673741353592,60.71987674167261,0,C
1,3,20,13,7,66.63709447045176,2,14.32963680880647,47.210626401528856,0,F
1,0,19,5,14,54.18656440074552,4,14.773320550093189,59.53142849001955,0,C
3,2,13,9,9,71.44807139153347,9,20.931008923941683,43.943353038645405,0,F
1,3,25,9,17,50.0,4,13.25,41.423875051014825,0,F
3,2,28,9,17,50.0,15,17.25,44.105512677280515,0,F
1,3,7,12,18,84.48802257021327,4,16.56100282127666,66.71730011450619,1,B
1,0,1,13,12,97.7902277224161,3,22.22377846530201,73.57501027804463,1,B
2,3,7,7,6,85.33734132070816,4,22.66716766508852,46.45909089286083,0,F
3,2,0,13,18,100.0,12,28.5,83.26001946313208,1,A
1,0,28,17,18,50.0,3,16.25,63.85265119273834,1,C
3,1,3,15,11,92.68744618605919,12,22.5859307732574,82.45743389823109,1,A
3,0,18,12,15,57.34200834951407,15,20.167751043689258,68.08823496126921,1,B
4,0,4,7,14,93.02808322314777,16,32.62851040289347,80.09014183787791,1,A
2,0,28,6,14,50.0,8,21.25,49.79025125693806,0,F
2,2,4,19,11,92.63034259082352,4,22.57879282385294,73.38619665480218,1,B
2,0,20,8,15,55.85040899580774,8,20.98130112447597,54.94220171538358,0,C
4,3,27,19,16,50.0,16,27.25,57.355156035877215,0,C
4,0,19,17,18,67.39987348365008,20,24.42498418545626,83.31767077089401,1,A
2,0,23,16,17,50.0,10,19.25,81.35364459302644,1,A
4,3,18,6,12,60.80807560060777,20,24.60100945007597,45.321735537245445,0,F
4,3,11,8,5,81.09707341265442,8,24.137134176581803,42.37902048698881,0,F
4,1,19,9,12,64.44920238515888,20,28.05615029814486,55.02991002900002,0,C
2,0,0,6,18,100.0,10,23.5,86.43508221853536,1,A
2,2,6,16,5,87.41758608982235,8,18.927198261227794,57.05413015727464,0,C
2,0,16,12,7,73.29293563531802,8,24.161616954414754,65.86379343025122,1,B
4,0,1,5,13,97.80691006183696,8,32.22586375772962,83.01758168054367,1,A
2,3,10,7,8,77.62753256775345,10,19.703441570969183,50.241338901923186,0,C
4,1,6,11,14,88.1239910900594,12,30.015498886257426,70.61158212239448,1,B
1,0,16,14,17,74.49893166169304,4,16.31236645771163,76.82915218401224,1,B
4,2,26,5,13,50.0,12,23.25,49.061237409908394,0,F
3,0,2,17,5,96.25558949575237,9,29.031948686969045,81.39541168786263,1,A
2,2,28,15,12,50.0,10,18.25,50.366052721496786,0,C
2,3,21,19,7,57.72268015925713,6,20.21533501990714,52.5118102228346,0,C
3,1,5,6,15,92.13866965567914,6,27.517333706959892,72.85527497410635,1,B
4,0,21,7,11,55.14296925285924,8,22.892871156607406,54.4300693119776,0,C
1,1,10,18,6,77.20646297473502,4,17.650807871841877,67.60093065031023,1,B
3,0,28,18,17,53.505921336643134,9,18.68824016708039,73.41451497678824,1,B
3,2,17,6,11,66.86602480614543,6,26.35825310076818,45.95070796898513,0,F
4,1,17,6,11,61.86565179495704,8,28.73320647436963,52.82944580539738,0,C
2,0,21,16,13,68.0696340768335,6,16.508704259604187,69.61287987056488,1,B
4,3,9,15,6,86.2392718351236,8,25.77990897939045,63.583992651683914,1,C
3,2,4,10,12,91.29235173246856,9,28.41154396655857,65.82281537907039,1,B
3,1,29,11,9,50.0,6,24.25,46.74760312156317,0,F
2,0,22,10,14,50.0,6,15.25,60.29278772304082,0,C
2,1,22,15,13,58.20880405256219,4,16.276100506570273,58.09822189913406,0,C
2,0,20,10,12,62.204466699089885,4,18.775558337386236,60.26485756528121,0,C
4,2,23,19,7,52.79553662721788,8,22.599442078402234,49.96733905203264,0,F
2,3,25,13,7,50.0,10,19.25,34.67034545244792,0,F
3,2,21,12,15,55.03916386429739,15,18.879895483037174,54.092014918941956,0,C
3,1,14,18,16,74.41747374618606,6,26.302184218273258,73.22564444054387,1,B
1,1,20,12,14,63.06905487128311,5,19.883631858910388,73.99534283902355,1,B
4,0,19,10,12,57.002906224224986,12,24.125363278028125,59.3387449362721,0,C
1,2,22,9,13,55.23777344124473,5,18.90472168015559,44.35112829101512,0,F
3,0,3,13,6,95.20607147326058,12,29.900758934157572,81.22943768052065,1,A
1,2,20,16,7,66.94010091695421,4,15.367512614619276,56.755197722199,0,C
3,1,20,6,18,52.97619248123368,6,17.62202406015421,48.49053898621205,0,F
1,0,0,11,18,100.0,5,19.5,87.8040825264677,1,A
2,0,14,10,12,74.30043931962243,8,19.287554914952803,65.75540519422842,1,B
1,2,16,11,6,69.81277341509079,2,20.72659667688635,48.89779527841847,0,F
2,3,18,16,12,70.21921555378745,8,17.77740194422343,55.34661237917932,0,C
2,2,13,8,9,77.43572990721452,4,23.679466238401815,42.01081047579684,0,F
4,3,26,13,10,50.0,16,23.25,47.3493682143637,0,F
2,2,18,11,18,67.88098640060628,8,21.485123300075784,64.52896751013532,1,C
2,1,17,6,14,62.575777471961246,10,21.821972183995157,48.96968134895882,0,F
1,0,27,17,19,50.0,2,15.25,73.52905486908753,1,B
3,2,1,8,16,97.67770287170676,12,23.209712858963343,77.68797946018397,1,B
4,1,5,9,8,88.8773754114049,8,28.109671926425612,70.9366032802503,1,B
2,2,12,6,7,80.46279265647424,10,23.057849082059278,43.35442259585431,0,F
4,0,16,14,12,74.02577655077249,16,24.25322206884656,79.13295989263003,1,B
1,2,5,12,13,88.02175680746271,3,23.00271960093284,61.94500955943178,1,C
2,3,20,5,19,53.60977521104595,6,17.701221901380745,37.23304442572624,0,F
1,0,21,19,17,58.67373621358311,3,17.33421702669789,70.88072726492746,1,B
4,3,4,7,19,93.4785434609041,8,29.684817932613015,66.54632851024758,1,B
1,1,6,19,12,85.60854225588517,5,15.701067781985646,73.72482455465686,1,B
4,1,0,18,13,100.0,8,32.5,92.95659572975934,1,A
1,2,12,5,5,81.57358270444414,2,17.196697838055517,39.48671925757564,0,F
4,3,18,19,9,56.36368855022676,12,26.045461068778344,57.41902783206922,0,C
3,3,21,9,16,51.512351964816766,15,17.439043995602095,44.19791882206162,0,F
1,0,0,12,11,100.0,4,23.5,80.61757321858255,1,A
1,3,12,11,12,81.59163571177558,2,19.198954463971948,53.419535954068735,0,C
3,3,10,13,18,79.71568821607292,9,20.964461027009115,61.531895346377226,0,C
3,0,26,6,15,50.0,6,22.25,49.75101849931604,0,F
1,0,6,16,6,86.44391655530781,2,15.805489569413476,63.9320599125759,1,C
3,3,19,12,16,62.54959618882805,15,19.818699523603506,48.53996689829286,0,F
2,2,2,12,15,95.09330139983689,8,21.88666267497961,72.48230075071567,1,B
4,0,25,18,18,56.380473475670634,8,28.04755918445883,82.56759168744045,1,A
4,0,24,10,8,62.32636198331626,8,25.79079524791453,52.142394202028115,0,C
4,3,0,7,11,100.0,16,33.5,65.86241780472236,1,B
2,3,7,6,9,84.86736590785301,10,25.608420738481627,50.198448656909875,0,C
3,0,16,18,5,64.20548473157965,6,20.025685591447456,69.21749333456276,1,B
3,3,12,12,17,73.13803723462229,15,20.142254654327786,64.27888935407216,1,C
1,0,13,10,18,79.06124024090445,5,14.882655030113057,71.29305612364979,1,B
3,2,4,8,6,90.45964218148691,6,28.307455272685864,50.72110369386883,0,C
1,2,25,9,9,55.47915742692784,4,18.93489467836598,32.33582315338391,0,F
2,0,23,9,10,60.67204452374579,4,18.584005565468225,51.779240048976106,0,C
4,0,21,17,5,55.596392984310384,8,21.9495491230388,69.18740365642624,1,B
4,1,22,13,16,62.339320362455666,12,25.79241504530696,63.63474613845341,1,C
4,1,26,17,7,50.0,16,24.25,46.470003579680316,0,F
3,3,23,17,10,56.1383169794564,9,25.01728962243205,41.92067228261136,0,F
1,3,28,13,10,51.50304064640151,4,17.437880080800188,48.40186347323874,0,F
1,0,5,12,11,91.0397018374916,2,23.37996272968645,72.86893881289274,1,B
2,0,26,12,14,50.0,10,18.25,62.26755890398161,1,C
3,1,21,16,16,61.230632727380836,9,23.653829090922606,69.68362333691331,1,B
2,1,26,6,18,51.079029606338665,6,19.384878700792335,49.23449030158854,0,F
1,0,5,18,18,88.82282689214881,3,21.1028533615186,86.41986696034682,1,A
1,2,20,7,7,66.6324017461533,3,17.329050218269163,37.58150748956655,0,F
4,2,7,18,5,85.10666988867303,16,24.638333736084128,57.83021027063306,0,C
3,3,12,12,17,73.86210669222598,15,25.232763336528247,68.20466266129955,1,B
1,0,17,17,11,60.86452021499534,5,12.608065026874417,69.29767607761654,1,B
4,0,22,9,16,50.0,8,26.25,59.668469831108624,0,C
3,3,3,11,15,95.02400336959866,6,23.878000421199832,67.22697546624738,1,B
2,1,16,18,7,73.78782782211196,6,19.223478477763997,69.5163743904188,1,B
3,1,28,12,9,50.0,6,23.25,37.63974642466252,0,F
3,2,4,10,8,90.97233379766814,6,26.371541724708518,63.751112801756804,1,C
1,0,2,19,16,96.45534713952064,4,17.056918392440082,96.19129746851152,1,A
1,1,3,9,19,93.92245838328066,2,17.740307297910082,85.74048222917098,1,A
3,2,22,12,5,50.010732526541034,6,21.25134156581763,43.82915332481178,0,F
1,2,4,5,16,90.92998756703818,2,18.366248445879773,69.93042734617887,1,B
1,2,13,5,11,72.00033784052131,5,18.000042230065162,46.838830429534575,0,F
1,1,14,5,18,77.89697225693288,5,19.73712153211661,64.15460427237637,1,C
4,1,19,7,17,70.53776665476124,8,25.817220831845155,59.544762791328466,0,C
4,0,16,14,8,69.78487503920937,12,29.72310937990117,64.83051328458075,1,C
3,0,5,17,5,92.3665628676039,15,26.545820358450488,84.07928637255702,1,A
1,2,26,16,15,50.0,4,14.25,55.516650849111315,0,C
4,2,9,10,10,86.31869801720748,16,26.789837252150935,67.12861442856898,1,B
3,1,21,10,8,67.87812989501839,12,26.4847662368773,49.18341947100194,0,F
1,1,22,9,17,63.36279767582787,2,15.920349709478483,61.291090740681,0,C
2,0,15,17,8,68.09477302621659,6,18.511846628277073,73.53947261105368,1,B
1,0,16,17,19,67.3351337506183,4,14.416891718827287,79.77336709054816,1,B
1,3,13,18,6,71.92666722478043,3,16.990833403097554,46.40663122148638,0,F
4,0,19,11,5,54.52245231894798,16,27.815306539868498,54.40212584573426,0,C
3,1,11,9,7,78.49559784107132,9,27.811949730133914,66.1181579889428,1,B
3,2,8,18,14,87.64899219295602,6,26.956124024119504,77.15096371614968,1,B
4,3,14,6,9,68.3110472470396,8,26.53888090587995,48.714929275400166,0,F
1,0,11,8,16,74.56839090948853,4,18.321048863686066,77.62925507666495,1,B
2,0,13,5,13,79.85145132147464,8,18.981431415184332,64.27406298528173,1,C
1,1,25,11,18,56.42876765906315,5,18.053595957382893,54.85237064465583,0,C
1,3,21,8,19,52.317467214033584,4,11.539683401754198,42.01460702457065,0,F
2,0,17,17,11,68.1053609447127,10,21.513170118089086,81.57684863851213,1,A
4,2,19,8,8,62.51962342917604,20,26.814952928647006,53.837761349164936,0,C
3,1,5,17,12,88.38412128760892,6,24.048015160951117,78.3081607010974,1,B
4,3,3,8,16,95.21614138477257,8,30.902017673096573,71.88362747424843,1,B
4,0,25,7,8,50.0,20,20.25,49.09165412082728,0,F
1,0,22,12,10,62.27034349147802,4,12.783792936434754,57.26271364444985,0,C
3,3,11,8,16,82.81083425815832,15,22.35135428226979,57.804407709094804,0,C
3,1,12,12,5,74.05002585290727,12,21.256253231613407,68.79096884148166,1,B
4,3,18,13,18,70.8145794464838,8,28.851822430810476,63.161589703112256,1,C
2,3,21,5,10,52.81284756514715,8,20.601605945643392,33.34473493816922,0,F
4,1,12,19,14,79.5675353049374,20,26.945941913117174,83.46265877949503,1,A
2,0,11,8,9,82.96636777606363,8,23.370795972007954,65.854873816064,1,B
3,2,19,10,18,69.61334816514278,15,22.701668520642848,60.20917430133471,0,C
4,1,2,12,6,95.31745950250819,16,28.914682437813525,77.378683566011,1,B
1,2,27,18,5,50.0,5,14.25,36.168986030336136,0,F
4,0,2,10,17,96.39546671726517,8,29.049433339658144,86.22928682063315,1,A
3,3,13,16,10,74.11441534373715,15,24.264301917967146,62.8192111927749,1,C
1,2,17,10,15,63.740146329548566,2,18.96751829119357,45.73180897537544,0,F
1,0,26,14,6,60.03534162185948,5,13.504417702732436,58.25283966894849,0,C
2,0,18,8,13,56.83260675789043,10,17.104075844736304,55.483102635979265,0,C
1,3,28,13,13,50.0,3,17.25,34.63201941280761,0,F
1,3,27,11,5,50.0,3,13.25,31.713035991488347,0,F
4,0,29,18,19,50.0,12,22.25,78.73244448163572,1,B
3,0,9,15,9,78.59296070861976,9,22.82412008857747,87.90151294945758,1,A
2,2,16,10,12,69.13101122980083,8,18.641376403725104,52.492196113104825,0,C
4,0,14,5,8,67.0133409126395,8,26.37666761407994,56.90575965732558,0,C
1,0,18,6,7,72.48993499919102,2,20.061241874898876,58.77633452918111,0,C
1,2,8,16,9,84.08279512985628,3,16.510349391232033,63.89098164718102,1,C
2,1,3,10,9,92.64271286568291,8,24.580339108210364,72.13593560118058,1,B
3,2,14,15,12,75.46073477777058,15,23.432591847221325,64.15888984153715,1,C
2,2,18,19,10,68.20921323185624,10,19.52615165398203,61.8748872928918,1,C
4,3,15,5,19,68.04815516931059,8,28.506019396163822,46.52736762990109,0,F
2,2,7,19,6,83.01666381675324,4,25.377082977094155,62.57019930990046,1,C
1,0,16,19,15,72.8201241393657,4,17.102515517420713,70.12651769837203,1,B
4,0,20,15,5,51.566979482984394,20,26.445872435373047,50.997526382930985,0,C
1,0,0,9,17,100.0,4,24.5,88.14158713952489,1,A
3,1,6,5,7,85.04171611443367,15,22.630214514304207,52.28826388065806,0,C
1,0,20,17,6,55.27082307094738,3,17.908852883868423,61.756693880408534,1,C
1,1,17,7,8,63.1473908078058,3,13.893423850975726,45.36087774178483,0,F
2,0,11,16,7,74.53606510844037,8,22.317008138555046,68.04328782510575,1,B
1,2,15,16,19,74.87289521064561,2,18.3591119013307,66.35716885272835,1,B
4,3,29,16,19,50.0,16,24.25,58.2810640717676,0,C
4,0,0,11,13,100.0,16,33.5,94.5254363565145,1,A
3,1,26,9,19,60.33257038269219,15,23.541571297836523,61.44533059677559,0,C
4,1,14,19,9,69.2300042232316,20,25.653750527903952,69.64405332766823,1,B
2,3,6,16,8,89.89242744322699,10,25.236553430403376,67.52562119891354,1,B
3,0,27,19,14,50.0,15,22.25,64.72195563769756,1,C
4,2,16,14,13,63.27937635228196,8,28.909922044035245,52.70972204461973,0,C
2,0,2,5,8,96.52660151868922,4,21.065825189836154,66.42187138615549,1,B
4,0,10,5,10,84.13279669424789,12,27.516599586780984,72.54078704585513,1,B
4,3,5,19,18,89.995895168606,16,31.24948689607575,80.94029801276398,1,A
1,0,5,12,14,88.04890744715854,3,20.006113430894818,75.46004137483837,1,B
4,2,14,15,5,67.13792458558869,20,27.392240573198585,56.3566079572079,0,C
4,1,6,18,19,90.29750526099839,16,28.287188157624797,90.5922662113997,1,A
2,3,10,17,17,75.35216735481471,10,21.419020919351837,64.02135388829777,1,C
2,2,29,13,6,50.0,8,20.25,46.60586363006003,0,F
1,1,26,11,19,51.91582939740095,2,11.48947867467512,58.162667963997656,0,C
4,3,16,17,8,73.6151961108459,20,29.201899513855736,58.12145744589387,0,C
1,3,22,7,13,58.688334758061785,4,19.336041844757723,41.20192562360404,0,F
4,1,17,16,10,63.69410119256544,16,23.96176264907068,63.19178373206337,1,C
3,1,21,10,10,57.87235653752546,15,18.234044567190683,46.78125101523497,0,F
3,2,28,7,15,50.0,6,24.25,56.20965100350773,0,C
1,0,23,14,13,50.75008134109309,2,18.34376016763664,59.82873559043766,0,C
1,0,28,8,16,50.62075479941948,2,16.327594349927434,50.37278404814992,0,C
1,0,20,16,8,58.85123936766335,4,15.356404920957917,54.14106825824781,0,C
2,0,25,8,7,60.895221852794755,4,18.611902731599343,43.71782192600531,0,F
2,0,18,7,11,62.5457699065997,8,22.818221238324963,53.67918510913524,0,C
2,2,26,14,16,50.86874043194782,6,15.358592553993478,47.53086379793343,0,F
1,3,7,10,19,88.81121055560921,2,18.10140131945115,63.900095890893155,1,C
4,2,23,9,11,58.42832908121202,20,25.3035411351515,60.13894189292215,0,C
3,2,19,15,13,54.43634714058129,15,20.80454339257266,53.23015881451133,0,C
1,2,7,13,19,85.39773436798868,5,19.674716795998584,89.2966442721127,1,A
2,3,20,13,10,51.93470302113898,10,18.49183787764237,46.0944620535535,0,F
2,2,28,7,6,50.0,6,21.25,45.60730942266173,0,F
1,2,10,17,10,75.21091400609912,3,18.40136425076239,54.96976772429734,0,C
1,3,20,13,19,62.79961893003619,2,18.849952366254524,52.3272196690654,0,C
2,2,2,17,12,95.48639076970898,4,19.935798846213622,70.96056247739266,1,B
4,0,22,16,10,60.281132163438755,20,25.535141520429846,69.3301160585186,1,B
2,1,26,7,13,58.244245740301075,10,16.280530717537633,55.52275029366654,0,C
2,2,13,8,19,69.67026424243693,10,22.708783030304616,54.10374480112563,0,C
1,1,26,5,8,50.0,4,11.25,41.70018989048152,0,F
4,2,8,9,7,81.43496772945358,8,31.179370966181697,52.15756991093616,0,C
2,2,24,16,15,56.807331239545306,10,15.100916404943163,67.8757373202304,1,B
2,0,0,13,9,100.0,10,23.5,82.72525405280774,1,A
3,3,0,19,7,100.0,15,25.5,78.73764411071777,1,B
1,1,25,6,15,62.217211593462885,3,14.77715144918286,50.39757065702386,0,C
3,3,27,8,16,50.0,9,22.25,46.04536962487145,0,F
3,0,11,14,6,77.74121964238407,9,23.71765245529801,65.17098288017779,1,B
2,0,10,6,6,75.16346662517911,8,24.39543332814739,59.984114411311246,0,C
1,1,20,18,8,62.29928610192506,4,14.787410762740633,59.93448415927273,0,C
4,3,0,12,7,100.0,8,33.5,71.1827880564475,1,B
2,0,19,13,13,59.81391199402137,10,22.47673899925267,70.43142996201267,1,B
4,2,11,7,18,77.8657442097945,8,27.733218026224314,65.9867607361156,1,B
4,2,16,17,11,71.15504634912404,8,23.894380793640504,64.07689267968992,1,C
1,2,14,19,10,67.44613122218163,3,17.430766402772704,60.15955533566661,0,C
3,3,1,13,14,97.67120525362887,15,25.20890065670361,64.97979945100852,1,C
1,2,17,10,16,67.41219795254031,3,20.42652474406754,51.17767545231221,0,C
4,2,15,10,12,66.59060287084033,12,29.32382535885504,51.73041585084228,0,C
2,0,3,11,13,94.15828619266519,10,21.769785774083147,88.39780692198268,1,A
4,0,7,16,7,84.32238493873326,8,31.540298117341656,72.44040574845056,1,B
2,2,1,9,16,97.50580984328137,4,26.188226230410173,69.398803472806,1,B
2,2,13,10,14,77.08754792106654,6,18.635943490133318,63.00924240292177,1,C
1,0,24,15,11,50.0,5,18.25,54.03618012843167,0,C
4,1,14,5,13,73.68170848850812,8,23.210213561063515,64.91837171692512,1,C
3,3,27,7,5,50.0,12,17.25,17.00368501479688,0,F
4,3,8,16,14,81.00682175762671,8,25.12585271970334,71.58833460249865,1,B
4,0,1,13,13,98.15242413055535,20,32.26905301631942,98.57691072353745,1,A
3,3,16,16,18,74.84178716574021,15,27.355223395717527,71.31552810770039,1,B
1,0,25,9,11,50.0,5,18.25,48.31371724081967,0,F
4,0,9,9,14,81.50477630317089,12,24.188097037896362,78.58155142127004,1,B
4,0,8,12,18,84.40479242286347,8,30.550599052857933,79.2327180389729,1,B
2,0,1,15,8,98.31666695310408,8,22.289583369138008,90.98712475144745,1,A
4,1,23,15,17,63.36438717079455,12,28.920548396349318,73.83594007871329,1,B
3,2,29,17,19,50.0,6,24.25,56.73615406872655,0,C
2,2,18,6,15,60.05972325974406,10,15.507465407468008,53.16699868499444,0,C
1,1,16,17,16,69.41166514175738,2,15.676458142719673,64.51430022546779,1,C
2,3,10,11,10,79.29772412614378,10,20.912215515767972,50.34025856276506,0,C
3,3,16,13,15,74.6872711413923,15,27.335908892674038,66.55443416106696,1,B
3,2,9,11,15,85.39081260823522,6,25.673851576029403,63.9255355265861,1,C
2,3,17,16,10,74.30780087480898,4,17.288475109351122,55.628507930898735,0,C
1,2,22,9,10,52.18774208792056,4,14.52346776099007,43.679068498597196,0,F
2,2,27,17,19,52.35972789281266,4,19.544965986601582,57.688545681809444,0,C
1,1,5,10,6,87.6653670708342,2,15.958170883854274,56.5484995020571,0,C
2,3,15,8,9,72.87316284509207,6,20.109145355636507,53.755402426469786,0,C
3,1,27,18,11,50.0,15,18.25,63.70394234412758,1,C
4,2,26,16,10,50.0,20,23.25,54.26852889730607,0,C
4,2,17,11,7,69.07460727053272,16,24.634325908816592,53.01602621787455,0,C
1,2,19,5,15,55.968578784333914,3,12.99607234804174,37.23202148710854,0,F
1,0,17,8,16,59.604484230034295,4,18.450560528754288,63.13163379972142,1,C
1,0,0,7,9,100.0,2,24.5,72.24466142576642,1,B
3,0,27,17,17,50.0,12,18.25,74.60063810070395,1,B
2,1,2,8,12,95.62782344020204,10,21.953477930025254,60.8085703541924,0,C
3,2,14,5,15,65.54005172762686,9,19.192506465953358,49.828823772014175,0,F
4,3,19,16,9,64.46241525190825,8,23.057801906488532,50.86801566184518,0,C
1,1,9,17,16,84.74248028487077,3,15.592810035608846,79.16968125367026,1,B
2,1,20,6,14,59.58837860915632,6,19.448547326144542,53.154490598768334,0,C
4,1,4,16,7,92.20977726168644,16,31.526222157710805,79.18631298442004,1,B
4,3,14,15,13,67.9157594815432,8,25.4894699351929,55.826281238682085,0,C
4,2,22,17,15,50.0,12,26.25,52.80190350941023,0,C
3,0,13,13,7,79.37279564072641,9,23.9215994550908,61.05878769178452,0,C
1,2,14,19,6,67.14788729891528,4,15.39348591236441,54.75792952725311,0,C
4,2,9,11,10,78.31926209600658,12,25.789907762000823,75.25182193793778,1,B
1,1,23,17,12,50.0,5,16.25,59.631544816069024,0,C
3,1,8,10,10,81.88552112919037,15,24.235690141148794,79.28373510056065,1,B
4,1,11,6,5,75.33709183005514,8,27.417136478756895,54.85012852934731,0,C
3,0,6,5,12,90.91061934998547,6,29.363827418748183,65.21204431518754,1,B
3,0,4,6,5,90.31923351004069,12,29.289904188755088,64.65593905924884,1,C
1,0,24,11,13,55.56387486858936,3,13.945484358573669,70.38370478620024,1,B
4,2,23,6,12,64.55419637779997,16,26.069274547224996,55.345113767623474,0,C
3,1,9,7,10,82.78318620904133,12,26.347898276130167,66.70007000875351,1,B
4,3,24,12,19,50.0,20,22.25,51.39181104836186,0,C
1,2,25,11,6,51.45111995937259,3,12.431389994921574,37.511765124260045,0,F
3,0,7,16,17,84.19392237369485,15,26.524240296711856,82.543056613934,1,A
1,3,21,15,13,57.802402034864045,5,19.225300254358004,47.69550300301894,0,F
4,3,19,15,12,65.81088418558791,8,22.226360523198487,54.90178472371167,0,C
4,1,24,18,17,59.130103740315214,16,24.3912629675394,69.83226607989297,1,B
1,3,15,15,8,71.18345056969461,5,13.897931321211827,54.62550048077249,0,C
2,0,11,13,6,83.10616203114671,4,23.38827025389334,64.43451815498199,1,C
3,1,8,16,17,84.61964876001274,6,24.577456095001594,81.46137957617985,1,A
4,3,9,8,18,85.88241912911838,12,29.735302391139797,70.22952073820512,1,B
4,1,15,11,19,64.34492938388802,12,24.043116172986004,78.7917217371753,1,B
3,3,9,5,10,81.32067071337238,15,21.165083839171547,51.943559863424966,0,C
1,2,8,15,5,82.83165629655792,2,20.35395703706974,52.05203751196968,0,C
1,2,29,15,11,50.0,2,16.25,47.24630805988416,0,F
1,0,25,6,5,56.85447308751136,2,16.10680913593892,53.359790134171625,0,C
2,2,2,11,19,95.58418950165319,8,24.948023687706648,82.25250594710293,1,A
2,2,26,19,17,50.0,4,16.25,60.328812867002114,0,C
4,2,27,6,10,56.18768167844295,16,26.023460209805368,47.970157170531195,0,F
1,3,18,10,9,68.70445510416992,3,14.58805688802124,44.933651825284635,0,F
3,3,10,17,16,75.5342421352979,15,20.44178026691224,61.29650162042961,0,C
4,1,5,14,14,90.97911287234226,12,25.372389109042782,80.37359866795329,1,A
3,3,5,16,18,92.3708424484031,15,28.546355306050387,74.87377527643436,1,B
4,2,14,13,7,78.10705128843486,8,24.763381411054358,54.819863847243255,0,C
2,3,28,15,10,50.0,10,17.25,42.53280861435189,0,F
4,0,14,9,8,68.39982041608293,20,24.54997755201037,52.86625760088502,0,C
2,1,12,14,18,77.41807276679363,6,24.6772590958492,74.3783620333494,1,B
4,1,21,11,16,65.28278369466678,20,23.160347961833345,59.50875756405597,0,C
1,3,4,17,10,92.00757913232701,2,21.500947391540876,69.01072692693359,1,B
3,2,13,5,8,76.18544748213395,12,24.523180935266744,39.64051175141577,0,F
1,1,20,12,19,62.52063304205648,2,14.815079130257061,55.2238671429714,0,C
4,0,1,13,5,98.23901464591204,20,33.279876830739006,70.98188082708705,1,B
4,0,29,19,9,54.67712053142571,12,21.834640066428214,67.60876737369826,1,B
4,1,22,17,12,50.0,8,21.25,58.476915570351665,0,C
2,2,11,9,10,76.69957092687162,10,17.587446365858952,63.738532881134816,1,C
3,2,19,10,14,55.64193264837783,9,17.95524158104723,52.515535129084114,0,C
3,3,13,17,13,73.9583742940133,12,20.244796786751664,53.67905892839063,0,C
4,3,18,15,8,55.270240496108144,12,26.90878006201352,42.259996843027196,0,F
4,1,23,12,14,50.0,20,22.25,60.12213076379956,0,C
2,3,19,8,13,66.3361137451657,6,21.292014218145713,48.38247288181949,0,F
1,3,14,6,12,73.58232307051573,5,17.197790383814464,36.90453966988445,0,F
1,3,26,19,7,50.0,3,13.25,46.67008423949076,0,F
3,0,19,14,18,56.74453422242226,9,18.093066777802782,65.69731769853745,1,B
2,3,23,12,10,50.0,6,14.25,34.512577626085395,0,F
4,1,16,6,8,65.55785866236394,20,24.194732332795493,58.76738533189419,0,C
3,2,24,9,5,52.59709655408303,9,22.57463706926038,38.282216636083604,0,F
2,3,13,19,13,75.59052985448952,10,22.44881623181119,66.96270349035586,1,B
1,2,22,17,8,57.77807186926551,2,13.22225898365819,52.13106389092961,0,C
2,3,27,10,15,50.0,8,15.25,35.18758514277198,0,F
1,1,17,9,18,57.8398496586743,2,12.229981207334287,57.88347356776411,0,C
2,0,26,10,9,59.650361192080915,8,21.456295149010113,66.48459643821896,1,B
3,1,27,10,7,50.0,15,17.25,45.419386050804185,0,F
1,0,21,7,8,57.578866586718824,2,15.197358323339852,50.19799720367929,0,C
3,3,23,15,17,56.848727678494846,12,23.106090959811855,69.57827628006031,1,B
3,3,26,15,13,50.0,12,18.25,55.90219941591698,0,C
1,0,4,7,19,91.69702793242031,2,19.46212849155254,76.00734713492228,1,B
1,1,21,13,11,61.92456269309591,2,19.74057033663699,58.88910123527828,0,C
4,1,11,7,12,78.6148555782919,20,23.826856947286487,69.17905087636507,1,B
4,0,9,7,7,83.288767983545,16,31.411095997943125,77.71715917289137,1,B
4,3,7,15,19,86.48940074598721,20,29.8111750932484,72.75134298445258,1,B
3,0,28,18,7,56.00455787036927,15,25.00056973379616,80.1119329298147,1,A
3,3,5,6,19,91.9404209189154,9,22.492552614864422,66.39977250554716,1,B
4,0,27,11,18,50.0,20,23.25,66.17378894206705,1,B
3,3,24,14,11,50.0,12,20.25,48.19763285388939,0,F
3,0,14,14,12,70.08731418626249,9,19.76091427328281,68.16468408190178,1,B
1,2,11,8,18,75.10617062863074,5,18.388271328578842,59.230202719751446,0,C
1,3,24,5,9,50.0,5,11.25,25.971138397054375,0,F
3,1,24,10,5,50.0,12,18.25,40.645389184550815,0,F
4,0,5,9,7,90.40745210314378,12,30.300931512892973,62.76376641758822,1,C
2,1,11,18,9,81.10702549386598,4,25.13837818673325,62.58333814157342,1,C
4,0,14,15,7,74.63406903758249,8,28.32925862969781,64.69528961596981,1,C
2,1,11,6,19,77.03484363260179,6,23.629355454075224,68.22763091933348,1,B
4,1,8,10,18,81.15033332433947,12,24.143791665542434,70.72621462719522,1,B
1,0,18,5,5,60.36896577686416,3,14.54612072210802,54.78754763473409,0,C
3,0,20,7,11,59.139737904618656,9,18.39246723807733,58.489843975876376,0,C
3,1,1,8,5,97.89812164043997,6,30.237265205054996,61.123308597155685,0,C
1,1,27,17,14,50.0,5,15.25,67.86395717154944,1,B
2,1,12,7,17,70.34046986404444,8,17.792558733005556,61.09963831774522,0,C
2,3,12,19,10,72.20690257293327,4,24.02586282161666,57.37881914220647,0,C
2,3,7,17,10,84.03105949219196,8,18.503882436523995,65.60725151304271,1,B
1,2,26,10,18,50.0,2,18.25,49.55750540819963,0,F
2,3,12,15,11,78.0182865091655,6,24.75228581364569,59.177417494236025,0,C
1,3,3,8,16,95.44145771698672,2,19.93018221462334,66.18941104513772,1,B
4,0,5,18,15,92.2828498782014,8,31.535356234775175,84.67436804470522,1,A
4,2,5,5,5,92.34881037418778,12,26.543601296773474,54.1670724619146,0,C
1,2,20,9,15,50.390464664445496,5,18.298808083055686,41.84991692658488,0,F
3,3,11,9,7,82.2406942768532,9,22.280086784606652,51.67809529264133,0,C
4,0,11,13,16,81.93669261726612,20,28.242086577158265,77.0867037638548,1,B
2,0,16,12,13,68.2536002006704,4,23.5317000250838,74.80517649201191,1,B
1,2,26,19,6,50.0,2,16.25,43.22475623034495,0,F
2,0,6,12,18,85.48015739628958,8,21.6850196745362,80.3704364823266,1,A
2,1,25,9,9,60.66168170817692,8,17.582710213522116,50.01057347289157,0,C
3,3,14,12,7,65.59865168780622,6,19.19983146097578,38.916791377178306,0,F
2,1,23,18,16,60.523024518156795,8,17.5653780647696,69.90221801026848,1,B
3,2,16,14,16,60.47753905112267,15,25.559692381390335,68.28776032133351,1,B
4,2,9,11,17,81.62808311077646,12,29.203510388847057,68.75494887024193,1,B
1,0,22,5,9,52.655719589517346,2,18.581964948689667,43.207585951133964,0,F
2,0,19,16,11,65.5011533194477,4,23.187644164930962,71.02875212921255,1,B
1,2,5,11,5,89.44088024450203,4,19.18011003056275,59.22798578796983,0,C
2,2,8,15,7,82.31336176080481,4,24.2891702201006,61.12294471680289,0,C
1,1,14,12,15,78.85481765790772,2,20.856852207238465,74.38478247653421,1,B
2,1,15,7,17,76.98657362227445,10,18.623321702784306,68.27545490419416,1,B
2,0,20,13,10,50.27045976123402,10,18.28380747015425,65.84231855830242,1,B
2,1,7,12,11,86.29710026575029,6,22.787137533218786,67.47759354921062,1,B
2,0,15,6,14,63.46273711845168,4,16.93284213980646,52.10972811628605,0,C
2,0,4,10,7,91.08040953273333,8,26.385051191591664,77.68400726189532,1,B
2,3,17,8,8,68.15953876455444,6,20.519942345569305,32.975551438825725,0,F
2,0,19,7,10,68.63400191148793,8,18.57925023893599,54.27773022040076,0,C
2,1,13,15,9,67.78402747034724,4,21.473003433793405,55.30629533566382,0,C
2,2,1,10,15,97.9155037429016,8,21.2394379678627,72.64652572478273,1,B
1,2,22,14,13,62.768154285893004,4,19.846019285736624,55.54584672144169,0,C
3,1,22,17,17,52.00363443351557,9,17.500454304189446,70.96073128758789,1,B
2,2,29,19,16,53.8305932149202,4,14.728824151865025,60.18143255633295,0,C
3,0,2,13,5,95.26392544051969,9,25.907990680064962,71.2878303614894,1,B
2,2,13,6,19,79.32821448568059,4,22.916026810710072,60.83271394937583,0,C
2,1,28,14,17,51.38655796784727,10,19.42331974598091,57.12313368210754,0,C
1,2,6,14,9,90.45141516743575,3,17.30642689592947,67.45428524969516,1,B
4,0,14,14,15,77.54697896410748,8,28.693372370513437,85.60516472699025,1,A
4,0,16,9,5,67.61865354145309,20,24.452331692681636,60.49249722822041,0,C
1,1,0,10,12,100.0,5,23.5,74.24368020508713,1,B
3,1,8,8,11,81.69214573323237,15,26.211518216654046,68.00239630636332,1,B
4,1,21,11,9,53.90383891835604,12,21.737979864794504,49.26746214081788,0,F
1,3,28,6,10,50.0,5,12.25,30.551611723966907,0,F
1,3,13,11,8,73.25525876838832,2,16.15690734604854,44.858859869208196,0,F
4,0,15,6,13,63.58503888357654,12,28.948129860447068,64.8247239747677,1,C
3,3,27,5,18,50.0,12,21.25,41.04279161246919,0,F
1,3,20,15,7,64.95191261943754,5,15.118989077429692,35.27127222795665,0,F
2,2,12,9,6,75.76816773326895,6,18.47102096665862,43.367776375598346,0,F
3,3,5,6,11,91.0133239407895,12,23.37666549259869,68.04464446851303,1,B
3,2,21,12,17,63.00184190880061,9,19.875230238600075,59.138857835567634,0,C
4,1,0,16,6,100.0,20,27.5,82.36938559264395,1,A
4,2,20,16,17,52.18328285204929,20,23.52291035650616,62.9907238197255,1,C
2,2,24,16,10,51.94439961402516,8,20.493049951753143,50.54282508119464,0,C
1,1,3,12,15,93.16065135409792,2,20.64508141926224,69.66247386637718,1,B
4,1,2,5,12,96.62582114760552,20,27.07822764345069,80.9725757040207,1,A
4,0,16,8,7,67.23771179142643,16,25.404713973928303,55.5161212470172,0,C
3,0,29,18,7,50.0,15,24.25,57.859890361791,0,C
4,0,1,13,7,98.00933583218323,8,31.251166979022905,80.23351353626792,1,A
4,0,18,9,5,70.89615610573247,16,23.86201951321656,65.4756870166382,1,B
4,2,19,16,13,57.55209559543753,8,25.19401194942969,56.46654241094225,0,C
4,2,22,15,9,50.0,20,26.25,43.16511170693934,0,F
3,0,21,14,13,55.160248645389366,12,21.89503108067367,55.947937088174,0,C
2,3,26,17,9,56.601813957962484,6,17.07522674474531,54.710766423204106,0,C
2,0,7,10,11,88.9781329210602,4,26.122266615132524,73.28018559405011,1,B
1,3,29,7,5,50.0,5,14.25,33.669738339808234,0,F
4,1,24,9,13,63.11223731558994,20,26.889029664448742,62.93373287512988,1,C
3,2,14,18,5,67.25093385365892,6,23.406366731707365,50.53364433836711,0,C
1,2,5,16,19,88.98469779964896,4,16.12308722495612,79.1873828497171,1,B
1,3,22,17,8,54.598849457986155,3,12.824856182248269,44.53690052277899,0,F
2,0,19,17,11,54.596982433809096,10,18.824622804226138,67.36535915602006,1,B
3,2,1,17,15,98.38990650022993,6,30.29873831252874,81.78315884935024,1,A
3,3,24,5,19,50.0,6,24.25,40.251143219310954,0,F
3,1,24,12,16,60.4808270336038,9,23.560103379200477,68.91588199226474,1,B
2,1,14,15,13,78.14704402523842,6,22.768380503154802,70.38830573336789,1,B
2,2,19,19,5,68.97481435994405,10,22.621851794993006,59.12802693040243,0,C
2,0,11,10,16,73.03965900220521,6,20.12995737527565,65.60837512624984,1,B
2,3,2,16,18,96.11913323068393,4,27.01489165383549,70.94930463967228,1,B
2,2,9,6,17,86.05903873399448,8,25.757379841749312,60.97856882596115,0,C
4,1,13,8,15,72.91274957268716,16,26.114093696585897,60.83070026365532,0,C
4,0,26,8,19,55.80743428055332,8,23.975929285069164,53.71624039101677,0,C
3,3,21,13,17,68.3564353845449,6,21.544554423068114,54.87448538613461,0,C
1,2,29,13,10,50.0,2,16.25,51.522729419062074,0,C
3,3,13,9,15,78.48677997404177,15,21.810847496755223,56.980384681415416,0,C
1,0,2,16,14,95.11502705528025,2,16.88937838191003,77.70238677878052,1,B
2,0,0,7,15,100.0,6,23.5,83.20597500245637,1,A
1,1,19,5,19,69.84707937172783,2,20.73088492146598,59.874214386305894,0,C
3,0,0,10,9,100.0,6,24.5,74.5297343549437,1,B
3,2,1,12,7,97.88915536274015,15,26.23614442034252,62.57813752170355,1,C
1,3,18,5,14,66.91397089512742,2,16.364246361890928,42.66104974055528,0,F
4,0,23,15,6,53.26070982587086,12,27.657588728233858,58.50274534303776,0,C
2,0,9,5,5,79.30439158063267,6,22.913048947579085,57.31853957476184,0,C
2,2,3,19,19,93.12219547528734,6,19.64027443441092,84.26812847962898,1,A
3,3,3,15,6,93.40603958805082,6,23.675754948506352,59.61729030640349,0,C
4,3,12,11,16,71.36734832644017,20,25.92091854080502,61.334669444394805,0,C
1,1,25,11,17,57.51598271055259,5,17.189497838819072,58.849662736377205,0,C
2,1,8,6,8,86.58206809159188,10,20.822758511448985,52.48404227372872,0,C
4,3,6,7,10,86.20390290247941,12,27.775487862809925,64.66929458608797,1,C
2,2,15,6,16,72.68665980658277,10,22.085832475822848,60.40191070234303,0,C
4,2,17,10,9,65.79289897708838,8,23.224112372136048,50.86875593091811,0,C
4,1,2,17,18,95.51209570256091,8,29.939011962820114,87.81937450661033,1,A
3,0,19,17,8,63.977285173407395,12,21.997160646675923,66.35078483716654,1,B
2,2,19,12,12,69.02691629630995,6,18.628364537038742,57.479269055271914,0,C
1,0,9,12,16,80.38488518391438,4,17.048110647989297,82.23127107347986,1,A
3,2,23,19,11,50.0,12,20.25,52.34535506877483,0,C
3,3,25,5,18,62.18006791047827,9,19.772508488809784,49.06209915397791,0,F
1,1,29,15,8,50.0,3,17.25,41.303298439350634,0,F
3,0,25,13,14,50.764872690060905,12,20.345609086257614,66.82044863601766,1,B
4,0,21,15,17,63.04848386292689,8,23.881060482865863,75.4365216150225,1,B
4,3,15,12,17,75.08457149320108,16,26.385571436650135,63.67851788012598,1,C
2,2,2,13,9,96.62392537741778,6,22.077990672177222,56.96304208897007,0,C
2,0,10,17,16,77.75026815775288,4,21.71878351971911,77.52101514629634,1,B
1,2,24,18,14,51.13131678055312,4,14.39141459756914,50.36246445765505,0,C
2,3,9,17,9,77.66961056798549,8,17.708701320998188,53.450918416181636,0,C
4,1,15,13,7,73.8515380262177,16,26.231442253277212,54.031366945059844,0,C
1,0,7,15,17,82.80167076248577,3,17.35020884531072,78.84719809396518,1,B
1,2,8,16,13,83.87912352529301,4,21.484890440661626,77.88946222173458,1,B
2,0,14,10,15,76.95563071291403,6,18.619453839114254,74.57656777702688,1,B
4,2,20,7,9,67.03641914601414,8,24.379552393251767,47.78924910240086,0,F
1,2,2,5,16,95.78286401901968,5,20.97285800237746,68.47367160424204,1,B
4,2,3,15,17,93.00573176010433,8,26.62571647001304,89.75546631815332,1,A
4,3,29,12,14,50.0,16,20.25,42.52647019071415,0,F
4,1,12,14,6,74.1324718883728,12,23.2665589860466,57.762880962147776,0,C
2,0,11,7,17,81.60681131262938,8,22.20085141407867,70.96117735135317,1,B
3,1,20,17,19,67.83319988458122,6,23.479149985572654,67.82024351864598,1,B
3,2,8,11,8,87.99801581033218,15,25.99975197629152,65.32518610069701,1,B
1,2,24,17,16,61.55694733038553,5,19.69461841629819,60.94112312790439,0,C
4,1,13,14,8,70.53723410271601,12,29.8171542628395,66.37593363970346,1,B
2,1,18,10,9,56.885528512197325,4,20.110691064024664,53.15154583128955,0,C
4,0,6,7,12,89.5578972468675,8,29.194737155858437,79.31835292541618,1,B
4,2,15,10,9,65.5765863932487,12,25.197073299156088,55.27954341003792,0,C
2,1,21,16,5,64.3241759222324,6,18.04052199027905,53.33039040456344,0,C
3,3,19,7,6,66.76383801619417,9,24.34547975202427,36.745009347583455,0,F
4,2,4,17,19,93.1033676224312,16,28.6379209528039,81.38149022115734,1,A
4,2,29,19,7,54.99983263757403,16,26.874979079696754,56.282275716354505,0,C
3,0,9,17,7,84.75344858709852,9,22.594181073387315,77.11271512891855,1,B
2,3,17,18,14,68.14976314167575,6,22.51872039270947,52.88774159685896,0,C
1,0,10,13,10,80.9453028461171,5,15.118162855764638,75.59147690897268,1,B
3,3,6,17,13,89.14320151664103,15,28.14290018958013,72.28702950661118,1,B
1,0,13,5,14,73.80857128662973,4,14.226071410828716,59.40378697383242,0,C
1,3,19,17,5,64.31803358250335,5,14.039754197812918,40.29711506003831,0,F
3,3,17,12,10,58.00380101504055,9,18.25047512688007,51.30416321385849,0,C
4,3,10,9,13,76.92649545668735,8,29.61581193208592,57.583004530669726,0,C
1,1,21,19,8,50.0,3,15.25,57.937677506457305,0,C
1,2,26,8,14,50.0,5,15.25,43.03807379275749,0,F
2,3,11,5,7,76.03826408406562,8,22.504783010508202,50.14127948646596,0,C
4,1,17,13,17,71.6665016232797,12,26.958312702909964,76.5722435715098,1,B
1,1,25,17,10,50.0,3,18.25,60.727433883805574,0,C
2,0,1,13,10,98.26402888883473,10,21.28300361110434,86.7098084822198,1,A
4,2,22,17,17,63.791675589848126,8,23.973959448731016,63.264175288392096,1,C
3,2,0,9,6,100.0,9,24.5,63.85428929100934,1,C
3,0,22,18,19,56.610934508756756,12,24.076366813594596,84.28012257054513,1,A
2,2,9,15,9,83.91889666333584,8,20.48986208291698,66.69125607903742,1,B
3,0,20,13,5,50.26545654727623,6,17.28318206840953,44.870094646103745,0,F
1,1,0,19,17,100.0,5,22.5,90.56260582187257,1,A
4,1,5,14,13,88.16728359840673,8,31.02091044980084,80.5347397744998,1,A
1,3,6,18,13,89.10136738521203,4,23.137670923151504,61.5879396983764,0,C
1,0,16,13,7,64.0139703630014,3,13.001746295375176,52.28093132696391,0,C
3,1,8,11,9,82.72126951944236,12,21.340158689930295,58.440303507595495,0,C
1,1,6,12,19,87.6292986720299,2,17.953662334003738,79.04194883850127,1,B
3,0,16,5,7,69.33080090473437,12,26.666350113091795,63.55921169421857,1,C
4,1,2,8,11,95.65778997431082,20,25.957223746788852,63.933267308909166,1,C
4,2,15,14,17,71.39082474674713,8,23.92385309334339,67.70443180590604,1,B
1,1,4,14,19,91.80759906269071,4,22.47594988283634,79.1904162769193,1,B
2,0,19,19,5,60.293767000116596,6,22.536720875014574,70.93677418311913,1,B
3,2,17,8,19,69.9549612593689,9,21.744370157421113,62.46583244370042,1,C
3,2,0,16,9,100.0,6,27.5,78.00223051240127,1,B
1,1,3,13,10,95.44584980932659,3,23.930731226165825,79.63024298212213,1,B
3,3,22,7,18,50.0,6,23.25,44.50487562114688,0,F
3,2,10,19,15,77.44016855699365,9,22.680021069624207,64.14576032397079,1,C
2,0,19,16,16,68.01292138724448,8,22.50161517340556,75.32753216960957,1,B
2,3,8,14,18,85.10361239993154,6,19.637951549991442,69.20065740047025,1,B
1,3,29,19,11,50.0,4,16.25,41.66136454383353,0,F
2,2,7,14,7,87.15934915599938,4,19.894918644499924,51.57275038348269,0,C
1,1,7,5,11,83.91230035375737,3,16.48903754421967,50.93994873111709,0,C
4,3,4,19,8,91.09831717553806,20,25.387289646942257,77.52654067048746,1,B
1,1,11,15,14,75.06125396844685,5,20.382656746055858,63.78466500077302,1,C
4,2,0,9,15,100.0,20,31.5,90.0,1,A
1,0,14,11,18,70.66788241739468,3,17.833485302174335,78.57216505158158,1,B
3,3,24,16,10,50.0,12,22.25,51.13338423650535,0,C
2,0,17,8,9,62.22711996599705,4,19.77838999574963,46.534095709990396,0,F
4,1,5,13,8,89.09383702674661,12,28.136729628343325,77.93361394823744,1,B
1,1,9,10,10,78.67168283440935,2,19.83396035430117,57.55144536788148,0,C
2,0,13,10,17,70.48742332402092,4,21.810927915502617,60.862218184358035,0,C
1,2,20,7,16,67.59082767042383,3,19.44885345880298,54.62395858195676,0,C
2,2,25,14,7,50.0,8,15.25,45.68254895159355,0,F
2,3,28,14,7,50.0,10,19.25,35.728305023906174,0,F
1,3,7,9,9,88.60997851921553,2,16.07624731490194,49.025843094635604,0,F
4,2,26,14,15,50.0,8,26.25,53.429050763713704,0,C
4,2,2,10,9,96.28317494052159,12,28.035396867565197,66.09465566139349,1,B
3,0,21,18,13,51.57446384723343,6,24.44680798090418,70.1658538234141,1,B
2,1,21,8,19,50.0,6,14.25,53.06422550014053,0,C
3,1,25,17,8,56.11894909727676,6,19.014868637159594,64.15011475872278,1,C
3,3,18,7,9,57.566601170471635,12,18.195825146308955,39.77606247191836,0,F
1,2,11,9,16,74.99082492841667,4,19.373853116052082,51.244431104472426,0,C
1,0,11,11,13,76.11696609779486,5,21.514620762224357,75.4008066998502,1,B
1,3,14,15,8,73.6111123761472,5,15.2013890470184,47.033703651686714,0,F
2,0,27,10,17,56.53372342299958,8,21.066715427874946,70.09630485574202,1,B
1,2,6,6,19,88.09661903248043,5,23.012077379060052,68.56756658631812,1,B
1,2,26,5,19,58.25266762578525,5,17.281583453223156,46.131696292631815,0,F
2,2,3,9,7,93.99955831936502,10,26.749944789920626,59.63563137294372,0,C
2,1,20,9,11,53.594134584488614,8,16.699266823061077,51.550296468967886,0,C
4,2,8,16,11,80.01889492479229,20,26.002361865599035,71.92064842089192,1,B
1,3,21,16,12,64.34181705864471,3,17.04272713233059,56.82964959236472,0,C
1,1,15,10,8,74.38212936479466,5,19.29776617059933,58.74951961538701,0,C
1,0,25,7,8,50.0,3,14.25,44.791877764863614,0,F
4,3,12,5,18,76.37129641243348,20,23.546412051554185,59.342915063545746,0,C
1,3,3,19,18,92.75258621190436,3,19.594073276488047,75.65212260583199,1,B
4,0,23,8,13,50.0,20,20.25,60.77399474306847,0,C
3,1,8,8,14,82.10857788215847,9,25.26357223526981,69.28472932053462,1,B
4,3,25,14,11,59.951157283633584,20,25.4938946604542,54.68831510677495,0,C
3,3,20,6,7,69.2824886965182,9,21.660311087064777,51.59791168696455,0,C
1,3,17,18,19,69.11503206578236,4,19.639379008222797,67.28812699117158,1,B
3,1,14,12,17,75.95782294811465,6,26.49472786851433,77.53460912987809,1,B
4,1,14,10,13,69.02767559700082,8,24.628459449625105,58.25684254526556,0,C
2,1,5,16,17,90.24633137916975,8,26.28079142239622,83.58266316434435,1,A
3,3,10,7,9,79.7685362537108,12,25.97106703171385,39.59862900623371,0,F
3,2,27,19,8,50.0,9,19.25,51.67498384498299,0,C
1,0,7,5,5,86.15046722764004,3,20.768808403455004,54.74227687250694,0,C
4,2,28,16,13,50.0,20,20.25,53.71537948849173,0,C
3,1,20,15,10,53.15359467183956,15,22.644199333979945,59.068702334206435,0,C
3,3,16,7,15,69.0986270510798,6,25.637328381384975,47.90657208063485,0,F
3,3,23,12,6,63.58808571798723,6,21.9485107147484,34.35543626120682,0,F
3,2,24,8,17,51.47907496976842,9,23.434884371221052,49.3333550330904,0,F
2,2,16,7,11,66.73021305227444,6,19.341276631534306,65.91579060660413,1,B
4,0,23,17,7,53.72867350080116,16,22.716084187600146,64.58301178590125,1,C
1,3,25,15,19,56.04876206954707,3,16.006095258693385,56.06965038028659,0,C
1,2,27,8,10,53.46036815719255,5,14.682546019649068,34.96509625095208,0,F
2,0,17,15,12,68.2141416771587,8,20.526767709644837,63.794325426399546,1,C
4,1,3,19,7,95.00131378448896,12,27.87516422306112,74.7600205143042,1,B
3,2,28,8,17,50.0,15,17.25,51.979269078413076,0,C
2,1,14,6,16,70.39455138208498,10,21.799318922760623,55.125385903224235,0,C
4,0,1,8,16,97.86760438432121,8,27.233450548040153,89.3001273972214,1,A
3,1,1,15,9,98.27520250686005,12,26.28440031335751,72.69126095345959,1,B
2,3,9,16,18,84.28123887216505,4,23.53515485902063,74.04636902241886,1,B
4,3,2,13,10,95.4252194817625,16,30.928152435220312,69.36526991706077,1,B
1,1,29,8,5,50.0,4,13.25,45.197956563633134,0,F
1,3,7,16,14,83.37374105582721,2,17.421717631978403,57.89156402023832,0,C
4,0,19,5,11,63.83339136224089,8,26.97917392028011,71.72315433051956,1,B
1,3,6,5,8,87.71603300741349,3,18.964504125926688,47.64429955965657,0,F
4,1,11,5,14,75.37344523476546,16,24.421680654345682,68.60960482102955,1,B
3,1,25,18,15,50.0,9,23.25,65.67686367370213,1,B
4,1,18,9,19,55.18662736877748,16,20.898328421097183,57.13646822604733,0,C
3,2,25,10,11,50.0,15,20.25,42.66679543393256,0,F
2,1,27,16,11,50.0,6,21.25,55.70327468365082,0,C
4,0,29,10,15,50.0,8,25.25,55.73987706188669,0,C
2,3,14,10,9,78.90240668894766,10,17.86280083611846,52.06982862775796,0,C
1,3,13,13,12,71.40593107738917,2,20.925741384673646,56.806853947536226,0,C
3,2,15,5,12,73.92100725794589,15,27.240125907243236,61.17690128829379,0,C
4,2,28,14,9,56.399319875313175,20,23.049914984414148,62.344277480109184,1,C
2,0,26,10,9,50.0,6,19.25,50.91281497573405,0,C
3,1,13,17,11,70.67185794670948,6,24.833982243338685,65.27526552163744,1,B
3,2,2,12,10,95.6811337596645,9,25.960141719958063,60.263064899271,0,C
1,3,17,12,8,68.29211367512364,5,13.536514209390456,33.16201770219938,0,F
1,2,28,16,6,50.0,4,15.25,42.768724716789514,0,F
3,2,27,19,12,50.0,12,21.25,63.349225744452994,1,C
3,1,21,19,7,53.17816971448421,15,21.64727121431053,59.58869029282873,0,C
4,2,5,7,6,89.97657883250332,8,30.247072354062915,58.34880696226429,0,C
3,0,16,17,16,66.50481356878285,6,25.313101696097856,71.02454710295005,1,B
4,3,22,9,19,50.0,8,20.25,44.970321117693715,0,F
3,1,27,14,14,50.0,12,21.25,64.51720334697173,1,C
1,3,13,8,11,79.17603169868083,3,16.897003962335106,51.23646428438258,0,C
4,0,13,16,14,76.26425885786007,8,28.533032357232507,76.32963967879203,1,B
2,0,19,5,10,63.61119592001056,6,21.95139949000132,57.01388086252347,0,C
1,2,12,13,12,78.72443356167415,2,20.84055419520927,61.5638215735969,0,C
4,2,26,9,17,50.0,8,20.25,55.35173829958319,0,C
4,2,27,6,18,51.26883737105591,8,26.408604671381987,51.70447942940499,0,C
2,3,2,16,10,96.79364082923523,6,22.099205103654405,65.78313204013031,1,B
4,0,12,6,11,79.7431778367274,12,24.967897229590925,65.15171050691896,1,B
3,1,28,15,6,50.0,9,17.25,42.21123579733357,0,F
2,2,23,11,14,51.01930053068021,10,18.377412566335025,41.537317255188974,0,F
1,3,1,8,18,98.18569128723695,4,24.27321141090462,65.5884261759448,1,B
1,2,8,5,6,85.06465669999648,5,19.63308208749956,55.648393417031684,0,C
3,0,12,9,10,76.0794019430917,12,25.50992524288646,68.98170640651118,1,B
1,1,7,6,13,84.78808976506106,5,16.59851122063263,60.9074377219887,0,C
4,0,15,19,18,68.76730165234345,16,27.595912706542933,88.72050823314889,1,A
4,3,23,11,7,50.0,12,27.25,43.83307427557979,0,F
3,2,28,19,15,50.0,12,20.25,57.29411003188254,0,C
1,0,2,13,14,95.17841604079011,2,17.897302005098766,77.76254109503822,1,B
1,3,12,17,18,81.93483809002521,3,19.24185476125315,84.9360228126263,1,A
3,2,3,5,18,92.82832158423416,15,29.603540198029272,66.75719381380839,1,B
2,1,17,16,17,62.23520400457724,4,19.779400500572155,64.73410284037615,1,C
1,0,1,6,12,98.32780654588791,2,20.29097581823599,70.67295883642501,1,B
2,2,19,15,19,66.50227763434403,6,22.312784704293,61.78769847979028,1,C
1,2,21,10,9,57.10099001755849,2,13.137623752194811,32.67724936263963,0,F
1,2,20,12,17,67.50123689298914,3,15.437654611623643,59.931550845227676,0,C
1,2,14,11,10,68.00484423243137,4,14.50060552905392,47.64289412254283,0,F
1,0,16,13,10,63.34121814044117,3,14.917652267555146,62.74656909427599,1,C
4,2,28,18,15,50.0,12,24.25,55.676454723583774,0,C
2,3,9,6,16,85.87164695524484,10,22.733955869405605,65.22932979406977,1,B
2,0,0,16,14,100.0,4,21.5,87.53081710892228,1,A
1,2,5,13,15,91.24635560377837,5,20.405794450472296,67.18752094834277,1,B
1,0,2,8,17,96.86488269736532,5,22.108110337170665,77.57827490312059,1,B
2,3,18,15,7,67.060630731096,10,22.382578841387,48.43619327328277,0,F
4,3,6,19,15,85.18598042695425,20,29.64824755336928,83.49844543226311,1,A
3,0,12,7,15,72.48486864697605,15,27.060608580872007,66.81837877029471,1,B
3,2,12,11,9,76.23600304227828,6,26.529500380284787,48.218407072636374,0,F
2,2,16,9,16,71.11471325238912,4,22.88933915654864,66.92889219423724,1,B
1,3,0,17,5,100.0,2,22.5,54.172109421267095,0,C
1,2,13,9,6,80.27424709300165,5,22.034280886625204,63.251858446413394,1,C
4,3,28,16,14,50.0,8,23.25,40.76476757595583,0,F
3,2,25,17,19,60.00889321120392,15,18.50111165140049,66.23414859448106,1,B
4,3,2,6,7,95.96192484625138,8,27.995240605781422,51.62954908395936,0,C
3,1,13,10,8,73.1440143127866,6,24.143001789098324,61.47895379133858,0,C
2,2,23,10,17,65.46113519104725,4,22.182641898880906,61.12075541912817,0,C
3,2,0,16,13,100.0,6,29.5,88.34833832098037,1,A
4,2,15,8,5,72.9679144346667,12,25.120989304333335,40.829617752999894,0,F
4,0,9,9,7,85.80498174107096,8,30.72562271763387,59.08955799304337,0,C
4,2,12,11,7,71.74733730088612,8,23.968417162610763,57.285094553017075,0,C
2,0,3,18,17,95.04414218784596,6,22.880517773480747,100.0,1,A
3,0,8,12,19,87.8003589102041,12,23.975044863775512,92.08835485937651,1,A
3,3,13,10,17,74.06902116529233,12,24.25862764566154,63.45426135691335,1,C
4,0,3,9,10,95.11024904260728,12,25.88878113032591,82.13211256056444,1,A
3,0,9,16,9,77.65819240281508,12,25.707274050351884,67.74179747755296,1,B
1,1,7,7,7,89.4271230937124,2,19.17839038671405,57.21422416662081,0,C
1,2,22,11,8,65.8736584278501,5,19.234207303481263,48.7259053115695,0,F
1,0,2,12,15,95.33343206720207,5,17.91667900840026,81.32490435719427,1,A
3,2,22,7,11,61.72546268716343,6,22.71568283589543,48.93670413557858,0,F
2,0,6,9,7,85.53041947969633,4,21.69130243496204,64.68725140957909,1,C
2,3,9,15,13,83.69976651872537,8,24.46247081484067,62.11877801757045,1,C
2,1,2,6,12,96.86043469727919,6,27.107554337159897,63.40074371066184,1,C
2,0,1,14,17,98.48940820095847,10,24.311176025119806,89.8856093323176,1,A
1,2,14,14,6,75.04405812119954,2,15.380507265149943,46.09281362332323,0,F
1,3,8,16,9,84.2101553960328,3,16.5262694245041,57.78500397849895,0,C
4,2,14,8,18,78.98577444703503,12,23.87322180587938,67.59443562953192,1,B
3,3,16,16,8,66.7022847592977,6,25.337785594912212,47.676552758733145,0,F
3,1,29,8,16,50.0,9,23.25,57.196669771746215,0,C
2,3,6,16,17,88.65907882382552,10,22.08238485297819,77.87088022625827,1,B
1,2,19,17,9,66.53319198423597,5,13.316648998029496,53.38562416676576,0,C
2,2,17,12,7,65.50623150750192,6,16.18827893843774,46.30237767856726,0,F
4,0,14,7,14,75.77828329244599,8,29.47228541155575,71.98550368293415,1,B
3,3,17,9,19,72.20802453534,9,20.0260030669175,53.29070353231505,0,C
3,2,23,15,15,50.0,12,22.25,50.571873918966205,0,C
2,0,22,9,5,58.40779037332785,4,21.300973796665982,47.46902830683109,0,F
4,1,11,6,12,82.65376614756909,8,26.331720768446136,62.655633021766434,1,C
3,2,22,13,13,61.93289939954071,6,19.741612424942588,52.272453448531536,0,C
4,0,20,8,12,63.80114103598366,20,21.97514262949796,66.87685122977093,1,B
4,2,29,13,8,50.0,8,22.25,37.750702140220156,0,F
2,3,25,13,16,61.94361263676627,4,17.742951579595783,54.71497757685681,0,C
1,0,7,6,6,86.1522535806532,5,17.76903169758165,57.552179022041365,0,C
2,3,29,13,8,50.0,10,14.25,46.85031916883282,0,F
1,1,1,13,18,97.53159959836508,5,19.191449949795633,87.2395645193395,1,A
4,3,1,6,13,98.31992498770339,8,26.289990623462923,62.15679685992956,1,C
1,0,4,15,14,91.48851701534512,2,19.43606462691814,81.30754210704708,1,A
4,2,0,17,13,100.0,20,27.5,81.402845386412,1,A
3,0,21,10,9,56.98313686239135,15,22.12289210779892,44.61224196886785,0,F
3,3,3,13,9,93.83481030245864,12,22.72935128780733,64.02940970283888,1,C
3,3,5,8,14,92.12326635070774,15,23.51540829383847,69.42574456939185,1,B
2,2,22,6,7,56.9580715276609,6,15.119758940957613,32.31119982147466,0,F
2,1,12,11,18,76.46612670448044,8,22.558265838060056,67.52322905515344,1,B
4,0,18,19,19,67.25553986544136,20,25.40694248318017,87.28487865391318,1,A
3,2,10,13,10,82.22841446312346,15,27.27855180789043,59.33561050059605,0,C
2,2,12,10,11,79.30842431060555,10,18.913553038825693,55.318501359303,0,C
3,2,7,15,16,89.45841249687732,15,23.182301562109664,75.43552926164102,1,B
2,0,6,15,19,90.98910229306617,6,21.37363778663327,89.20332609792469,1,A
1,0,12,18,14,74.92255347051287,5,20.36531918381411,88.27964990251276,1,A
1,0,0,8,18,100.0,2,17.5,81.69728887156003,1,A
3,1,5,5,19,91.66055672108399,12,22.4575695901355,76.55734222996003,1,B
4,2,6,8,16,86.8915887669262,20,28.861448595865774,70.58885157438039,1,B
2,3,15,7,13,69.5664314578083,4,18.69580393222604,47.58754066204706,0,F
2,3,29,11,11,50.0,6,20.25,40.47461540105115,0,F
1,2,26,15,7,50.0,4,13.25,47.764029579454615,0,F
1,3,14,17,16,68.82579132460046,5,17.603223915575057,69.116651567573,1,B
4,1,19,15,17,69.09494281348472,16,24.63686785168559,73.6557501593748,1,B
4,1,29,14,11,50.0,20,22.25,56.19595962430199,0,C
4,0,1,9,17,97.80607355706238,12,29.225759194632797,97.88941779474196,1,A
3,0,25,16,5,50.0,9,22.25,63.399172658382106,1,C
1,0,24,7,6,57.68481462982218,4,13.210601828727771,48.17953674859145,0,F
3,0,22,18,8,52.91345491939748,12,23.614181864924685,69.49608852649068,1,B
1,0,15,6,11,68.2258231257619,4,17.52822789072024,64.98134813086997,1,C
1,3,16,17,19,69.83503920301612,3,20.729379900377015,63.36842509630603,1,C
2,3,23,6,13,50.23933945151742,4,17.279917431439678,40.17980069829893,0,F
1,0,14,9,19,77.78626214157089,4,19.72328276769636,75.28706217639119,1,B
1,1,2,17,9,95.71298995775602,5,19.9641237447195,77.27136734999108,1,B
3,3,3,17,19,93.681953247362,9,29.71024415592025,83.58855653561781,1,A
1,1,11,12,12,81.18313152020504,4,18.14789144002563,75.06809312479263,1,B
3,1,4,12,11,90.72714552192052,9,24.340893190240067,75.20913176517261,1,B
4,2,16,18,9,62.009375995796745,16,26.751171999474593,65.33007091901862,1,B
1,2,5,16,17,91.44758026373171,3,21.430947532966464,81.40526537336015,1,A
1,0,9,9,7,85.81635024186517,3,19.727043780233146,71.03237129528468,1,B
3,1,21,17,7,55.82491526562747,12,19.97811440820343,59.83800523888226,0,C
4,3,17,6,17,66.34140204128394,20,29.292675255160493,56.23313809817597,0,C
2,2,26,17,10,50.0,6,16.25,48.2488132774643,0,F
4,2,9,8,14,79.65092502960673,20,30.95636562870084,68.9856407799846,1,B
3,1,5,11,15,87.65168680245543,15,24.95646085030693,74.63628730753008,1,B
4,2,23,18,8,54.51373445434748,12,20.814216806793436,54.21329059913907,0,C
3,2,5,10,7,92.46922460612612,9,26.558653075765765,56.82269457034876,0,C
3,3,19,14,8,60.17092444377082,9,22.521365555471352,56.83869817963914,0,C
2,1,14,11,7,69.84447779018225,10,19.73055972377278,50.81102919288731,0,C
1,2,3,9,17,93.01594508201401,3,19.62699313525175,72.22992832319905,1,B
3,1,24,6,19,59.214232453693185,9,24.401779056711646,55.61675966228701,0,C
3,2,15,12,16,69.63508549721604,9,20.704385687152005,55.543391723210306,0,C
2,3,21,18,19,59.110238491823324,6,18.388779811477917,63.58476461844306,1,C
3,1,23,16,19,50.21786939325949,12,19.277233674157436,74.19210893799209,1,B
1,2,7,6,14,89.05239855407785,3,22.13154981925973,57.240268948658226,0,C
2,3,6,16,15,85.69592240980285,10,21.711990301225356,72.14395019116652,1,B
1,2,18,12,15,63.79916672371099,5,19.974895840463873,66.05730312960674,1,B
1,1,25,19,17,50.0,2,15.25,75.28751912830276,1,B
2,2,16,11,16,70.5562058901898,8,16.819525736273725,59.43422368007009,0,C
3,1,20,7,10,56.92955570718745,12,18.11619446339843,49.09051732652449,0,F
1,1,12,17,17,70.51929820828707,2,15.814912276035884,72.29152151314403,1,B
1,2,14,8,11,65.79269133006309,5,13.224086416257887,51.50243406969048,0,C
1,3,25,17,8,50.0,5,14.25,41.29449630258407,0,F
1,0,25,11,7,61.42632898707671,3,12.67829112338459,57.130530573954,0,C
2,3,1,8,7,98.09698399902548,4,23.262122999878187,55.11788192067712,0,C
2,3,27,13,15,57.85890604891033,10,22.232363256113793,48.58953702747495,0,F
4,2,9,11,7,83.71470688052426,8,29.464338360065533,61.35574910225016,0,C
4,3,12,5,13,79.90506285887406,8,24.988132857359258,48.65811612641589,0,F
1,3,17,5,15,63.957663790097776,4,16.99470797376222,38.459290945982936,0,F
3,0,29,19,15,50.0,15,24.25,72.33625678223912,1,B
1,3,22,8,18,55.706366764205164,5,16.963295845525646,42.46982911825848,0,F
3,0,10,18,18,77.04526926702117,9,22.630658658377648,83.78762212943269,1,A
1,2,12,18,16,81.84624044072523,5,16.230780055090655,78.1633807392435,1,B
4,0,18,17,19,58.23142543613448,16,21.27892817951681,75.472385291561,1,B
4,1,28,13,7,53.005913708713415,20,22.625739213589178,48.1646947173854,0,F
3,1,23,17,7,54.8984742676902,9,23.862309283461276,59.215687793217015,0,C
1,0,24,8,12,53.37794521832396,5,14.672243152290495,58.67845837263085,0,C
3,1,29,17,8,50.0,6,24.25,51.929952515446864,0,C
4,2,28,9,11,50.0,16,27.25,53.89400032835815,0,C
1,1,23,5,7,59.63221776963676,3,19.454027221204594,45.11062650325949,0,F
1,0,21,19,12,67.08432337554278,3,14.385540421942848,78.92249398302525,1,B
3,2,4,18,7,91.39791287018062,6,26.424739108772577,64.91153258237668,1,C
2,1,2,6,9,95.99431882649358,8,23.999289853311698,56.76286961165818,0,C
3,2,18,15,5,62.817307445607504,15,25.852163430700937,55.47820971600595,0,C
4,0,22,8,16,65.98205531906001,16,23.2477569148825,68.80866130820114,1,B
4,1,12,16,9,72.69628214058466,16,24.087035267573082,69.56313212167392,1,B
4,2,4,8,10,93.07058633965082,16,26.633823292456352,67.90290765965077,1,B
4,2,11,15,11,79.81569540997594,16,23.976961926246993,75.72676867482544,1,B
4,1,13,14,6,77.53140173685814,16,30.691425217107266,62.848047508369675,1,C
2,2,5,10,6,87.77027719703975,8,23.97128464962997,66.31497670064479,1,B
1,2,29,17,18,51.60706732032303,2,16.45088341504038,56.11439099187376,0,C
3,0,21,10,13,53.12130091561845,9,24.640162614452308,61.76377604371243,1,C
3,0,8,12,19,86.0340216484917,6,26.754252706061465,85.81986583964861,1,A
4,0,16,16,19,69.20128609426705,20,26.650160761783383,80.78619263650873,1,A
3,0,7,17,14,82.52756685979514,9,27.315945857474393,85.46881658492516,1,A
4,0,25,13,5,59.98558139394608,12,25.498197674243258,53.07644582621988,0,C
2,0,12,18,6,71.4236892269611,10,23.927961153370138,59.77719965157878,0,C
2,1,28,5,6,50.0,6,21.25,42.38571184542909,0,F
1,0,4,5,19,91.20709082028289,5,16.40088635253536,81.47688942636319,1,A
2,2,28,19,17,57.721058687410945,8,17.21513233592637,57.551068583050366,0,C
2,1,21,10,19,51.26322973533261,8,21.407903716916575,57.97810560119933,0,C
1,2,21,8,14,50.0,3,18.25,37.991202863845,0,F
3,0,16,15,11,60.30505348979306,9,22.538131686224133,68.91847267706157,1,B
4,0,2,8,10,95.32136850449982,16,27.915171063062477,82.44093836994685,1,A
4,2,27,5,13,50.0,16,26.25,40.07030454098809,0,F
3,2,5,13,15,89.05675161653035,15,24.132093952066292,63.33180844628555,1,C
1,2,13,16,19,74.19332934455458,3,21.27416616806932,73.05879188976911,1,B
3,3,14,15,11,74.05774310668201,9,22.25721788833525,60.375767572593205,0,C
2,3,13,7,7,72.35645558904062,4,21.044556948630078,36.70021115992717,0,F
1,3,10,19,7,77.30167560358224,4,17.662709450447778,54.060307261237114,0,C
1,3,10,9,5,78.64099213321808,4,16.83012401665226,39.535238580709205,0,F
1,1,8,14,12,81.3873730588303,3,20.173421632353786,68.69373305809974,1,B
4,0,5,5,5,91.61812512699963,8,31.452265640874955,68.02502758654519,1,B
3,2,14,12,15,73.76827627755577,15,26.22103453469447,68.00131414999159,1,B
1,0,11,7,18,80.06155605992348,5,18.007694507490434,74.87752319365832,1,B
1,2,28,18,6,52.56444008930164,4,11.570555011162705,39.811099957424155,0,F
1,0,5,19,15,90.28412836257324,2,21.285516045321657,84.12430636585773,1,A
3,1,0,5,16,100.0,6,30.5,80.56968610569841,1,A
4,3,24,14,11,51.087800999028104,20,26.385975124878513,43.236839604175586,0,F
2,0,15,10,5,73.20392684944532,8,20.150490856180667,54.54186345307711,0,C
4,2,19,5,16,64.77284825224228,12,25.096606031530285,56.70766042298261,0,C
1,0,14,19,8,70.41694003596021,2,14.802117504495026,59.093263014944704,0,C
4,1,1,19,13,98.14725325818692,12,28.268406657273367,82.89757089253587,1,A
4,1,16,7,12,67.3864524332693,16,29.423306554158664,63.4947315119565,1,C
2,0,2,9,19,96.45168021309435,10,24.056460026636792,78.52445101540651,1,B
3,3,2,8,15,96.30813745819962,6,24.03851718227495,60.26780712170421,0,C
3,2,4,11,18,91.17708856465455,9,29.39713607058182,78.2893518576115,1,B
4,1,16,10,17,66.64610637369779,8,27.330763296712224,59.79007143929098,0,C
4,1,22,16,12,64.94328900710565,8,29.117911125888206,70.22158664409923,1,B
3,0,28,7,16,50.0,6,24.25,57.88905930742309,0,C
3,1,16,15,7,75.21060923265784,12,23.40132615408223,63.189939961186255,1,C
2,1,19,12,9,69.92414812664839,6,16.74051851583105,48.243858428247975,0,F
1,2,5,12,19,88.99306975629433,2,20.124133719536793,72.80155714366975,1,B
4,3,0,18,8,100.0,12,26.5,63.81519317343751,1,C
3,2,6,6,15,90.88638680063937,12,25.36079835007992,57.71959070752513,0,C
4,3,25,11,16,50.0,8,20.25,48.045071077230425,0,F
4,2,14,18,12,78.53435979312961,8,24.816794974141203,70.53886946484722,1,B
3,0,6,5,15,85.23538003665983,6,21.654422504582477,59.82462281166512,0,C
2,1,18,6,11,60.469433311007165,6,16.558679163875894,47.15354527557362,0,F
4,3,19,12,18,67.95501607490192,12,24.49437700936274,62.60244600648848,1,C
2,0,21,16,11,65.1797994486312,4,22.1474749310789,68.80740845378655,1,B
3,1,29,5,14,50.0,9,21.25,48.43610906177107,0,F
1,1,10,6,14,78.664812743634,3,14.83310159295425,58.28347528890071,0,C
1,1,22,16,11,50.0,2,12.25,58.18399753933913,0,C
4,2,13,5,5,68.7568250602237,8,25.594603132527965,42.56303386250461,0,F
3,0,12,9,17,77.28959867130152,15,25.66119983391269,82.06649990794163,1,A
2,0,19,11,19,55.4623879949417,10,20.932798499367713,68.13222684870745,1,B
4,1,25,10,11,50.0,8,23.25,44.03664333073837,0,F
3,3,26,10,8,50.0,12,18.25,37.66193351580962,0,F
3,0,24,10,16,50.0,6,21.25,52.71750064825076,0,C
2,2,8,12,7,87.17444030924277,4,20.896805038655344,61.041253753180015,0,C
4,3,8,9,17,85.8769079541399,8,26.734613494267485,73.00142877184392,1,B
3,3,15,19,16,65.24855971882917,6,23.156069964853646,62.758398489997234,1,C
3,3,11,14,17,77.9551327782885,6,25.74439159728606,64.02501409256746,1,C
3,3,9,11,19,78.32760907166116,6,20.790951133957645,67.26483138113744,1,B
2,0,5,7,9,92.05648133058544,4,20.50706016632318,69.09343365005073,1,B
4,1,17,13,6,69.17198221333923,8,24.646497776667402,68.93591081658758,1,B
4,3,1,14,12,98.14445010719596,20,30.268056263399494,73.7612287012753,1,B
4,2,26,7,16,50.009271609197995,20,22.251158951149748,52.3384642153829,0,C
4,2,19,18,16,52.75041902027928,20,22.59380237753491,69.8465415574451,1,B
1,1,8,18,13,85.5146982874544,4,22.6893372859318,69.74897647648386,1,B
1,0,18,10,9,63.663715846622196,3,12.957964480827775,59.381937997426846,0,C
4,1,5,7,7,89.81964338064499,16,27.227455422580626,62.24526475660198,1,C
2,3,1,5,14,97.72920206139263,8,21.21615025767408,58.89568996429645,0,C
1,0,14,5,11,71.74983408279869,2,17.968729260349836,60.66728640663165,0,C
3,0,16,7,5,66.30820159007183,15,24.28852519875898,51.40324382490727,0,C
1,3,15,8,14,66.20007923858633,2,18.275009904823293,44.81507925990428,0,F
3,2,27,18,7,56.76943587364148,6,23.096179484205184,51.15303196607483,0,C
4,3,20,6,13,50.730557529500615,20,20.34131969118758,40.80528464184777,0,F
1,1,7,13,6,83.57587076744386,2,20.446983845930482,57.96002718918219,0,C
2,3,9,19,15,83.00104647739204,6,18.375130809674005,71.98218064295911,1,B
1,2,9,15,18,79.94424169833631,3,21.99303021229204,65.2345544508445,1,B
1,3,17,12,13,61.54047322505131,4,17.692559153131413,38.300559166887695,0,F
1,1,9,16,15,78.84778195525908,5,18.855972744407385,72.02454482984024,1,B
4,1,8,17,5,86.49346539892758,12,25.811683174865948,73.06668323217284,1,B
2,2,27,7,8,50.0,8,20.25,40.2100863623706,0,F
1,1,23,11,16,64.73316779789548,2,18.091645974736934,62.50597788400131,1,C
2,1,18,8,14,70.91957576703014,8,18.86494697087877,58.66591137356394,0,C
4,3,0,9,17,100.0,16,28.5,75.28792569735015,1,B
3,0,3,8,10,93.06099098835472,9,27.63262387354434,72.67124100712036,1,B
1,1,23,13,19,51.873961601135015,4,12.484245200141878,59.76884211418184,0,C
2,1,2,15,17,95.8366280516322,10,25.979578506454025,73.07885008341016,1,B
2,2,9,11,11,79.75439714468862,4,20.969299643086078,56.48114399881797,0,C
4,2,11,17,19,73.53306695702429,20,27.191633369628036,67.99890064813783,1,B
1,3,17,8,19,67.34104209525029,2,14.417630261906286,62.21669992670648,1,C
3,3,22,17,7,64.47393539063833,15,21.05924192382979,56.43004818495179,0,C
2,1,19,12,13,55.55901169588153,4,18.944876461985192,60.964853940687874,0,C
1,0,5,6,8,90.79177927014624,5,21.34897240876828,62.81777951253051,1,C
3,0,20,11,9,67.3242845357882,6,23.415535566973524,61.01896764675559,0,C
2,3,1,15,12,97.88538359985716,6,22.235672949982145,62.62314753192538,1,C
2,2,9,5,19,81.2972446730948,8,19.162155584136848,56.98274582672845,0,C
3,1,1,12,16,98.02575379349761,12,26.2532192241872,81.60730246615655,1,A
3,1,29,17,19,50.0,12,21.25,65.00801236010413,1,B
4,0,8,18,18,85.82219331677305,16,29.72777416459663,95.20558995159553,1,A
1,3,26,16,7,60.65588310260612,2,16.581985387825764,46.141320394194715,0,F
1,0,9,18,12,83.58878152952019,5,19.448597691190024,77.78977540585906,1,B
4,0,1,17,18,98.49029403959787,20,31.311286754949734,100.0,1,A
2,3,7,19,18,85.69486152372212,6,23.711857690465266,69.02021017133244,1,B
3,2,23,10,15,56.800289264223494,12,23.100036158027937,47.596379605097155,0,F
3,1,16,16,5,62.97691614628663,12,24.872114518285827,60.151262378867145,0,C
3,2,16,9,12,63.23863436014692,9,19.904829295018367,53.67501440705529,0,C
2,3,28,13,18,50.0,8,18.25,54.53309606274041,0,C
3,3,3,13,17,94.85054417924253,9,27.85631802240532,65.74147016414065,1,B
3,1,17,7,19,67.31869227898095,12,21.41483653487262,60.71408605284134,0,C
4,2,11,13,15,76.44550494202008,20,25.55568811775251,71.38999237424439,1,B
2,1,16,17,15,72.95670429483349,6,22.119588036854186,74.24696184755017,1,B
1,0,8,19,19,81.81562707543758,5,15.226953384429697,96.8054183329054,1,A
4,0,28,17,16,50.0,16,26.25,66.36810540459008,1,B
4,0,18,13,14,56.22081409148664,20,25.02760176143583,79.46973172877797,1,B
1,2,13,6,12,73.8456831064301,5,21.230710388303763,54.22567411987126,0,C
4,0,13,9,10,69.48735505631362,8,28.685919382039202,68.66562931698897,1,B
2,1,29,15,9,50.0,8,17.25,55.20071698004489,0,C
3,2,16,6,13,67.1263704995402,6,25.390796312442525,46.805332434913666,0,F
2,1,1,5,10,97.81786986651488,6,20.22723373331436,62.30327890825343,1,C
1,3,7,11,19,83.81956213404567,2,22.47744526675571,64.41917603522653,1,C
1,2,4,8,5,91.42196998236105,4,20.42774624779513,46.447874703774254,0,F
4,1,26,9,16,50.0,8,26.25,46.610908475278414,0,F
2,1,6,8,10,89.85720901324292,4,23.232151126655367,61.36549884436981,0,C
2,2,21,10,5,62.67215265212917,8,22.834019081516146,47.50446056335804,0,F
1,3,28,15,10,51.56776099555541,5,16.445970124444425,39.66619807795367,0,F
2,2,15,6,7,65.52545218278136,6,17.19068152284767,41.198146807034284,0,F
1,0,15,12,10,76.20807161714387,2,20.526008952142984,65.5143342647898,1,B
2,0,16,8,17,63.26618884093235,8,16.908273605116545,69.76429123383528,1,B
2,3,21,12,10,60.33011170389505,4,17.541263962986882,45.79422781995424,0,F
2,1,26,7,5,58.932813787547715,6,15.366601723443464,46.166632857475165,0,F
1,1,6,16,17,88.45344243084122,3,16.056680303855153,85.19721182993875,1,A
4,1,19,16,13,65.79045628985682,12,29.223807036232103,63.87506000812988,1,C
2,2,7,15,12,85.35633472052146,4,25.669541840065182,57.48361643447201,0,C
1,2,7,9,19,86.19231356834331,5,20.774039196042914,66.93798290224926,1,B
1,3,22,16,19,60.470897396056294,5,12.558862174507038,63.727691854085236,1,C
2,0,10,7,6,76.37734055594484,10,24.547167569493105,62.81323336597456,1,C
2,1,14,16,6,73.30450005216204,8,22.163062506520255,60.16991972181199,0,C
4,0,17,19,9,66.49827013936977,20,24.31228376742122,84.41899120985146,1,A
1,2,5,17,19,88.26685737623771,5,19.033357172029714,82.70800512304615,1,A
1,2,21,11,14,66.62981122477555,3,16.328726403096944,51.63040029479329,0,C
3,2,11,19,6,79.2111754404448,12,25.9013969300556,71.09646445182818,1,B
1,0,14,7,15,73.36000638860254,3,17.170000798575316,56.735993738304,0,C
4,3,27,19,5,50.0,8,25.25,45.116827343320296,0,F
3,3,22,16,6,64.66534696809308,6,26.083168371011634,45.17930541559139,0,F
3,2,5,12,9,91.98669939375225,9,22.49833742421903,65.08166308506374,1,B
3,1,17,13,15,67.42092875197943,12,23.42761609399743,70.55436717789384,1,B
2,0,23,17,19,64.74033280802527,10,16.09254160100316,83.11490435783618,1,A
2,2,19,16,14,66.65529717786693,10,23.331912147233368,64.32691907500308,1,C
1,0,8,6,18,86.3905859698275,4,20.798823246228437,73.09902524344082,1,B
3,0,7,7,11,86.07429617073498,15,25.759287021341873,63.00211101918461,1,C
4,3,13,16,9,80.35492575616325,20,30.044365719520407,56.30151182128837,0,C
2,2,18,17,5,60.83679789524854,6,22.604599736906067,37.52212263309147,0,F
4,3,18,11,11,57.59942847164675,8,22.199928558955843,45.22906349847919,0,F
4,2,7,9,10,84.55280937232487,16,31.56910117154061,67.88363154789222,1,B
2,0,1,14,11,97.681921830638,8,25.21024022882975,70.94151090383171,1,B
2,3,24,11,6,50.0,10,19.25,40.427333663832314,0,F
2,0,3,6,9,93.97789889683257,10,26.747237362104073,77.5257987818824,1,B
2,2,5,18,18,91.40489201345166,4,21.42561150168146,81.3301413663253,1,A
3,1,2,18,12,96.44074730463427,12,29.055093413079284,92.59287040624595,1,A
3,3,2,8,17,96.36458399256097,9,26.04557299907012,67.47480405196075,1,B
3,3,18,5,16,72.31568194960329,6,20.03946024370041,43.15802592637258,0,F
3,0,10,19,11,75.869112285881,9,20.483639035735123,75.82457853965627,1,B
1,0,28,9,10,50.0,2,12.25,56.72167765521018,0,C
3,1,9,12,17,85.5299993542304,9,25.6912499192788,73.83522496067987,1,B
2,3,11,5,10,77.37637077894942,6,20.672046347368678,47.27724880741527,0,F
4,2,13,11,16,74.42066317535013,12,30.302582896918764,68.64284361760164,1,B
3,2,29,11,5,50.0,12,19.25,45.55203728630194,0,F
1,3,29,11,5,50.0,5,15.25,22.42243582039977,0,F
2,3,27,19,11,56.143311368158066,8,19.01791392101976,59.20716601603746,0,C
4,3,17,5,7,63.27868003564947,12,26.909835004456184,33.121486805221174,0,F
4,1,23,16,10,51.495937009011136,20,27.43699212612639,68.31138168165907,1,B
3,2,8,15,16,83.75021089620955,9,28.468776362026194,71.94370184237624,1,B
4,2,14,7,9,73.36631226797482,8,26.170789033496852,49.109347929141805,0,F
3,0,23,15,7,50.0,15,19.25,61.33761371270906,0,C
3,0,25,6,10,50.0,12,23.25,56.84442162067139,0,C
2,3,2,19,7,95.82983005016015,6,25.97872875627002,65.22264262802865,1,B
2,0,22,19,12,66.85968784411244,10,19.357460980514055,72.94872637886165,1,B
1,1,10,9,18,80.67876757830227,4,18.084845947287782,66.34972223692753,1,B
2,2,9,6,19,80.19694244304911,4,18.02461780538114,58.990060492480495,0,C
2,2,17,17,11,72.50599800891862,6,24.063249751114828,65.64502689774334,1,B
3,0,3,18,13,94.28035115028477,12,29.7850438937856,89.63886638546799,1,A
2,3,27,9,9,54.32341895327877,10,16.790427369159847,44.30313135823486,0,F
3,0,12,9,16,77.94228415421418,6,24.742785519276772,69.04150746427409,1,B
3,3,29,8,19,55.72659308342513,9,20.965824135428143,53.06887981787797,0,C
2,1,28,15,5,54.45149329658282,8,15.806436662072851,53.09977039594852,0,C
1,2,5,11,15,90.22621574930369,2,18.27827696866296,65.88435365121849,1,B
1,1,26,14,14,50.0,2,12.25,52.675963193462565,0,C
4,2,20,10,19,60.18836756798279,16,25.52354594599785,64.21707689196172,1,C
4,1,12,6,15,76.56307037550539,12,25.570383796938174,60.90581423784759,0,C
2,0,24,19,12,50.0,8,14.25,62.82753894333536,1,C
1,1,25,8,6,55.804248076601105,2,18.97553100957514,35.406422736404224,0,F
3,1,19,17,10,69.69369376472773,6,21.711711720590966,60.7218331744853,0,C
4,0,4,18,5,93.16170951865328,20,29.64521368983166,77.84249304316545,1,B
3,2,19,15,10,56.46528409796363,9,18.058160512245454,47.225904361145766,0,F
4,2,13,11,8,71.69837697378296,16,26.96229712172287,47.45846217150316,0,F
2,0,12,13,9,80.90160181295157,6,23.112700226618948,62.0145853662034,1,C
1,1,13,13,19,71.82778891631516,3,15.978473614539395,74.43876971657282,1,B
4,1,7,16,14,82.97913960580937,8,28.37239245072617,76.1987865614113,1,B
1,1,15,7,11,76.82567565997965,5,16.603209457497456,63.56919917101848,1,C
3,3,12,5,17,74.60298284898597,12,27.325372856123245,60.06747468963444,0,C
2,2,23,13,10,56.779214894993025,8,22.09740186187413,47.80649768554439,0,F
1,1,14,12,5,71.98555957381092,5,13.998194946726365,48.782495270038915,0,F
2,2,18,11,13,63.49278131238362,10,17.93659766404795,55.269067382569816,0,C
1,1,0,10,10,100.0,2,21.5,68.53272323997024,1,B
3,0,21,18,10,56.80273708476829,6,22.100342135596037,68.35819333883535,1,B
3,0,1,19,13,97.90691437187489,12,28.238364296484363,82.80937651166198,1,A
2,2,17,14,16,68.84049865587923,10,22.605062331984904,66.39942880010946,1,B
3,2,18,11,14,70.73298463988304,9,24.841623079985382,67.93197155558107,1,B
4,0,7,15,9,84.72087366604717,12,28.590109208255896,75.27104097918357,1,B
1,3,2,13,15,96.99903571904309,5,18.124879464880387,71.89557562964185,1,B
3,0,22,10,19,59.768222271211876,12,19.471027783901484,63.15122689546132,1,C
4,1,25,19,10,57.0489011393835,12,22.131112642422938,60.39064966858942,0,C
2,3,13,18,10,75.44906527017034,6,20.431133158771292,54.618491744848896,0,C
4,0,25,18,11,54.71829932340436,20,27.839787415425544,78.45259286231165,1,B
2,3,8,14,13,82.36626336198194,4,23.295782920247742,70.87013569676732,1,B
2,3,28,7,9,50.71423058357978,6,16.33927882294747,30.14114987660375,0,F
1,3,7,17,9,85.57474758088776,2,22.69684344761097,67.24645596766071,1,B
1,2,16,18,8,68.70767311907302,3,14.588459139884128,59.42996071331788,0,C
4,0,22,7,14,50.0,16,24.25,55.56446170000183,0,C
1,2,22,8,8,57.58196526703235,2,19.197745658379045,48.06653438247621,0,F
1,2,23,14,16,50.0,4,15.25,49.46838721156608,0,F
1,1,15,17,12,77.4978134858912,2,15.6872266857364,65.84538614354133,1,B
4,1,9,18,17,81.05647280314915,20,29.132059100393644,80.56761117699385,1,A
3,3,20,19,6,69.80386012931672,15,20.72548251616459,60.24948361083017,0,C
1,3,9,18,14,80.07459108990872,3,19.00932388623859,59.85581637767787,0,C
1,1,24,14,12,58.361862356123,4,19.295232794515375,56.82907385889907,0,C
4,1,24,12,6,54.880449957444895,8,21.860056244680614,46.72415699267153,0,F
3,0,23,14,19,56.74993717170941,12,24.093742146463676,70.50372591668207,1,B
1,3,5,13,5,88.26788790820055,4,21.03348598852507,52.18519640889069,0,C
2,3,21,18,14,66.35605202124796,6,19.294506502655995,56.84715966765974,0,C
4,1,16,12,17,65.3296487463958,20,25.166206093299476,78.45945233760114,1,B
1,0,28,15,19,50.0,2,17.25,68.8069512320781,1,B
1,1,15,14,13,77.16423356293585,3,19.645529195366983,68.04826559495984,1,B
2,1,14,6,15,65.47748121733457,8,23.18468515216682,55.19138425014197,0,C
2,2,21,8,12,68.11350069218567,10,19.514187586523207,46.193308747366586,0,F
4,3,13,8,10,69.56505704003219,20,29.69563213000402,47.66858844381146,0,F
4,0,3,16,8,92.61626674102267,8,25.577033342627836,79.20560003123693,1,B
2,2,3,6,6,92.52091785318424,10,26.56511473164803,56.10663254622233,0,C
4,3,29,17,12,50.0,16,23.25,52.194028268229516,0,C
2,1,1,12,7,97.63304249374978,10,24.20413031171872,78.81441833856968,1,B
1,0,28,7,14,54.57449279517106,4,16.821811599396383,52.3628392670242,0,C
2,3,10,6,8,80.74615661385738,4,24.093269576732173,52.64144458364868,0,C
2,1,29,11,9,50.0,8,14.25,46.099980589646876,0,F
3,2,3,19,17,94.31446884817876,15,26.789308606022345,87.29198686109413,1,A
2,0,20,5,8,55.96038295471216,10,18.995047869339018,47.97662111515503,0,F
2,3,28,19,15,55.55055439880285,4,21.943819299850357,62.36344923332142,1,C
3,2,27,10,12,50.0,6,22.25,40.84300378171787,0,F
4,1,20,17,13,57.2986568192616,20,26.1623321024077,71.89631312230185,1,B
3,1,15,17,18,64.39723620141606,6,20.049654525177008,80.24207555782984,1,A
1,3,20,7,18,53.40608869522442,4,17.67576108690305,43.21129638751593,0,F
3,1,3,17,18,93.20200736788358,9,27.65025092098545,73.3277059399866,1,B
1,0,0,7,5,100.0,4,19.5,61.35374576019876,0,C
4,3,29,19,6,50.0,16,23.25,44.72218133255922,0,F
3,2,25,9,16,54.296290594637334,6,22.787036324329666,52.63196102396381,0,C
3,3,23,18,8,62.90240033609768,9,20.86280004201221,58.233757037680576,0,C
4,3,18,7,5,66.82617628444174,20,29.353272035555218,42.07202119033119,0,F
1,2,1,16,15,97.85519696269182,2,24.231899620336478,75.47774312885896,1,B
3,1,8,8,10,86.15498857102284,12,23.769373571377855,68.66891803383868,1,B
1,2,22,17,19,57.218900557103986,3,19.152362569637997,62.21616384088615,1,C
3,0,24,17,16,54.29213815291239,6,24.78651726911405,70.21423292655382,1,B
2,1,12,19,9,81.37044444632306,8,19.171305555790383,69.92535355528932,1,B
3,3,17,7,17,63.82259700049239,12,20.977824625061547,59.00015103492969,0,C
4,1,15,11,11,68.217296465612,20,25.527162058201498,64.97420361413447,1,C
4,1,15,7,16,63.00378242129493,20,21.875472802661868,67.91926547411187,1,B
1,0,24,18,10,56.84787480084455,3,16.10598435010557,65.11557931846312,1,B
3,1,9,14,18,82.72944074222181,12,24.341180092777726,85.30947324249738,1,A
1,1,8,8,18,84.7708990212047,4,16.596362377650586,74.26001669463676,1,B
1,1,10,6,7,75.80256099014221,5,14.475320123767776,55.01702630974704,0,C
2,3,24,6,9,54.19241643065749,8,15.774052053832186,36.03959802893303,0,F
2,1,25,13,7,51.43089639485103,10,21.42886204935638,42.00857816793765,0,F
4,2,28,15,13,50.93435304263109,16,26.366794130328884,48.47374856343404,0,F
1,1,25,5,6,62.4707963393988,5,15.80884954242485,37.10202710847938,0,F
4,0,3,5,10,95.1686479858739,20,32.89608099823424,81.29408895398424,1,A
3,1,9,14,13,80.16499763715422,9,25.020624704644277,75.14670074736428,1,B
1,1,2,5,14,95.63500881324872,4,18.954376101656088,66.0654464939002,1,B
1,3,5,18,11,90.88734713577564,4,21.360918391971957,74.47780250871912,1,B
3,2,2,7,9,96.05398754450604,15,28.006748443063255,69.60389292360298,1,B
3,1,26,6,6,53.268161772111775,12,19.65852022151397,44.419696290678964,0,F
4,2,8,7,6,82.15266889153685,20,25.269083611442106,59.126040857720454,0,C
4,0,2,18,8,95.31500129978718,12,25.914375162473398,87.2488454754607,1,A
3,3,17,9,14,59.215210024856916,9,25.401901253107113,41.02645491206104,0,F
4,2,7,13,16,88.28290075005215,20,30.035362593756517,77.78124211001041,1,B
3,3,21,6,6,53.904648421474384,6,21.738081052684297,33.20364590378274,0,F
1,1,7,16,16,82.75896726008588,3,16.344870907510735,75.33579132988419,1,B
1,0,14,15,17,69.89143614216184,4,17.73642951777023,71.1981097580057,1,B
2,3,12,19,17,77.78831027678669,10,22.723538784598336,62.35009241272917,1,C
1,1,6,18,12,87.18432180519581,5,16.898040225649474,72.04984017709083,1,B
3,2,18,5,14,60.608331058223186,9,24.5760413822779,52.78912473609436,0,C
4,0,7,15,11,86.72066890097724,20,30.840083612622156,86.28824804864706,1,A
2,0,9,10,11,85.56408144506925,6,18.695510180633654,62.77026026097524,1,C
4,2,16,7,7,66.29344211967643,20,28.286680264959553,53.20038733194142,0,C
3,2,0,17,11,100.0,9,26.5,71.41260824382975,1,B
1,0,12,11,12,70.0290821949273,4,15.753635274365912,63.30438400714968,1,C
2,3,28,10,9,51.75436740503762,4,18.4692959256297,40.28886529193997,0,F
3,0,25,15,5,50.0,6,23.25,51.30710667018485,0,C
2,2,12,11,19,81.66348159800711,4,22.20793519975089,62.004277150720654,1,C
2,3,23,17,5,50.0,4,21.25,26.16128271391979,0,F
1,1,15,17,16,77.3115330771343,3,14.663941634641787,68.9691670655212,1,B
3,0,28,9,15,50.0,15,21.25,57.92218191191261,0,C
4,2,8,5,18,87.38877781619014,8,27.92359722702377,67.99962901198258,1,B
2,1,9,18,8,80.91128834552738,10,21.113911043190924,67.80766832190156,1,B
2,0,5,7,6,90.80250102195988,6,19.350312627744984,61.664082106956236,1,C
4,0,4,7,11,91.06822427467816,12,26.38352803433477,70.57822043025912,1,B
3,3,1,11,17,98.01362193333195,6,24.25170274166649,67.08774272356446,1,B
2,2,10,19,7,80.80596583648035,8,22.100745729560046,74.52621457037918,1,B
2,1,8,18,16,85.21186920708166,4,24.651483650885208,81.90769241742552,1,A
2,0,5,17,8,92.06935416492674,10,23.50866927061584,75.76744105522553,1,B
3,3,7,7,13,88.06622603124549,6,22.008278253905686,45.76067389997826,0,F
3,1,8,15,6,82.88717996009211,9,27.360897495011514,67.3965410931782,1,B
4,1,8,9,16,84.0259866516899,12,27.503248331461236,80.15373137348303,1,A
3,0,7,8,12,89.00937383876108,15,22.126171729845133,77.2777006591373,1,B
3,1,11,8,5,77.5165311059616,15,21.6895663882452,68.83991308771783,1,B
1,0,25,17,7,61.14643346377293,5,15.643304182971615,58.47952564285945,0,C
4,3,7,11,8,85.91791136736009,8,31.73973892092001,58.99817890945131,0,C
2,3,2,5,18,95.07007710620222,4,23.88375963827528,55.29977045438139,0,C
3,1,12,11,10,78.31186535523517,12,21.788983169404396,55.79244988189828,0,C
2,0,18,19,5,59.97694350444084,10,21.497117938055105,62.46460318586503,1,C
2,2,1,12,18,97.75444795940803,8,26.219305994926003,84.5933135853564,1,A
1,3,16,7,12,69.52224746542177,4,15.690280933177721,52.85424649364674,0,C
3,0,15,19,6,68.60061773830135,9,20.57507721728767,68.52611310566562,1,B
4,0,3,7,9,94.08386172790739,16,28.760482715988424,69.52353741973332,1,B
3,0,17,8,10,69.68282866491629,9,22.710353583114536,50.13221088017856,0,C
2,1,13,19,12,70.68835276239298,10,16.836044095299123,67.80300584011397,1,B
4,2,29,17,7,50.0,12,23.25,49.16423710191883,0,F
3,1,1,10,16,97.59945113542678,15,30.199931391928345,79.12582254456312,1,B
2,3,12,18,13,74.58248584408477,4,19.322810730510596,52.140444391550446,0,C
2,1,26,11,16,50.89327632889891,8,16.361659541112363,55.81444566757665,0,C
1,0,26,5,9,50.0,5,17.25,42.986619798346595,0,F
1,1,20,19,12,57.61927540882716,2,15.202409426103394,63.788587171191196,1,C
1,0,19,17,8,59.78433033678794,2,16.473041292098493,56.83861627353077,0,C
2,2,16,8,16,62.40259588754846,10,18.800324485943555,52.156498021108426,0,C
3,1,14,16,13,66.25344045754267,9,23.281680057192833,67.06917426368183,1,B
1,1,24,11,12,59.6742000538795,5,15.459275006734938,56.20477111346644,0,C
3,1,29,15,9,50.0,12,18.25,51.101520095858156,0,C
1,0,19,6,7,59.14419168161672,2,15.39302396020209,42.86427895425042,0,F
4,0,4,5,5,91.77111506516151,12,26.471389383145187,58.755655249177714,0,C
4,1,6,5,19,87.08604298300324,20,28.885755372875405,76.31082413642402,1,B
1,1,17,14,9,67.1387518114378,5,20.392343976429725,56.84202894413548,0,C
2,2,23,18,9,56.01390268453086,4,18.00173783556636,60.653060368712204,0,C
1,2,10,18,8,83.82346094740265,5,19.47793261842533,64.21819802016566,1,C
1,3,17,10,14,63.89797991822298,4,18.98724748977787,48.45127418252216,0,F
2,2,26,16,14,56.429573033311016,6,17.053696629163877,60.91653859925344,0,C
4,2,25,9,12,50.0,16,25.25,52.73255784639133,0,C
3,2,4,5,7,90.13171102708007,6,29.26646387838501,51.99298990775269,0,C
1,0,12,14,16,78.92304607028446,3,20.865380758785555,86.31038538786696,1,A
2,2,27,7,14,55.66188775556067,4,14.957735969445084,55.31304170163226,0,C
1,2,17,19,13,74.08902083022413,2,18.261127603778014,64.38966956891454,1,C
2,1,1,15,7,98.12117281365467,8,27.26514660170683,74.85193383217334,1,B
3,0,19,11,8,67.42238988171903,9,20.42779873521488,62.217363650593775,1,C
3,3,3,16,10,94.02442173056819,6,22.753052716321022,62.1396782927563,1,C
4,3,12,13,13,75.708327664087,16,30.463540958010874,61.2729641322443,0,C
2,2,23,17,14,57.46546187932666,8,20.18318273491583,54.12102858335207,0,C
2,3,28,13,6,50.0,6,20.25,35.788684780881574,0,F
4,3,15,19,6,63.92789993931677,20,24.990987492414597,54.29213189190648,0,C
4,3,5,10,6,91.44238451103362,20,26.430298063879203,60.36515184464341,0,C
2,2,25,7,9,50.0,4,14.25,38.70547219712381,0,F
4,3,7,5,10,88.58168470171235,20,31.07271058771404,56.470375040860304,0,C
3,2,15,7,7,74.06946723184754,9,20.258683403980942,54.6172284517518,0,C
1,1,12,14,7,75.26301176519458,5,18.40787647064932,55.39589161103421,0,C
3,1,22,6,6,60.25520724737657,9,24.531900905922072,42.90991446813901,0,F
4,3,28,15,15,56.83209786351231,8,24.104012232939038,49.77524900484879,0,F
2,1,25,9,10,55.12819645725536,10,17.89102455715692,57.13698275231617,0,C
2,2,3,12,5,92.78538943420929,6,22.59817367927616,59.20655811560802,0,C
3,1,1,9,13,98.32577683807818,9,27.290722104759773,74.40729851479351,1,B
2,3,8,5,19,81.88999296125779,6,22.236249120157225,64.2959240893888,1,C
4,2,17,7,15,62.22120589792382,16,28.777650737240478,47.587598883413634,0,F
3,0,16,16,14,74.30040294297213,6,23.287550367871518,70.95919787635395,1,B
2,2,7,9,8,87.19389924791294,6,24.89923740598912,57.199546559128024,0,C
1,1,25,11,18,57.76609277153225,4,12.22076159644153,56.61705458477995,0,C
1,0,14,9,6,78.6758974632942,4,19.834487182911776,64.34682817538825,1,C
4,2,8,18,17,86.61567459811283,12,27.826959324764104,73.40399015272439,1,B
2,0,16,14,16,72.77475293386033,4,24.09684411673254,77.82737676371657,1,B
4,0,22,9,10,63.348434559302575,20,25.918554319912822,58.2800649672072,0,C
3,0,1,11,9,98.40890279056268,12,30.301112848820335,80.94975398146788,1,A
1,2,5,17,7,89.86847433889349,3,19.233559292361686,69.7193053504246,1,B
3,1,28,19,17,50.0,6,21.25,75.18087640317833,1,B
2,2,26,12,7,50.0,4,17.25,32.64922226343176,0,F
4,1,4,18,9,93.25114612792225,12,31.656393265990282,80.85165136163758,1,A
4,2,16,12,8,66.35419791845686,16,27.294274739807108,59.5853668142087,0,C
4,2,1,11,9,97.59937961573436,20,26.199922451966795,71.55337421882585,1,B
3,2,17,17,6,73.69777593187999,6,26.212221991485,60.302031827809515,0,C
1,1,9,18,15,81.85350276154924,5,15.231687845193655,73.15628390530718,1,B
3,2,9,7,5,82.44398068721932,6,25.305497585902415,48.36330989256577,0,F
3,0,5,15,9,87.85610695961296,6,25.98201336995162,72.52968067275835,1,B
2,2,26,6,15,50.0,4,15.25,45.14965328050737,0,F
2,0,11,5,5,79.65922449052752,8,19.95740306131594,65.39303313848526,1,B
2,3,16,10,7,64.61566050386962,8,17.0769575629837,42.079595868813264,0,F
1,3,26,17,12,50.0,3,15.25,46.20557716283287,0,F
1,1,12,13,19,77.83396122358235,5,21.729245152947794,63.917649247702016,1,C
2,1,19,7,15,56.58027512112763,10,20.07253439014095,53.85687851598062,0,C
2,3,27,9,12,50.0,6,21.25,41.58063056209941,0,F
1,2,15,13,13,77.41875552486296,4,18.677344440607868,53.49130921595058,0,C
4,2,9,18,5,78.71378854590111,20,26.83922356823764,66.31573523119789,1,B
1,2,26,18,8,50.67561106225061,3,12.334451382781326,47.26506918309063,0,F
1,3,20,13,10,57.09104798825358,2,14.136380998531697,31.98335541201685,0,F
1,0,1,11,11,98.10323167902808,5,24.26290395987851,80.61952169735999,1,A
2,1,1,18,9,97.6186379557661,8,21.202329744470763,77.34773442601404,1,B
4,0,22,8,17,52.681620183841645,20,26.585202522980204,65.66525975472906,1,B
1,3,6,15,11,87.52368274539826,2,15.940460343174783,62.18562610991188,1,C
2,0,5,6,15,87.59867624948726,8,24.949834531185907,69.56126440448745,1,B
3,2,0,6,19,100.0,12,23.5,76.75021200742245,1,B
3,2,11,8,14,82.78220280327213,9,22.347775350409016,59.50232545123532,0,C
1,0,12,5,12,75.80787480512626,4,19.475984350640783,61.54030681453349,0,C
3,3,11,18,14,78.83580382802467,9,26.854475478503083,64.0005815689449,1,C
4,0,18,8,10,64.82277911661319,16,23.10284738957665,66.51771826289702,1,B
3,2,8,16,15,83.03916129371413,6,26.379895161714266,75.54569569872294,1,B
3,2,9,18,8,80.96390527056545,6,25.12048815882068,63.471791893579294,1,C
4,3,16,15,5,69.72377130669551,8,27.71547141333694,52.4553603321567,0,C
1,0,17,10,15,59.83109059263657,2,15.478886324079571,58.77376899686512,0,C
1,2,7,10,9,84.93979043358983,2,15.61747380419873,57.39326398949308,0,C
4,2,6,11,14,85.66052992534799,20,31.7075662406685,67.72805882850378,1,B
4,0,8,9,14,80.69476875918043,8,26.086846094897552,77.26505481210211,1,B
4,0,9,13,14,84.99419131725232,16,27.62427391465654,81.34983827007069,1,A
3,1,11,6,8,76.01381938719834,9,25.501727423399792,51.764765847005044,0,C
4,3,14,6,9,74.554833906273,20,29.319354238284127,50.91117669482226,0,C
2,3,14,8,8,67.2899932363213,8,17.41124915454016,32.81052745084313,0,F
3,0,27,19,13,50.0,6,23.25,61.549598116889705,0,C
1,3,3,8,7,94.90375693742244,2,22.862969617177804,51.31849222976828,0,C
1,2,3,8,7,92.68380770049033,4,16.58547596256129,56.967467283450716,0,C
1,0,22,5,19,51.96346184616668,5,18.495432730770837,57.927812973816685,0,C
3,0,0,8,14,100.0,9,24.5,78.09103618364703,1,B
2,0,25,16,11,57.45222069516479,6,21.181527586895598,67.13071015060488,1,B
4,1,11,9,6,73.93324396161503,12,23.24165549520188,49.71393766097318,0,F
4,3,24,13,13,50.0,12,22.25,45.21437169451785,0,F
1,1,1,7,12,97.94771340621736,2,20.24346417577717,73.72450341928818,1,B
1,2,14,19,16,67.51281940194545,5,15.439102425243181,69.84988281322984,1,B
3,3,16,7,18,65.87417781046864,6,26.23427222630858,58.23083772874439,0,C
2,1,6,18,10,86.98239903668737,10,20.87279987958592,87.27714742367797,1,A
4,0,5,9,18,91.23164707871955,12,28.403955884839945,80.76158155364891,1,A
3,1,11,14,17,74.5124094250558,12,25.314051178131976,76.41909253940815,1,B
4,0,18,10,13,61.294551358108336,16,28.66181891976354,61.94008734389861,1,C
1,1,0,7,15,100.0,2,20.5,67.37507410624568,1,B
4,1,27,5,7,50.00877193032864,16,25.25109649129108,44.55919886272417,0,F
2,1,20,14,8,63.365797551885535,4,22.92072469398569,56.17556499833801,0,C
2,0,25,12,11,61.90242588503839,4,21.737803235629798,59.261238004046916,0,C
1,1,13,16,5,70.5081307516713,5,15.813516343958913,60.41377292333135,0,C
2,3,3,5,17,94.50905683872475,6,25.813632104840593,60.54062999860038,0,C
2,3,4,6,5,92.69115076117669,6,20.586393845147086,40.56087299820797,0,F
3,3,0,7,5,100.0,9,30.5,58.770638373968296,0,C
4,0,0,10,16,100.0,12,29.5,83.71736367583004,1,A
1,0,20,8,12,51.81959026801728,5,13.47744878350216,55.65523501835076,0,C
1,3,5,8,17,89.80967004372391,3,23.22620875546549,63.88332681757845,1,C
1,3,4,19,10,90.12209105581854,3,18.265261381977318,52.84350928904166,0,C
1,3,1,13,7,98.42333115541055,4,19.30291639442632,58.80581189950553,0,C
1,2,24,10,14,55.91619117650313,3,17.98952389706289,43.82265433074248,0,F
2,3,20,16,11,62.370593131712084,6,16.796324141464012,55.53057347821721,0,C
3,1,26,6,10,50.0,6,21.25,40.2056482982796,0,F
1,2,26,11,9,55.46298129380404,2,15.932872661725504,47.35299326833901,0,F
3,2,4,19,7,92.49861658646972,9,25.562327073308715,72.18936438898375,1,B
3,0,25,17,18,50.0,6,23.25,67.1348330348849,1,B
2,1,8,7,8,87.08359293048777,8,22.885449116310973,63.435566236282924,1,C
1,0,18,13,19,59.58416798814401,4,12.448020998518,73.2897558701251,1,B
2,0,20,10,17,55.950297767450614,8,21.993787220931328,58.345514637131885,0,C
1,1,14,12,17,77.17292892768248,5,19.64661611596031,62.88513778788736,1,C
2,0,12,17,15,73.7381117515771,8,20.217263968947137,77.95430052732213,1,B
3,1,11,17,15,77.23237831760198,9,23.654047289700248,73.91698285898913,1,B
1,1,4,5,5,92.84991065142366,4,18.60623883142796,58.456575372493084,0,C
4,0,1,6,13,98.18885880494744,16,31.27360735061843,83.83299373625162,1,A
3,3,26,10,9,50.0,12,24.25,30.593769392735737,0,F
4,0,3,7,6,94.80695504120133,16,25.850869380150165,68.63290146692654,1,B
3,2,26,5,16,50.0,6,21.25,35.94791840377082,0,F
2,0,26,10,15,50.0,8,17.25,51.51126459427777,0,C
1,1,17,9,13,72.29167119627348,4,20.036458899534185,51.51498544738617,0,C
3,2,20,17,16,51.352922575673716,6,23.419115321959215,56.5218706871006,0,C
2,1,9,13,11,84.15429116474454,4,25.519286395593067,60.96893899405845,0,C
1,3,12,10,18,78.17398092396138,5,19.771747615495173,56.57312873916119,0,C
1,3,11,9,18,76.17272688079817,3,20.52159086009977,52.92418787666439,0,C
3,2,1,5,12,98.42180835286386,15,23.302726044107985,64.37494250106306,1,C
1,3,25,19,17,50.0,2,12.25,53.05685097160293,0,C
3,3,14,5,7,66.17558055739948,6,26.271947569674936,36.81058850325615,0,F
1,0,13,15,18,77.26182278108148,2,15.657727847635185,72.37889989506107,1,B
4,0,24,5,11,55.314214557169535,20,26.91427681964619,55.925863807802244,0,C
2,3,9,11,15,84.40899438230868,8,20.551124297788583,59.650970679896645,0,C
4,3,21,10,5,51.30585627282839,12,20.41323203410355,36.654241515943085,0,F
3,0,7,18,10,88.32674523546874,9,25.040843154433592,78.68535829650685,1,B
4,3,24,9,14,55.68092234953943,16,21.96011529369243,50.07493440483438,0,C
3,3,14,8,10,70.58569450004809,9,24.82321181250601,42.04875845004888,0,F
1,1,12,15,15,77.14534680800801,4,15.643168351001002,66.04108718018038,1,B
1,3,7,18,14,89.04171479845046,5,21.13021434980631,69.44058702979288,1,B
3,2,20,17,16,51.04558664769815,6,21.380698330962268,49.32174845841148,0,F
4,1,20,17,10,63.24199116482867,16,25.905248895603584,61.6503459202696,1,C
1,2,21,15,7,59.14132453193967,4,12.392665566492457,52.979343080934875,0,C
2,3,13,12,10,78.32191064235624,4,23.79023883029453,56.80217611848799,0,C
1,0,0,15,18,100.0,2,21.5,88.63377355878163,1,A
2,1,12,12,7,78.50285454562466,6,17.81285681820308,71.57425130509992,1,B
4,0,26,9,14,60.48460087161398,16,24.560575108951745,64.09737831575146,1,C
2,1,7,19,13,87.28518192188459,4,21.910647740235575,79.6931164779156,1,B
2,0,17,8,11,57.77098536294077,6,22.221373170367595,62.65805818338968,1,C
2,1,21,19,18,65.4162996708851,10,19.17703745886064,77.08379160686226,1,B
2,1,29,6,17,55.59512784833271,8,18.94939098104159,52.45455414157113,0,C
1,2,29,11,8,50.0,5,15.25,43.6393840054412,0,F
2,0,8,9,7,85.02666762825993,4,20.62833345353249,67.44564227264244,1,B
1,2,12,7,10,72.46029640947458,2,15.057537051184323,44.199624474473595,0,F
2,2,2,13,19,95.53622447228256,8,24.94202805903532,78.67832511305068,1,B
3,0,17,13,13,71.34787652230295,15,22.91848456528787,73.75442454051927,1,B
4,1,9,15,7,81.4183092536041,8,30.17728865670051,68.05180776319436,1,B
2,2,4,19,12,93.87025597017566,8,23.733781996271958,73.29013843069384,1,B
3,0,26,15,10,50.0,12,18.25,61.25241485362457,0,C
2,1,24,14,8,50.0,8,17.25,48.06907675674342,0,F
2,2,5,18,9,90.42520603956115,4,22.303150754945143,72.20319925936897,1,B
2,2,29,15,7,53.07932971321534,4,19.634916214151918,49.9054188826976,0,F
3,2,7,12,18,89.06926489107452,12,23.133658111384314,71.24703298572916,1,B
4,1,23,5,6,50.0,12,21.25,37.471712684872166,0,F
3,2,6,16,13,85.65203824030532,12,25.706504780038166,73.86936651503764,1,B
4,1,20,7,17,63.138150375644,16,22.8922687969555,65.75572380967404,1,B
2,3,17,6,7,71.7090704812772,8,22.96363381015965,38.30079808257449,0,F
1,2,13,8,10,67.77798922938513,3,19.47224865367314,47.9134436713597,0,F
2,3,14,6,9,71.35790674958305,10,17.91973834369788,51.162730776725965,0,C
4,0,9,16,14,82.21010460655758,8,28.2762630758197,85.62640825428747,1,A
3,2,25,15,15,50.0,6,20.25,52.59360906790327,0,C
2,0,20,12,12,66.62261321157277,10,21.327826651446596,75.93125416327985,1,B
3,0,11,5,9,77.12011304255698,12,21.64001413031962,63.37341638350221,1,C
3,0,6,8,15,85.65902586155447,12,26.70737823269431,84.98560148115851,1,A
3,3,27,9,12,58.877150879677814,6,24.359643859959725,49.19380656340533,0,F
2,1,27,18,15,50.0,8,16.25,76.5371168984197,1,B
3,3,6,14,9,87.69145626549157,15,28.961432033186448,70.98982604236149,1,B
3,3,10,8,15,75.49199215525549,6,20.436499019406938,51.072849510594,0,C
2,0,12,12,14,78.89561788093343,6,22.86195223511668,77.84297002790674,1,B
3,2,14,6,17,66.97551701303078,12,20.371939626628848,51.62226352135963,0,C
2,1,17,13,10,69.24724306798416,10,21.65590538349802,66.37814601928163,1,B
4,0,6,6,19,88.42081854362256,8,32.05260231795282,87.98004736549652,1,A
4,1,5,6,9,91.43356217617753,8,26.42919527202219,59.47723917839511,0,C
4,3,22,17,6,50.0,12,26.25,47.48617124439903,0,F
3,1,10,6,14,83.0459033934639,12,21.380737924182988,68.92224756235025,1,B
1,1,7,16,14,83.48690904714817,3,17.43586363089352,77.10886777546466,1,B
1,2,19,14,10,62.843345731159594,5,17.85541821639495,46.64125373462078,0,F
3,0,0,12,18,100.0,6,26.5,86.90004705580542,1,A
1,1,7,7,11,87.64858008623094,2,17.956072510778867,63.482679078130275,1,C
2,1,7,14,19,88.57088901040156,6,19.071361126300197,79.06257823065148,1,B
1,3,18,15,7,63.010697230721775,3,19.876337153840222,40.221970762839,0,F
3,3,2,18,7,95.98112586588857,9,27.99764073323607,72.64336652578345,1,B
3,1,4,14,16,92.57357048798588,12,23.571696310998234,78.89315547592378,1,B
2,0,29,19,11,50.0,4,17.25,62.53425348390012,1,C
4,1,2,18,19,96.80971434248498,16,28.101214292810624,95.0,1,A
3,1,14,12,15,70.2919849511882,15,21.786498118898525,73.65235151471083,1,B
2,2,13,11,14,77.74717078449692,8,20.718396348062114,62.63901451931818,1,C
1,0,20,14,8,67.42090887957406,3,15.427613609946757,63.46752922118944,1,C
1,2,14,8,19,66.26548547824501,5,13.283185684780626,58.34164872691757,0,C
2,0,23,11,6,54.92469749346181,10,17.865587186682724,45.0670664016915,0,F
2,0,16,15,13,63.78533005459161,8,15.973166256823951,69.94001489542583,1,B
3,0,17,12,19,72.98501221637521,12,23.1231265270469,84.33425875945797,1,A
1,2,1,10,18,98.44253512199391,3,17.305316890249237,73.35348452044856,1,B
2,2,11,10,17,78.0566256578683,6,18.757078207233537,67.61143393994605,1,B
1,2,15,7,13,72.76673272682304,5,15.09584159085288,55.0162552569724,0,C
2,3,3,9,10,95.48527812247156,6,21.935659765308944,62.04930425336336,1,C
1,2,24,14,18,59.600928522427196,2,15.4501160653034,53.44671949440064,0,C
4,3,1,6,6,98.28122448450954,8,31.285153060563694,56.37855620797107,0,C
3,3,27,16,7,51.71032842766047,15,24.46379105345756,53.91247551537141,0,C
1,3,13,9,9,69.09203749843644,4,16.636504687304555,43.12482449121182,0,F
4,1,10,9,15,80.79397468868031,16,24.099246836085037,69.61045907430058,1,B
1,1,12,11,15,73.84681131427496,2,19.23085141428437,68.58064414791309,1,B
1,1,27,8,19,59.00330549813861,4,14.375413187267327,62.85090811708889,1,C
4,3,24,18,9,50.0,12,26.25,54.44061975927001,0,C
1,3,6,15,17,89.55802633482149,2,18.194753291852685,68.21372930446913,1,B
1,0,9,10,13,83.71864603980609,5,22.46483075497576,75.03473945109907,1,B
3,3,23,13,14,64.45910206429812,12,25.057387758037265,64.90943981584898,1,C
4,1,0,8,7,100.0,20,33.5,68.82575534201895,1,B
4,3,28,15,6,50.0,20,25.25,37.02955833664418,0,F
2,3,20,18,14,62.425314837594215,8,18.803164354699277,61.53311712788171,0,C
1,0,24,10,12,50.0,4,17.25,55.728416511323324,0,C
3,3,27,17,11,50.0,6,18.25,44.16935041594247,0,F
1,2,3,16,16,95.31411717101702,2,22.914264646377127,74.13953617161107,1,B
1,0,17,13,13,69.31037695570919,5,20.66379711946365,68.06181666322315,1,B
2,3,5,14,7,87.9479134624127,10,21.99348918280159,63.75791967086501,1,C
1,3,1,16,10,98.47019105752533,2,23.308773882190664,71.87702189520256,1,B
3,0,2,5,9,95.46838343078248,15,27.93354792884781,73.10753816620083,1,B
3,3,13,12,9,68.71643627103353,9,22.58955453387919,46.695680500680574,0,F
2,1,7,5,14,84.10656021164921,8,22.51332002645615,51.417654450028195,0,C
1,2,15,8,12,66.34278524491138,4,13.292848155613923,50.88988012823267,0,C
3,2,18,7,5,57.819596038891305,9,18.22744950486141,41.143107955304174,0,F
1,1,17,8,5,63.181577462455806,2,16.897697182806976,43.338055287918635,0,F
1,3,5,18,7,90.38451905608514,2,18.298064882010642,72.89623341296104,1,B
1,3,13,11,15,79.68417783264428,5,21.960522229080535,55.021370910009594,0,C
2,2,2,17,6,95.42406510997111,10,24.92800813874639,77.49295997870162,1,B
1,3,15,18,6,63.92119541438663,2,12.990149426798329,50.123528815442526,0,C
3,2,0,13,6,100.0,15,25.5,68.58099996580341,1,B
1,2,11,13,8,77.6423847809863,3,15.705298097623288,47.356218623923645,0,F
3,1,29,14,5,50.0,12,19.25,55.05025379556653,0,C
1,2,13,5,14,69.36052605915984,3,20.67006575739498,50.12532600481042,0,C
3,3,18,19,19,72.73354052865555,12,20.091692566081946,79.99194985008262,1,B
3,3,21,14,13,55.38448045808111,12,22.923060057260138,50.77109787905373,0,C
1,0,18,5,18,56.666564240342716,5,17.08332053004284,65.53275263500326,1,B
1,3,8,13,9,87.17422139574185,5,17.89677767446773,50.02237576912532,0,C
3,0,6,8,9,85.24501277561207,12,27.655626596951507,62.664962707706714,1,C
4,2,13,16,13,67.92018386754351,20,29.49002298344294,65.48907650363452,1,B
2,3,4,17,18,90.28084413937539,6,20.285105517421925,63.36263839024713,1,C
4,1,17,18,9,66.63671636847732,8,26.329589546059665,66.75423326981841,1,B
4,1,8,7,17,84.93623997574161,20,24.617029996967702,70.51879081425872,1,B
1,1,20,17,17,55.88104526955925,5,16.985130658694906,69.15865922866185,1,B
2,2,6,13,15,89.08785869233544,10,20.13598233654193,62.24072338767516,1,C
4,2,8,9,18,87.45324677523689,8,27.93165584690461,76.36209032854477,1,B
1,0,3,16,12,92.7957335099139,3,20.599466688739238,81.95532589940692,1,A
4,1,24,10,15,50.0,16,24.25,61.58736693326124,0,C
4,0,16,5,5,72.68552802733971,12,29.085691003417466,54.65491667255668,0,C
1,0,11,5,5,83.29750582516887,5,21.412188228146107,48.835775176144274,0,F
1,3,5,17,8,88.88242016534346,2,16.110302520667933,66.74916743705971,1,B
1,3,17,18,12,60.00240131300527,3,13.500300164125658,55.38573548296803,0,C
2,1,7,11,7,86.66046697046171,10,23.832558371307712,69.744544502669,1,B
4,2,20,14,5,68.3820357829371,20,28.547754472867137,56.81036869664479,0,C
1,3,14,19,15,69.9193026721951,4,18.739912834024388,71.40604979671839,1,B
3,2,2,12,16,96.4061418955302,6,26.050767736941275,87.75676644847383,1,A
4,0,1,15,13,98.35605327504972,16,31.294506659381213,97.09526937435987,1,A
3,0,23,12,13,53.760879230256606,9,18.720109903782074,53.627448299330375,0,C
2,0,22,18,13,56.39943805237033,8,20.04992975654629,69.98148759555895,1,B
1,0,8,17,13,83.86583672738112,3,17.48322959092264,75.59673645838052,1,B
3,1,7,11,6,83.7324737350856,15,26.4665592168857,57.68791710473935,0,C
2,0,26,17,18,50.0,4,14.25,67.29123601951709,1,B
1,3,3,15,18,92.7983782607624,2,18.5997972825953,77.33463509208889,1,B
3,0,1,13,15,97.65818938037783,15,28.20727367254723,86.88091308731099,1,A
3,2,13,5,15,72.03549265931838,6,25.004436582414797,51.08656749480564,0,C
2,3,28,6,15,56.408147987051436,8,22.05101849838143,41.130608115006595,0,F
1,2,1,17,8,97.63505561053717,3,22.204381951317146,81.17176790623782,1,A
1,2,1,7,19,97.59442797055326,3,19.199303496319157,73.99753298908037,1,B
3,1,29,17,6,50.0,9,22.25,48.62255651865161,0,F
3,1,26,16,11,50.0,12,23.25,66.60225562040648,1,B
3,2,27,17,15,51.912441892759766,9,21.48905523659497,58.88403581727731,0,C
1,2,21,9,7,68.19095698584476,2,18.523869623230595,40.990797730547555,0,F
2,0,6,8,13,88.12329363208522,6,25.015411704010653,70.5260663027194,1,B
2,3,11,8,11,82.07705129284605,8,22.259631411605756,48.854240380085876,0,F
1,0,5,19,12,91.58337644886709,2,18.447922056108386,83.02774239974106,1,A
4,1,17,12,13,66.32791620242156,20,27.290989525302695,66.4968376182629,1,B
2,1,3,12,12,92.89888497705994,4,25.612360622132492,74.16064278941278,1,B
3,0,18,15,11,57.79661190842292,12,19.224576488552863,62.2031893690614,1,C
4,3,26,11,19,50.0,8,26.25,53.54809908719322,0,C
4,2,12,5,13,76.20783257771875,12,23.525979072214845,63.46594145273531,1,C
2,0,19,14,15,61.01183071542522,8,20.626478839428152,65.85131049813138,1,B
4,1,20,19,5,53.55767531379982,20,20.694709414224977,64.84527285886284,1,C
4,3,22,8,15,51.60718497120721,12,21.4508981214009,44.81151909743661,0,F
2,1,29,5,19,51.198158899832166,8,16.39976986247902,51.85067527720778,0,C
2,3,24,15,8,54.44380594984105,8,14.805475743730131,46.50180179179999,0,F
4,3,26,18,8,50.0,20,25.25,52.15166854998863,0,C
3,3,1,9,9,98.35387285670721,15,27.2942341070884,66.07943220911687,1,B
1,0,7,7,12,88.0345053818152,4,19.0043131727269,65.57283881025963,1,B
4,0,18,7,14,65.78811924542096,20,26.223514905677618,61.822812006770484,1,C
4,0,8,8,5,80.48100693787117,20,25.060125867233896,54.14680578240116,0,C
3,3,25,6,10,59.65454645956633,9,24.456818307445793,41.31451792755589,0,F
4,3,27,11,13,50.0,16,27.25,41.86036649478298,0,F
4,1,3,16,14,95.10363242826381,8,32.88795405353298,80.69978927436568,1,A
1,2,15,17,12,69.6324844662432,3,16.7040605582804,60.23636790811527,0,C
1,0,18,8,19,63.34185676167761,4,12.9177320952097,58.937875812081174,0,C
1,3,9,9,6,86.11636504119225,4,20.76454563014903,56.05637931376991,0,C
2,1,5,16,11,87.72941104614213,6,18.966176380767767,72.25074586960056,1,B
2,1,15,18,9,65.40066054646223,10,23.17508256830778,67.45800602613937,1,B
1,1,9,6,6,83.7743121862637,2,18.471789023282962,57.65873193245238,0,C
1,0,12,10,15,80.43250849828317,2,22.054063562285396,63.03993821707576,1,C
2,0,8,13,5,85.23498629580762,8,18.654373286975954,65.98630457293767,1,B
3,2,6,12,6,85.6343407225346,12,24.704292590316825,64.47945308311981,1,C
4,1,3,12,15,95.1019492094701,8,27.88774365118376,74.37716594634617,1,B
4,0,18,6,14,66.71229223015403,16,23.339036528769256,65.99141991403287,1,B
1,1,25,19,10,50.14238938337927,2,18.26779867292241,51.73205685796338,0,C
3,3,3,8,15,95.40134704964004,15,27.925168381205005,69.24597266124573,1,B
2,1,18,12,16,68.17539317227657,4,20.521924146534573,62.11127637632411,1,C
1,2,27,15,12,50.0,2,14.25,48.58444717020822,0,F
3,0,18,5,7,67.16863753811467,6,25.396079692264333,58.98965149604291,0,C
3,3,11,12,9,73.92422015611415,12,23.240527519514266,56.28401850748759,0,C
3,0,29,7,19,50.0,15,19.25,58.44921373237625,0,C
2,3,12,12,15,76.70148561460331,6,23.587685701825414,61.673674624180364,1,C
2,1,24,10,6,51.23150859001067,6,19.403938573751333,45.35633835931388,0,F
4,1,3,11,16,93.60757519506697,8,30.70094689938337,84.97498375385493,1,A
4,2,24,6,12,50.0,16,24.25,44.56612340281202,0,F
3,2,27,19,8,57.792035501186916,9,20.224004437648365,55.50598962742929,0,C
3,3,9,5,15,86.01688512760457,9,23.75211064095057,60.585673677282756,0,C
2,2,20,10,14,52.688246515044916,4,15.586030814380614,50.990037005927356,0,C
4,2,6,16,16,89.68076771924387,8,25.210095964905484,90.0,1,A
3,2,29,7,10,50.0,12,22.25,49.042794403938274,0,F
4,2,4,8,7,91.50131274194557,12,30.437664092743198,60.74775079005923,0,C
4,1,16,17,15,73.36857156159616,8,27.17107144519952,73.89005631000403,1,B
3,2,17,19,19,61.55285734491595,15,20.694107168114492,67.88589750392227,1,B
2,1,10,13,12,76.34054381702329,10,23.54256797712791,60.39886687957073,0,C
3,1,14,7,12,75.00471246155223,15,20.37558905769403,62.08343008620815,1,C
3,0,20,6,7,52.44319638153126,6,23.555399547691408,35.56392931843389,0,F
4,1,21,6,16,66.79821945594415,16,22.34977743199302,71.41554049519152,1,B
3,1,6,6,13,86.19721644275658,15,21.774652055344575,63.14053169388387,1,C
2,2,17,10,14,63.61811026395722,10,20.952263782994653,61.55643135340725,0,C
3,1,25,6,17,50.0,15,23.25,53.71766390091839,0,C
2,3,24,15,9,58.47681412420124,4,21.309601765525155,48.56751306431146,0,F
2,2,5,11,14,90.69079098610007,4,19.33634887326251,60.89432373919084,0,C
4,2,17,11,13,59.02482546740644,8,22.378103183425804,55.36739397958303,0,C
1,2,15,11,11,70.51388370361374,5,14.814235462951718,54.24614240181701,0,C
1,0,1,18,19,97.9056199156372,2,19.23820248945465,100.0,1,A
4,2,18,17,19,56.154672409671605,8,28.01933405120895,59.2835779996244,0,C
3,1,0,6,19,100.0,12,23.5,73.48967964167691,1,B
4,3,24,11,14,54.68153827855819,8,26.835192284819776,42.072377405176745,0,F
2,2,29,14,7,50.0,6,16.25,32.82877074510592,0,F
1,2,25,12,10,50.0,2,18.25,38.929057621497435,0,F
4,3,10,12,14,81.45361740698011,8,27.181702175872516,56.69121232050199,0,C
3,2,19,18,6,60.25219603154607,9,23.53152450394326,53.39963063216964,0,C
4,0,4,6,10,90.14508890866705,12,26.26813611358338,70.67726939068507,1,B
1,1,15,9,16,76.66793957290906,2,15.583492446613633,56.69612548118453,0,C
4,3,22,18,9,66.12434677054716,16,27.265543346318395,63.75430483977809,1,C
4,3,0,10,17,100.0,20,30.5,79.00930043571623,1,B
1,0,18,13,7,67.7576774147214,3,16.469709676840175,64.2138275860771,1,C
2,1,13,10,18,72.93595149585605,8,23.116993936982006,74.90046962805783,1,B
2,0,2,14,19,95.55140929413281,4,20.9439261617666,84.16736945504422,1,A
1,1,1,10,11,98.43092566247903,2,23.303865707809877,68.59728848705741,1,B
4,0,23,14,15,50.0,12,20.25,66.64915195349927,1,B
1,2,4,14,8,92.89245199505217,3,21.61155649938152,71.4356809301288,1,B
2,0,16,19,15,69.89844028511689,8,16.73730503563961,79.84105829673642,1,B
3,3,27,10,18,50.40000769697064,6,22.30000096212133,47.13994295461659,0,F
4,3,17,13,10,60.222807412483625,12,27.527850926560454,45.73136747064726,0,F
2,3,0,14,13,100.0,6,20.5,63.37757840656083,1,C
4,0,14,11,16,78.59857494363693,20,28.82482186795462,86.20621952858396,1,A
1,3,21,5,18,50.0,3,17.25,37.640236998734714,0,F
3,3,8,5,10,80.15494019823117,12,27.019367524778897,49.91042288846839,0,F
1,2,26,18,8,54.299986423115165,2,13.787498302889396,57.63405173995156,0,C
3,2,22,8,19,66.79424202770639,9,20.3492802534633,57.93429231639894,0,C
4,1,4,19,14,91.41633159122667,20,27.42704144890333,88.68444410672475,1,A
4,1,27,16,19,50.0,12,26.25,65.2530839231836,1,B
1,1,12,6,6,70.71571942641135,3,14.83946492830142,40.21885201795299,0,F
3,0,18,7,13,67.62753080663391,6,23.453441350829237,63.37982468944246,1,C
3,1,27,16,19,54.38338719679484,15,19.797923399599355,59.86339107119457,0,C
4,0,27,11,18,50.0,16,21.25,73.49568676875757,1,B
1,0,23,18,8,52.53556549215613,4,15.566945686519517,48.95321703353348,0,F
3,1,9,11,8,80.04036885664046,6,27.005046107080055,60.83644109777475,0,C
4,1,19,18,6,54.68257933748154,16,21.835322417185193,55.31200272204134,0,C
2,0,24,16,19,50.56611550048026,8,17.320764437560033,75.71739329326147,1,B
1,2,20,7,9,66.99849480412416,3,18.37481185051552,41.47234535943626,0,F
2,3,13,17,17,72.72432373629864,8,19.09054046703733,57.14385989455066,0,C
1,3,21,6,10,60.64386708394358,5,12.580483385492947,30.09853914039236,0,F
4,3,20,19,14,60.94529942781793,12,25.61816242847724,50.00289063625529,0,C
3,2,25,17,10,50.0,12,21.25,57.077333510773485,0,C
3,0,11,17,7,77.39558240333209,15,26.67444780041651,83.70325694509015,1,A
3,1,10,5,16,83.50352841121058,9,27.437941051401324,73.32039368795111,1,B
1,0,22,13,19,57.25051064326065,5,12.15631383040758,68.39658813180466,1,B
4,0,6,14,19,89.62941698430302,8,29.203677123037878,90.56480497153058,1,A
2,1,16,7,18,73.83228009067312,4,17.22903501133414,62.0604691448664,1,C
4,2,17,13,13,62.39202009030444,16,21.799002511288055,56.23338337774389,0,C
2,3,6,19,11,87.2285855851666,10,19.903573198145825,70.91280304845316,1,B
1,3,23,19,17,54.050856070091484,3,13.756357008761436,49.159322431006544,0,F
1,0,19,8,18,63.45847237997392,5,15.93230904749674,67.7109869268175,1,B
2,2,5,19,7,90.88891134589561,10,23.361113918236953,70.9905804944457,1,B
2,3,10,14,8,84.11991287781498,4,19.514989109726873,59.08875072482944,0,C
2,2,11,10,11,80.20803387716788,4,21.026004234645985,60.53279422044925,0,C
4,1,25,17,15,50.0,16,23.25,58.91168440899513,0,C
2,0,15,11,12,65.74486908119033,10,20.21810863514879,68.79866073202399,1,B
1,0,18,14,10,55.49828096905765,5,15.937285121132206,66.46538463518154,1,B
1,2,22,18,8,52.56652353311715,3,12.570815441639644,52.33402432613716,0,C
3,3,26,10,16,50.0,9,21.25,40.987814616803924,0,F
2,2,18,5,6,67.67119930162835,4,19.458899912703544,44.565194971385026,0,F
4,1,10,10,14,84.2313975748644,20,28.52892469685805,77.00224526490281,1,B
4,3,15,15,12,68.22972492270728,16,27.52871561533841,49.492481502846786,0,F
4,3,22,18,5,56.260431783133015,8,26.032553972891627,44.48511423050621,0,F
3,2,27,10,13,50.0,15,18.25,52.695818635751344,0,C
1,1,26,9,19,50.291693861193465,2,12.286461732649183,53.8426777483996,0,C
4,3,11,7,12,72.65893506349192,16,24.08236688293649,54.02361727745503,0,C
1,0,26,14,7,50.66208657355072,5,15.332760821693839,49.996262608667664,0,F
3,1,7,7,14,87.16849855561894,12,23.89606231945237,70.84943326505463,1,B
2,3,2,15,8,95.25802724649884,10,20.907253405812355,70.67473503631979,1,B
2,2,1,14,14,98.10449357698107,10,22.263061697122634,79.25933621565136,1,B
2,3,27,17,8,50.0,8,14.25,44.184828274678594,0,F
4,0,5,11,6,92.36322857188075,12,26.545403571485096,73.25953446126573,1,B
2,1,15,12,16,67.11110033401619,8,18.388887541752023,64.93350940025977,1,C
4,3,19,18,15,70.13479540351716,16,28.766849425439645,63.13057652310708,1,C
3,0,23,7,14,62.09065334904611,6,25.761331668630763,58.82115536512304,0,C
3,3,28,7,9,50.0,12,19.25,35.65031176039484,0,F
4,3,14,11,17,74.94387322301066,16,26.367984152876332,53.13053563803166,0,C
1,1,13,14,16,77.76436578336781,2,21.720545722920974,77.75495367652142,1,B
2,2,1,16,7,97.69847386237066,6,26.212309232796333,67.57446902860526,1,B
2,2,19,11,16,53.52130958069976,8,21.69016369758747,47.127764967122204,0,F
2,0,17,15,15,70.54952897484887,4,18.81869112185611,83.03038430276384,1,A
4,0,13,13,5,76.37645256893609,12,26.54705657111701,67.02589940270953,1,B
3,0,17,18,6,62.36075379789102,9,23.795094224736378,70.01809248119189,1,B
2,1,1,10,15,97.68470712944412,8,25.210588391180515,74.5490172843838,1,B
3,2,0,19,16,100.0,9,28.5,90.0,1,A
2,0,19,17,11,66.30595625818162,8,18.288244532272703,73.48032317114678,1,B
2,0,1,11,19,97.94338141124648,6,22.24292267640581,85.98563590779987,1,A
4,3,8,15,5,86.92784846836237,12,24.865981058545295,49.67123261210969,0,F
1,3,8,14,19,85.35327915921202,3,17.669159894901505,73.37641373844363,1,B
4,0,15,5,16,76.82547143163096,16,27.603183928953868,70.14791169782048,1,B
2,3,10,11,17,82.8916145716365,6,22.361451821454562,68.8451090913146,1,B
2,3,26,6,17,50.0,10,19.25,40.24829767705932,0,F
1,3,22,11,6,63.39729929736505,2,18.924662412170633,38.67736838870976,0,F
3,1,5,7,18,88.05308344913695,6,28.00663543114212,74.78024532473141,1,B
3,0,11,13,14,75.68660087427386,15,24.460825109284233,86.4606683611639,1,A
2,0,2,17,11,96.94452799492113,6,20.118065999365143,80.42494433271413,1,A
3,3,29,9,5,50.0,15,19.25,31.2723079102349,0,F
2,1,11,11,11,72.74946906384984,8,17.093683632981232,58.23235774145526,0,C
1,3,29,12,17,50.0,2,17.25,42.75136861790985,0,F
1,1,22,17,12,60.07856509390929,3,14.509820636738661,60.4069884955975,0,C
2,0,0,16,15,100.0,4,23.5,94.84411710654746,1,A
1,3,8,6,17,87.3006440462516,5,15.91258050578145,56.17575134786166,0,C
4,0,19,15,18,62.159421816688415,20,26.769927727086053,88.21214845463288,1,A
4,1,21,5,6,67.44705953584256,8,28.43088244198032,54.272025836952466,0,C
1,2,5,11,8,89.98081404336241,2,20.247601755420302,58.98148225318843,0,C
2,1,10,19,11,82.47451559274907,4,22.309314449093634,70.70943582475917,1,B
2,2,2,10,5,96.04713608884363,4,24.005892011105452,62.89217668207294,1,C
1,0,3,10,10,94.24484762096664,5,22.78060595262083,81.56456797111947,1,A
3,0,28,6,9,50.0,9,19.25,52.747747585504534,0,C
4,3,26,7,15,50.0,8,22.25,37.267972458339386,0,F
3,2,9,8,10,82.23369499678913,9,21.27921187459864,56.28725278080066,0,C
2,1,18,7,12,57.99354829164571,4,20.249193536455714,42.29586608377895,0,F
2,0,28,6,15,50.0,8,21.25,47.80735782901164,0,F
3,2,5,7,15,90.33421701159324,9,23.291777126449155,70.68947071871793,1,B
1,1,0,18,5,100.0,4,23.5,78.10739012493372,1,B
3,2,7,10,7,84.20981456447684,15,23.526226820559607,67.43693721101648,1,B
3,1,7,13,15,88.96998172024198,12,28.121247715030247,72.92601187497702,1,B
4,1,24,8,17,60.31010009761863,20,22.53876251220233,69.88210432190165,1,B
4,1,5,10,13,92.09166058194562,8,26.511457572743204,79.61693011390705,1,B
3,1,16,5,16,70.89818624353634,15,21.862273280442043,72.37067775431197,1,B
3,2,18,16,12,65.15836082554287,6,26.14479510319286,64.28330054929457,1,C
2,2,0,10,8,100.0,4,27.5,52.27179010352633,0,C
4,3,14,16,15,67.0802292182451,8,22.38502865228064,62.09201526011975,1,C
4,2,12,7,18,81.78452457060263,20,29.22306557132533,60.389149245912805,0,C
2,2,20,13,14,61.43423188509753,4,22.67927898563719,44.81912587292761,0,F
1,3,2,8,13,96.17800325263568,4,23.02225040657946,62.30615567941388,1,C
4,2,29,11,11,50.0,16,21.25,52.13298523038284,0,C
4,1,1,8,6,98.2589630823758,8,26.282370385296975,57.24742888165092,0,C
1,0,2,15,5,96.75518837618907,2,17.094398547023633,62.546960891365615,1,C
4,0,8,10,5,86.8619183025282,12,29.857739787816023,66.10786016530618,1,B
4,3,26,18,17,50.0,20,22.25,62.02764650206221,1,C
1,2,15,11,7,71.636442947418,3,20.95455536842725,49.787492438840275,0,F
1,2,23,6,17,50.0,4,16.25,42.85751833760316,0,F
3,3,12,14,18,78.12181153415749,15,26.765226441769684,62.7967186895046,1,C
2,0,18,10,19,70.69668846395761,8,17.837086057994703,71.35483035101103,1,B
2,1,26,12,14,50.941229467253116,10,14.36765368340664,60.07909563854005,0,C
1,2,17,19,6,59.48839450551656,5,13.43604931318957,52.258009555070366,0,C
1,3,20,17,8,61.88946893157875,5,18.73618361644734,50.01341823784301,0,C
4,1,11,17,18,74.33009505277337,16,29.29126188159667,90.0179592073585,1,A
3,3,27,19,19,50.0,6,17.25,67.38352837103292,1,B
3,3,28,16,18,50.12120253033927,12,19.26515031629241,64.69083656595299,1,C
1,3,11,10,12,74.9765099710412,5,20.37206374638015,64.95897493542536,1,C
4,0,0,6,9,100.0,16,26.5,71.13848590862686,1,B
4,0,19,8,9,67.09521658277359,16,24.3869020728467,55.33107164605444,0,C
2,3,7,5,10,89.15131013346823,6,21.14391376668353,53.7315047656932,0,C
2,2,16,19,17,72.99446861948809,10,18.12430857743601,71.53512582927587,1,B
4,1,20,11,16,62.423692127804024,16,22.802961515975504,65.33409423091346,1,B
2,2,27,12,19,50.0,10,19.25,45.84619241748069,0,F
1,0,19,14,19,63.508066348300105,4,13.938508293537513,73.80734358697136,1,B
4,1,21,6,9,58.426448129057135,12,24.30330601613214,46.41355090110735,0,F
2,3,6,14,9,87.5685363054451,8,19.946067038180637,57.88167758630783,0,C
3,2,8,19,19,86.48456780323635,6,22.810570975404545,80.4495702847179,1,A
4,2,16,9,18,66.17689307078294,20,27.272111633847867,56.03275595758588,0,C
4,3,26,15,11,52.249580725798495,12,20.531197590724812,44.28969840803824,0,F
3,2,9,12,10,79.89390338374784,12,25.98673792296848,69.59440386017806,1,B
1,0,3,15,17,93.82838664944104,3,23.72854833118013,88.75932824236723,1,A
3,3,21,12,17,56.86035883639977,12,21.10754485454997,60.36570567021812,0,C
4,2,25,19,18,50.0,20,23.25,60.92733409048813,0,C
1,3,6,9,14,89.0018860542786,4,22.125235756784825,60.816565197635725,0,C
2,1,6,12,15,88.42460235663114,6,19.053075294578893,68.6134603119118,1,B
2,3,7,18,6,85.41971492096982,4,19.677464365121228,69.16629296910304,1,B
2,2,29,10,17,50.0,6,19.25,44.662243851036656,0,F
4,0,25,19,5,51.393563139156164,8,26.42419539239452,64.42825185234365,1,C
3,3,23,19,5,59.232797325852005,6,22.4040996657315,44.829835113179456,0,F
1,3,23,9,8,58.890144396098755,5,14.361268049512343,42.943526781854075,0,F
2,2,7,17,6,84.6072981509665,6,21.575912268870812,56.28313918662445,0,C
1,0,15,18,10,77.43578286959792,4,20.67947285869974,71.81239107621035,1,B
4,0,11,15,16,82.45180535570827,8,24.306475669463534,85.33430902657051,1,A
2,1,14,8,16,65.71666154693692,6,22.214582693367113,59.58571453709713,0,C
4,1,7,9,13,88.19087342695896,20,29.023859178369868,75.22124523338131,1,B
3,2,21,16,14,59.71946127062765,12,20.464932658828456,58.4957927105651,0,C
4,0,8,8,15,81.20251891101599,16,28.150314863877,74.655937769877,1,B
4,0,2,5,19,96.99979525494831,16,27.12497440686854,83.08230527466942,1,A
3,1,21,7,18,50.0,9,24.25,51.01070410289335,0,C
1,1,20,12,14,68.93022752207263,3,13.616278440259078,71.60662619451377,1,B
3,2,15,11,12,74.93696425713983,12,22.36712053214248,68.54183644499207,1,B
3,0,14,16,8,78.59255039334627,15,22.824068799168284,81.51615342593404,1,A
4,3,23,19,17,53.551038936604236,16,27.69387986707553,65.47127439892782,1,B
1,1,3,11,16,92.67071706974349,4,17.583839633717936,80.25207747308066,1,A
2,2,19,15,6,55.558304379713306,10,15.944788047464163,43.51550100333345,0,F
3,0,28,7,5,50.0,15,18.25,40.5783323427394,0,F
1,0,15,13,11,74.71767043639605,5,14.339708804549506,74.24041824797439,1,B
3,1,9,19,14,78.67362611325714,12,23.834203264157143,81.26768628162637,1,A
3,2,10,10,7,77.45224608863282,15,24.681530761079102,62.602852721425066,1,C
3,3,25,12,18,55.82880591131292,9,17.978600738914114,54.59073997645116,0,C
3,1,28,12,10,50.0,15,17.25,48.62616576889254,0,F
4,2,4,7,9,90.49139464787261,16,29.311424330984075,56.70272847770141,0,C
1,0,10,8,9,78.01773987570328,2,20.75221748446291,64.52593348224643,1,C
1,3,28,18,16,55.189243772825215,2,13.898655471603153,57.94587560173652,0,C
1,2,12,10,6,70.18903788004239,3,19.7736297350053,49.75871383383862,0,F
3,3,14,6,18,77.9359861544762,6,24.741998269309526,51.64844684314879,0,C
4,2,5,16,13,89.22763005924884,8,26.153453757406105,74.86306591812263,1,B
3,2,15,16,15,75.84212117191305,6,22.48026514648913,69.59389281674105,1,B
3,2,14,15,8,66.3242129793085,9,26.290526622413562,52.689119471754886,0,C
1,2,10,16,14,81.50022316577622,2,21.187527895722027,75.05417824149912,1,B
3,3,19,11,5,61.78144257463169,12,18.72268032182896,39.884044451925206,0,F
2,1,1,6,6,98.32123841563599,4,24.2901548019545,69.82270187689554,1,B
3,3,27,15,13,50.0,15,17.25,51.23684139756021,0,C
2,2,27,9,11,50.0,4,20.25,41.329583910851426,0,F
3,3,29,16,14,50.0,6,22.25,50.089828434963664,0,C
4,3,1,8,6,98.43610407979776,16,26.30451300997472,48.39092559941368,0,F
4,3,11,13,11,79.33915642878229,12,30.917394553597788,60.27503059060312,0,C
1,2,15,17,18,73.4885295543675,3,18.18606619429594,58.31111237883023,0,C
3,3,18,17,8,64.33549341196439,6,24.04193667649555,48.44517345388855,0,F
2,0,1,19,14,97.66627083766492,8,25.208283854708114,94.29589023269419,1,A
2,2,16,6,6,64.17837142960911,4,21.02229642870114,38.047007576946875,0,F
3,3,13,11,16,76.02828350186999,9,20.50353543773375,67.03878583137049,1,B
2,0,23,17,8,56.69868592006947,6,18.087335740008683,61.447608664191655,0,C
4,3,27,11,9,50.0,20,23.25,46.11941160407285,0,F
2,1,15,11,17,74.58662246751028,10,17.323327808438783,69.12898119147911,1,B
1,3,4,5,18,93.58908791942204,4,18.698635989927755,63.450017601739575,1,C
4,3,9,12,8,84.3167038221017,16,26.539587977762714,57.320677732291955,0,C
4,1,16,6,19,74.01548109836112,12,30.251935137295142,71.95399965902405,1,B
4,2,12,19,7,77.77618908103209,12,25.722023635129013,71.90408602198406,1,B
3,1,15,19,10,63.436513239108606,9,20.929564154888574,66.35339009741695,1,B
3,2,8,9,5,87.03760419179866,6,24.879700523974833,61.735953377121916,1,C
4,1,23,6,12,50.0,20,26.25,49.72294485997654,0,F
3,3,3,17,16,93.89605590568554,15,24.737006988210695,84.1873931416649,1,A
2,3,23,9,9,50.94322924048167,6,18.36790365506021,39.601222805981095,0,F
3,2,28,11,12,53.237693695493704,9,19.654711711936713,47.544708623258316,0,F
3,2,27,10,14,55.41292059025885,15,24.926615073782358,57.227150450351445,0,C
4,0,28,17,8,53.44317704926931,16,24.680397131158664,67.56205067428729,1,B
1,0,25,19,8,50.0,3,14.25,63.26381667788625,1,C
1,3,15,16,9,66.28317599887407,3,17.28539699985926,39.40688785663295,0,F
1,3,22,9,9,50.0,4,18.25,28.93866679780757,0,F
2,0,26,8,15,50.64699883065448,6,19.33087485383181,54.86237027097685,0,C
3,0,10,12,10,80.3803061589986,15,25.047538269874824,74.76220583894415,1,B
1,2,6,15,9,88.18242990402513,5,16.02280373800314,67.85603182748832,1,B
4,1,16,18,9,71.68163355541492,16,26.960204194426865,68.41535713227519,1,B
1,2,21,12,17,61.60711425247607,5,19.70088928155951,62.138328726365884,1,C
1,0,12,5,12,71.83815716707892,4,18.979769645884865,48.29802293271586,0,F
3,3,3,14,10,94.46883344624223,12,22.80860418078028,59.288841487417926,0,C
3,0,13,6,6,69.2017506749947,15,24.650218834374336,53.87165198492967,0,C
3,3,9,7,8,83.75259059665252,12,23.469073824581564,61.20067975374505,0,C
2,3,9,17,8,83.44105153711615,10,22.43013144213952,65.75358410881479,1,B
2,3,9,5,9,81.4574721539898,8,24.182184019248723,45.35837169360375,0,F
1,3,26,15,19,58.31870197427613,4,16.289837746784517,64.61472362388655,1,C
3,1,11,7,19,73.3573150611717,12,21.169664382646463,62.947801436246934,1,C
1,0,1,14,10,97.67960016136148,5,19.209950020170183,76.16604485807059,1,B
4,2,25,16,15,50.0,12,27.25,59.47608604876497,0,C
4,3,22,12,9,50.0,8,24.25,40.49127411344732,0,F
3,3,8,8,18,87.87200510922479,9,25.9840006386531,66.76258546334029,1,B
3,2,28,17,18,50.0,12,18.25,59.42419523675805,0,C
4,2,4,17,15,90.5666277666733,20,32.320828470834165,85.91522356230152,1,A
3,3,7,11,10,86.46887904158206,12,21.808609880197757,59.26114358318134,0,C
2,2,20,11,12,69.8951732638146,6,18.736896657976825,61.46974732756587,0,C
2,2,13,15,8,78.4491964972526,4,24.806149562156577,63.923853925806824,1,C
3,1,6,9,15,88.39556552567949,9,29.049445690709938,69.87311159492323,1,B
4,2,6,16,7,86.99231283428367,20,25.87403910428546,63.51695501850088,1,C
1,0,8,5,13,86.69876585292141,5,17.837345731615176,72.74433854462633,1,B
3,0,2,14,7,96.10391387940327,9,25.012989234925406,72.35798286762014,1,B
3,0,13,8,15,80.33374900943792,9,21.04171862617974,77.08161564165259,1,B
1,3,16,11,12,68.35999164425124,2,13.544998955531405,46.11878406996498,0,F
3,0,17,18,14,59.26928390393401,12,25.408660487991753,76.57624743371532,1,B
1,1,11,9,16,76.93555165324051,5,17.616943956655064,62.4725433589436,1,C
4,0,21,6,9,59.24623174422945,20,22.40577896802868,58.528753841318704,0,C
2,3,13,18,13,78.39062863597378,4,24.79882857949672,69.70707396903576,1,B
4,1,25,12,7,57.43953591208721,20,26.1799419890109,53.27585448990766,0,C
2,0,25,6,14,60.58725124824802,10,16.573406406031005,53.88966018549685,0,C
1,1,27,15,14,50.0,3,17.25,52.26525843151526,0,C
2,1,12,12,12,81.07437666910232,6,20.13429708363779,55.419125007568255,0,C
4,3,13,17,18,75.50866522645538,8,26.438583153306922,64.43444919419348,1,C
2,3,8,15,17,82.00124245189797,10,21.250155306487244,74.3582447176064,1,B
1,1,18,6,17,60.16919141055709,2,18.521148926319636,45.76595444255662,0,F
2,0,25,15,11,50.0,8,21.25,57.44824124614156,0,C
3,3,1,9,16,97.92869226587393,12,25.241086533234242,70.03725356327891,1,B
4,1,10,8,11,84.09671919708094,8,24.512089899635118,64.91312375585468,1,C
3,2,16,5,18,73.20135565192817,15,23.15016945649102,56.43905977323277,0,C
1,2,1,18,15,97.96525554289279,4,18.2456569428616,86.26684331190617,1,A
2,3,18,16,14,66.73455409139956,10,16.341819261424945,61.47866218333537,0,C
3,0,6,12,13,90.88637739343997,9,26.360797174179996,75.25290762461316,1,B
3,2,17,14,16,60.93116554105421,6,21.616395692631777,58.66371369075523,0,C
2,2,12,16,12,74.15424079471003,8,19.269280099338754,60.8819108379606,0,C
2,2,4,7,7,92.69685813332362,10,20.587107266665452,60.24098306390347,0,C
4,0,17,17,18,72.83051164602963,12,29.103813955753704,91.470407219788,1,A
3,0,22,8,17,53.99358326587523,6,20.749197908234404,62.68203705031131,1,C
3,3,25,8,10,53.786260785833875,12,19.723282598229233,46.94241459468794,0,F
1,3,23,9,15,59.62604524881272,3,19.45325565610159,45.07191015341704,0,F
4,2,23,7,10,50.0,8,27.25,32.76409474337807,0,F
1,0,28,13,9,50.0,4,12.25,49.15199148469495,0,F
3,1,15,8,7,75.45927262604631,15,23.432409078255787,61.28245823607857,0,C
1,2,14,18,13,72.2568475303857,3,15.032105941298212,63.66721119210695,1,C
3,3,7,14,11,83.70073948225345,9,25.46259243528168,61.99683146728428,1,C
3,0,25,19,8,50.0,15,23.25,61.634573680646575,1,C
1,3,14,15,10,67.10919569279511,3,20.38864946159939,47.78949174293903,0,F
1,3,24,15,9,53.897923854364436,3,17.737240481795553,48.27864761314288,0,F
2,0,0,8,5,100.0,4,26.5,78.56919752185158,1,B
2,2,27,10,6,50.0,10,15.25,36.018012420994474,0,F
2,0,16,19,5,68.64738863691765,6,22.580923579614705,63.33495108977649,1,C
3,2,29,12,13,50.0,15,23.25,55.87000249133962,0,C
1,3,14,17,13,69.17249634465169,2,15.646562043081461,63.96323694379022,1,C
4,0,13,11,9,68.74189945937206,8,25.592737432421508,68.66228979559828,1,B
3,1,13,8,12,67.86201769338135,15,21.48275221167267,69.01733379341579,1,B
4,2,9,8,14,83.8879767489056,20,28.4859970936132,72.98782055570257,1,B
1,1,1,9,8,97.54382894386828,4,22.192978617983535,71.02889486301804,1,B
3,2,26,14,5,50.0,6,17.25,47.16497751389841,0,F
4,0,5,9,17,90.9698264784951,12,26.371228309811887,84.53490567349957,1,A
4,1,29,16,17,50.0,8,22.25,63.93280989394542,1,C
2,0,16,5,8,61.9550723980185,4,20.744384049752313,52.71123565259012,0,C
2,2,4,17,11,91.23033364289884,8,22.403791705362355,75.41849030054053,1,B
2,2,4,12,15,90.42023107951344,10,22.30252888493918,68.55690177040917,1,B
3,2,14,14,6,69.45916978213117,6,19.682396222766396,54.608126325744834,0,C
1,2,14,17,6,72.83434682181067,4,17.104293352726334,56.803252074232404,0,C
1,3,19,9,10,53.487058415973905,5,17.685882301996738,39.863150921136565,0,F
2,2,10,7,13,75.36752322283907,4,21.42094040285488,54.65568327385924,0,C
2,1,4,7,7,92.74329961084105,8,19.592912451355133,64.20009913979014,1,C
2,2,27,8,11,50.0,4,18.25,42.01945543865363,0,F
4,0,0,16,14,100.0,12,33.5,86.91787963879146,1,A
2,3,10,11,19,76.7785404828276,10,18.59731756035345,59.52703764046309,0,C
4,1,10,9,18,77.08854349156897,20,30.63606793644612,67.62722532659326,1,B
1,3,5,5,13,87.58442447621937,2,19.94805305952742,59.32807591222992,0,C
3,3,22,18,15,56.76529910528808,12,19.09566238816101,57.30192070531842,0,C
3,3,7,16,17,84.34263034152684,12,25.542828792690855,73.52033482099559,1,B
3,0,1,17,13,97.64327953015453,9,23.205409941269316,88.53390862406263,1,A
3,3,14,9,15,75.90277386612433,9,21.487846733265542,50.82446724591968,0,C
4,3,22,18,8,53.34778059474409,16,25.66847257434301,49.21211381543161,0,F
4,2,21,9,6,56.99813879565883,20,25.124767349457354,45.5707822361473,0,F
2,0,8,10,19,82.0573839599968,6,22.2571729949996,69.89489759830985,1,B
4,1,14,18,5,69.26400824335263,8,29.65800103041908,65.02036391738831,1,B
2,1,7,11,10,83.81045172403854,4,21.47630646550482,66.40741157886521,1,B
2,1,29,9,9,50.0,10,21.25,44.916743813277996,0,F
3,0,15,19,10,74.25465412489609,15,26.28183176561201,85.7717110932673,1,A
4,1,26,17,11,50.0,12,24.25,61.1273759527447,0,C
4,0,13,15,13,75.81267539664601,8,26.47658442458075,80.34149664224672,1,A
2,2,14,18,14,74.97397018902791,10,21.37174627362849,71.75872968908054,1,B
2,2,19,6,14,65.10044801498947,4,18.137556001873683,50.85683792005558,0,C
1,0,29,18,15,54.5757342595202,3,18.821966782440025,57.45876109294967,0,C
1,1,12,6,10,72.72226784611279,5,17.0902834807641,50.525895011057926,0,C
2,0,8,17,10,82.27872273167935,8,18.28484034145992,76.00417017254696,1,B
1,0,0,8,17,100.0,2,17.5,75.31061641367597,1,B
1,3,26,5,19,50.0,5,12.25,39.13692575720862,0,F
2,0,5,11,7,90.63433416625853,6,24.329291770782316,75.26014284650867,1,B
2,3,7,17,17,87.43241646722734,8,25.929052058403418,73.29623408858049,1,B
4,2,26,5,12,50.0,20,25.25,37.82813385377556,0,F
2,3,26,7,13,50.01618117248064,4,21.25202264656008,39.37645227906642,0,F
2,0,19,14,5,67.77766873609089,4,16.472208592011363,49.08308090902966,0,F
3,2,17,11,10,61.7662534345902,9,19.720781679323775,53.17491987611765,0,C
4,3,26,15,11,52.267331788559,8,27.533416473569876,44.60812352038595,0,F
4,0,17,16,15,70.89852788470463,16,22.86231598558808,88.34940536461018,1,A
4,2,25,16,12,61.8196430571027,12,24.727455382137837,52.75470514321529,0,C
3,3,16,10,19,60.470371867496674,9,20.558796483437085,53.66434006076324,0,C
2,0,20,19,16,60.65421232104466,10,16.581776540130583,69.88743922454088,1,B
4,0,15,19,14,75.0736319045809,12,25.384203988072613,80.40286919153746,1,A
4,1,12,11,19,72.90626608539125,20,27.113283260673906,86.53478668246801,1,A
1,1,21,9,15,50.0,3,18.25,48.72312034125506,0,F
4,3,3,12,12,93.91609602220342,20,32.73951200277543,64.03213784145156,1,C
2,3,3,10,11,95.41492162364638,10,23.926865202955796,65.79483252635673,1,B
2,3,20,16,12,62.697140771975086,10,17.837142596496886,51.87635901242632,0,C
1,0,13,8,15,77.3396787367871,4,17.66745984209839,66.33269344978532,1,B
4,3,4,18,13,91.45441012057614,20,27.431801265072018,74.22947433846258,1,B
4,0,15,15,14,69.71713297372446,16,24.714641621715558,74.61722769734477,1,B
4,3,13,5,11,75.87542103147528,20,25.484427628934412,56.72001553568384,0,C
3,0,29,6,19,50.0,15,18.25,52.916054209385386,0,C
4,0,13,16,19,72.90241933272078,16,29.1128024165901,85.73314339302492,1,A
2,1,13,10,7,68.7156283820166,8,17.589453547752075,54.701700731700136,0,C
2,2,24,8,19,50.0,8,20.25,51.842551615327054,0,C
3,0,23,7,13,53.822626651632476,12,19.72782833145406,50.5891823036306,0,C
3,3,24,11,5,50.0,15,22.25,31.005763779076425,0,F
4,1,28,11,18,52.332249260701985,20,23.541531157587748,62.328047280131,1,C
1,3,13,6,12,77.33365996809219,3,21.666707496011526,42.75661552196376,0,F
3,3,18,12,10,58.89568356805617,9,22.36196044600702,46.94101128178186,0,F
3,0,29,19,15,50.0,15,21.25,77.38075222548622,1,B
4,0,2,19,7,96.181528275815,12,33.02269103447688,86.15576603948728,1,A
4,2,16,15,13,61.80675272835512,16,25.72584409104439,59.90472956089383,0,C
3,0,13,5,10,72.56858255419012,9,27.071072819273766,49.16775107149529,0,F
1,0,9,15,19,79.27381773640164,4,14.909227217050205,82.64052924933436,1,A
3,2,12,14,11,72.28193355268377,15,23.03524169408547,58.435774804030075,0,C
4,3,21,11,15,65.97944017545285,12,23.247430021931606,52.87196552417302,0,C
4,2,3,14,6,93.5388928105909,16,29.69236160132386,64.7991146743414,1,C
3,2,10,16,5,75.47483661293919,15,21.434354576617398,58.06289895116181,0,C
1,2,14,5,5,72.27962074520693,5,15.034952593150866,41.80115368844871,0,F
3,1,14,17,7,68.74944604268731,12,20.593680755335914,65.17564256525384,1,B
3,3,29,16,15,50.0,12,22.25,57.50151465443548,0,C
4,1,23,19,7,60.78854259245765,20,22.598567824057206,63.45200646299202,1,C
1,1,1,18,12,98.3048063542811,2,19.288100794285135,79.84166961766996,1,B
2,0,10,7,11,80.66166834814027,4,19.082708543517533,70.46751704016793,1,B
1,2,1,7,19,98.01700942619058,4,17.252126178273823,75.97794098290642,1,B
3,2,22,14,14,55.93108626177763,9,18.991385782722205,61.669920520182856,1,C
3,1,28,18,12,50.0,12,21.25,65.63964781260572,1,B
3,0,4,6,5,93.59898182345009,15,23.69987272793126,79.14039458253757,1,B
1,0,12,18,8,77.43367918842605,4,18.679209898553257,75.48543544993379,1,B
4,0,0,14,12,100.0,8,27.5,80.18821891496331,1,A
3,3,6,17,14,85.22132356359458,12,24.652665445449323,73.5573733959659,1,B
3,1,6,9,6,87.97411109795777,6,23.99676388724472,62.750712395134116,1,C
1,3,9,8,11,79.52251851891195,3,18.940314814863996,47.671667214717374,0,F
2,0,5,17,12,88.7536094597889,6,19.09420118247361,79.05456642482172,1,B
2,0,19,10,18,60.73756306085903,6,16.59219538260738,65.33970904093717,1,B
4,0,11,6,13,82.0622658781542,16,28.257783234769274,60.81877598619084,0,C
4,2,12,18,11,79.37489548050087,8,28.92186193506261,56.36334660016291,0,C
3,1,23,8,16,59.97677405170547,12,24.497096756463183,59.91321683366108,0,C
1,2,27,16,13,58.45618951331139,3,19.307023689163923,53.21557082777002,0,C
3,3,10,11,6,81.20781990142208,12,28.15097748767776,49.74171144376224,0,F
4,2,17,5,15,64.12126671960401,8,24.015158339950503,48.867881033533116,0,F
1,1,1,17,5,98.35573370126102,5,22.294466712657627,65.65136525562905,1,B
1,2,15,15,5,74.87445985302006,2,15.359307481627507,56.189346079430436,0,C
4,0,1,7,15,97.79301367159736,12,28.22412670894967,79.80147266017968,1,B
2,3,18,5,16,69.95343900137385,6,16.74417987517173,47.94156781468337,0,F
2,3,5,6,8,91.82332211190521,6,23.47791526398815,56.25117321728459,0,C
1,0,0,13,5,100.0,4,17.5,71.75316664667352,1,B
3,0,10,14,11,84.85264719256472,6,23.60658089907059,80.14457132708034,1,A
2,0,17,9,12,68.96806112097583,8,19.62100764012198,65.20523852781045,1,B
3,1,9,17,7,86.18557004748422,9,28.773196255935527,76.44239398145706,1,B
2,2,17,8,18,60.25318070889204,4,18.531647588611506,58.1836320653922,0,C
2,3,29,16,5,50.0,10,19.25,42.28107063051394,0,F
3,2,27,8,7,58.20529997186679,9,24.27566249648335,41.93754213791324,0,F
4,0,0,12,6,100.0,8,30.5,79.3811579311873,1,B
2,0,18,16,10,70.78426493260085,4,23.848033116575106,64.12947096898935,1,C
2,2,15,7,15,70.06401088416916,6,23.758001360521146,56.97775292321238,0,C
3,3,25,19,11,50.0,15,24.25,56.39685466458282,0,C
4,1,6,16,13,90.10895780299582,8,26.263619725374475,74.12388189465722,1,B
2,2,14,16,9,72.04129429155643,4,22.005161786444553,64.96267867207499,1,C
2,0,28,8,8,50.0,10,14.25,47.9059310275897,0,F
4,0,0,6,5,100.0,12,29.5,71.97439923477349,1,B
2,1,22,10,15,50.0,4,21.25,46.63452553719678,0,F
4,2,20,16,18,56.91051106736529,12,24.11381388342066,53.23665039989474,0,C
4,1,8,13,10,81.16112675503658,16,25.145140844379572,76.19146475275629,1,B
3,1,1,16,15,97.85311804256307,12,23.231639755320384,85.08713742991598,1,A
1,3,16,8,12,61.97941991310421,5,14.747427489138026,47.008954682560464,0,F
4,3,24,15,8,53.601470754440854,12,25.70018384430511,44.560882292802084,0,F
3,0,23,10,5,51.51623326982637,6,20.4395291587283,43.16005459604529,0,F
1,2,9,8,18,78.89347429161897,5,18.861684286452373,71.48904624128203,1,B
2,3,5,18,18,87.90957139889541,8,22.988696424861928,74.9037332559355,1,B
1,0,4,6,9,93.90126906673126,3,18.737658633341407,67.52414218776028,1,B
4,2,7,17,14,88.77233115398718,20,32.0965413942484,79.51617946007262,1,B
4,0,7,18,9,82.98179557063311,20,25.372724446329137,74.77063587692415,1,B
4,3,29,10,6,50.0,12,21.25,37.70552575913069,0,F
4,0,4,16,10,90.03923162426454,8,30.254903953033068,83.20739811930176,1,A
4,2,11,11,14,74.78103653011424,8,26.34762956626428,66.34948250896532,1,B
3,2,6,8,13,86.09115889754113,6,28.761394862192642,58.52343501299211,0,C
4,0,12,16,18,77.36652990818791,12,30.67081623852349,77.5104100330178,1,B
3,2,12,15,10,78.90950334598001,12,25.8636879182475,67.97694818794093,1,B
2,0,16,11,12,66.42785321628992,10,19.30348165203624,71.55916118407137,1,B
4,2,3,17,14,92.862903704095,12,28.607862963011875,71.17254804900304,1,B
4,0,17,15,7,62.16312535195866,8,28.770390668994832,55.71561220033856,0,C
1,0,9,12,14,82.25042373843449,2,17.281302967304313,70.48081341020306,1,B
2,0,2,15,6,95.49359904791793,10,21.936699880989742,69.89945275763955,1,B
4,1,11,7,8,75.90562614471645,20,30.488203268089556,58.65091110189094,0,C
4,2,0,19,16,100.0,20,29.5,90.0,1,A
2,3,26,6,13,54.147512198580905,10,15.768439024822612,42.54825606405821,0,F
3,0,10,9,13,83.8068854074299,15,21.475860675928736,77.05317739969371,1,B
4,1,17,6,7,66.50913022947151,12,25.31364127868394,49.55514051180396,0,F
1,3,12,14,16,77.66703026965419,2,15.708378783706774,66.69482909327687,1,B
4,0,16,9,17,60.402221646928346,8,22.550277705866044,55.841060069807,0,C
1,3,7,14,5,89.44747068633623,3,20.18093383579203,49.29310806818654,0,F
1,1,19,19,5,53.765721822383874,4,16.720715227797985,52.77649980065963,0,C
4,3,18,17,8,55.80857399500065,8,20.97607174937508,42.89826303078947,0,F
4,0,16,10,8,75.1846659717047,16,26.398083246463088,66.01981031493042,1,B
1,3,1,12,15,97.61043014885433,4,23.201303768606792,70.89524832946341,1,B
2,3,2,10,16,96.05844232073711,8,20.00730529009214,64.61465657729404,1,C
2,0,2,8,19,95.46769852709227,8,22.933462315886533,80.96263715920952,1,A
4,1,5,7,14,92.10372234432526,8,32.51296529304066,70.46761089821308,1,B
3,1,9,18,10,77.90314965293727,6,26.737893706617157,75.60987412218505,1,B
2,3,23,18,9,51.52638507375653,6,19.440798134219566,49.19819243931501,0,F
4,2,21,6,10,50.0,8,20.25,42.55789043179086,0,F
2,3,17,17,14,63.0596273984309,6,15.882453424803863,56.39217899064019,0,C
3,2,17,5,11,65.37422500104105,12,20.171778125130132,48.20894215024675,0,F
4,3,13,6,11,78.25755610375637,12,29.782194512969546,57.14793111328453,0,C
3,1,15,6,14,74.83068804686799,9,20.353836005858497,56.271255884134796,0,C
4,3,6,19,18,88.16457824828183,8,25.02057228103523,82.81377472496281,1,A
3,3,0,9,14,100.0,9,28.5,68.44722779015736,1,B
2,2,16,13,13,74.1565011538903,8,24.269562644236288,62.61981690017885,1,C
2,1,22,5,19,50.0,4,20.25,48.813903343050534,0,F
3,2,24,8,10,50.0,6,24.25,46.86717501985407,0,F
3,3,4,14,12,92.42976491734139,6,25.553720614667675,70.07181333047401,1,B
3,0,26,11,6,54.418923400298105,15,18.802365425037262,47.10804171487534,0,F
4,3,0,15,12,100.0,16,26.5,75.71932318312992,1,B
2,3,20,18,13,67.53576761526729,6,17.44197095190841,54.46033734304035,0,C
4,2,26,14,8,51.970461679101724,20,27.496307709887716,50.07844207180585,0,C
2,0,16,7,19,74.6574024240961,4,18.332175303012015,62.799374640477424,1,C
1,0,9,12,9,77.91883948241912,5,16.73985493530239,67.09668943585535,1,B
4,2,11,7,9,76.70614756457074,20,26.588268445571345,57.54483441090807,0,C
2,1,24,12,6,55.93168852783747,6,21.991461065979685,49.694184902074866,0,F
2,0,19,17,9,66.26581985796251,8,18.283227482245316,65.51977372302065,1,B
4,0,24,6,13,53.3417369549674,20,21.667717119370927,56.3392823790013,0,C
4,2,1,9,8,98.40862152299273,16,31.301077690374093,58.30116744776602,0,C
2,1,22,8,14,50.0,8,19.25,55.01948260918623,0,C
4,1,15,15,7,69.83589434573909,8,22.729486793217387,51.59085076694734,0,C
3,3,14,13,18,68.84862625443374,6,26.606078281804216,62.20023180170445,1,C
4,3,27,7,11,53.188862274250326,12,26.64860778428129,38.583172244955385,0,F
4,2,12,16,12,75.95500886947974,12,26.494376108684968,70.06146851242251,1,B
4,1,17,15,17,70.91153568244175,20,26.86394196030522,77.71022163312442,1,B
2,2,27,9,17,50.0,4,17.25,43.216272570201035,0,F
3,3,19,14,14,56.769774813020256,12,20.096221851627533,54.61415680747743,0,C
1,2,21,13,10,65.38775119187561,4,19.173468898984453,52.3272722254885,0,C
1,2,13,17,10,79.53141029043114,5,17.941426286303894,62.991506301310224,1,C
3,0,17,10,17,60.48865547856977,6,18.56108193482122,66.40450048263287,1,B
3,0,1,6,9,98.39035209526074,9,26.298794011907592,78.10558268500372,1,B
3,0,1,5,15,97.95151601931467,15,27.243939502414335,78.13578807494041,1,B
2,3,2,16,10,95.93102540413719,8,24.99137817551715,69.99305507025333,1,B
1,2,4,15,13,93.18822372747138,2,22.648527965933923,72.78469404281898,1,B
3,0,24,5,19,50.0,9,24.25,56.49065127702529,0,C
2,0,15,11,6,69.95867188803095,6,18.74483398600387,55.59347624369995,0,C
1,0,21,18,14,57.807026330164085,4,14.225878291270512,63.24519959463733,1,C
4,3,14,16,15,73.96420033005464,16,30.24552504125683,69.06422885715494,1,B
2,3,11,6,19,74.27728587382316,8,18.284660734227895,52.344309165515796,0,C
1,2,29,11,7,54.053253676820766,4,17.756656709602595,34.75170284406143,0,F
2,2,8,5,5,84.49101561721065,6,20.56137695215133,47.65029529647629,0,F
1,2,25,8,8,56.00459104588701,2,16.000573880735878,43.72001598287805,0,F
1,0,13,14,6,69.47036772449164,3,17.683795965561455,66.38658790673213,1,B
4,1,28,19,10,51.6977464465285,16,25.462218305816062,48.35866254184636,0,F
2,3,20,19,19,54.659503528684,4,21.8324379410855,60.443213947134694,0,C
3,0,15,17,17,68.32727016411695,9,21.54090877051462,81.15432746396547,1,A
4,0,10,15,19,76.25209744619971,8,28.531512180774964,85.58848880138584,1,A
4,2,5,8,5,89.53103028539462,12,28.191378785674328,56.58801766412262,0,C
1,2,9,19,12,81.49164070236837,2,19.18645508779605,76.90080840580603,1,B
3,0,27,9,14,50.0,9,19.25,62.969762353659064,1,C
2,3,7,18,10,85.56259473451239,6,20.69532434181405,63.54295294234667,1,C
3,3,15,18,13,64.83186911529943,15,22.103983639412426,58.366919853058505,0,C
3,0,2,14,16,96.90136394038177,12,28.11267049254772,91.64965607421586,1,A
3,1,1,19,10,98.00485014633948,15,29.250606268292437,87.9138750752688,1,A
3,1,15,19,14,65.30962729933385,9,21.16370341241673,71.09965384710122,1,B
3,3,18,5,11,57.72942735552038,12,18.21617841944005,38.963570143918496,0,F
1,2,29,11,9,50.0,3,12.25,47.81495560462918,0,F
1,1,8,15,18,83.16494944310749,5,19.395618680388438,85.76253755512428,1,A
4,1,15,6,12,62.59042986789847,8,24.82380373348731,56.604968396818194,0,C
1,2,21,16,12,64.6908875360807,2,16.08636094201009,61.35728556383873,0,C
4,1,25,19,14,58.13856051531163,16,22.267320064413955,74.0676535394008,1,B
4,0,27,15,13,58.61378778783828,20,21.326723473479785,69.4944917759429,1,B
2,1,3,19,16,92.53198847123313,10,26.566498558904144,89.86911271202383,1,A
3,2,9,17,10,83.36781543199896,9,22.42097692899987,69.33573920358944,1,B
1,0,18,15,5,59.28302476830214,4,19.410378096037768,62.33614983804398,1,C
2,1,12,17,13,81.28347624669425,4,20.16043453083678,74.90047109411766,1,B
1,3,17,6,7,69.42230219239075,5,19.677787774048845,42.82469523194036,0,F
4,0,14,12,13,70.26613722047138,12,27.78326715255892,70.60402128421185,1,B
1,0,29,19,11,50.0,4,14.25,65.67267774640055,1,B
3,3,3,13,18,94.87675528091235,15,27.859594410114042,77.40775097062902,1,B
4,3,8,10,16,84.30725669766258,20,29.538407087207823,63.33152809941086,1,C
4,1,3,15,17,95.17365402438446,8,30.896706753048058,89.17080650539337,1,A
2,1,28,5,7,50.0,10,20.25,44.82621297593065,0,F
3,2,15,5,13,76.04587835417395,6,25.505734794271746,45.486342710594194,0,F
4,2,27,18,18,50.0,20,22.25,56.84083053459155,0,C
3,0,20,15,11,66.89284843839576,9,25.36160605479947,70.51394107161214,1,B
1,3,14,11,11,71.34079750824858,3,16.917599688531073,50.59250748746446,0,C
3,3,23,12,11,62.53022436406595,9,23.816278045508245,43.99298647754948,0,F
4,2,1,7,6,98.09928956632847,16,29.26241119579106,64.10638825771565,1,C
2,0,27,13,15,50.00054829076561,8,20.2500685363457,61.73063784860883,1,C
4,0,26,8,8,50.0,12,25.25,40.46490377084022,0,F
3,2,13,8,14,72.1648986200146,9,22.020612327501823,57.70460404992045,0,C
3,2,2,7,12,95.12582235919402,9,23.890727794899252,60.041674967533595,0,C
4,2,21,12,16,50.0,8,25.25,55.88138796789214,0,C
3,1,27,13,6,50.0,9,21.25,44.92089878259636,0,F
1,0,22,5,17,50.04711370702458,4,18.255889213378072,55.53180249549515,0,C
4,0,3,6,8,93.62526275026875,8,29.703157843783593,74.96089996166361,1,B
2,0,29,5,14,50.0,6,15.25,48.39724612902402,0,F
4,2,0,18,12,100.0,16,26.5,81.86920866273667,1,A
1,2,22,8,19,60.141169311369396,2,18.517646163921174,60.027336645056025,0,C
1,2,27,14,16,50.03138127147299,2,12.253922658934123,54.07523992571326,0,C
1,2,8,11,7,83.40212937624302,4,16.425266172030376,54.80323026987553,0,C
1,3,16,18,16,64.47716916168294,4,14.059646145210367,66.14944130878959,1,B
1,2,13,11,10,75.2204524024449,2,18.40255655030561,53.23454258408403,0,C
2,1,16,16,16,73.71731518677193,8,24.214664398346493,72.84255088360823,1,B
3,3,0,10,6,100.0,6,26.5,53.802445352695926,0,C
1,3,9,17,12,77.8313096151845,2,21.728913701898062,63.019079755537945,1,C
1,2,22,15,12,62.29008890581777,2,12.786261113227221,48.70863786769352,0,F
4,0,15,9,16,67.76396369558809,8,28.47049546194851,75.52463252746286,1,B
2,2,26,15,17,50.0,6,14.25,52.298555130668085,0,C
2,0,24,8,5,54.970294732944886,8,21.87128684161811,50.093704600052696,0,C
3,2,18,16,7,57.01809504085116,9,18.127261880106396,50.12535504459999,0,C
2,2,23,17,18,50.0,6,16.25,61.453224628016955,0,C
4,0,24,18,19,55.862920983395114,12,25.982865122924387,79.56784388190081,1,B
4,0,2,12,6,96.80296534976846,12,27.100370668721055,76.5410776383834,1,B
3,0,27,11,11,54.67944282669681,6,20.8349303533371,55.278257541318084,0,C
4,0,11,15,11,79.47675904088399,8,26.9345948801105,76.70255209628962,1,B
1,1,2,15,8,95.08173138210945,2,18.885216422763683,77.58889065414577,1,B
1,0,14,14,16,75.15769796932665,5,18.39471224616583,73.9668807240135,1,B
4,2,16,5,16,61.17016406516535,8,23.64627050814567,44.63508193153158,0,F
3,2,17,10,12,71.41680034450906,9,21.927100043063632,59.67594431788078,0,C
2,1,6,18,7,85.18112544585279,10,19.647640680731598,72.81687784740943,1,B
3,0,18,6,18,67.71511836283605,15,23.464389795354506,75.85764734776032,1,B
2,2,6,8,13,87.20144641935276,10,23.900180802419094,66.36979935093879,1,B
4,1,4,9,9,93.72123510211787,8,30.715154387764734,75.08986756846443,1,B
4,2,25,12,18,55.008395720317125,12,22.876049465039642,67.3190179304604,1,B
1,1,7,10,17,88.02502715535131,2,21.003128394418916,71.39233510912048,1,B
2,1,20,15,19,69.93166662632215,8,23.74145832829027,73.81793391100713,1,B
3,3,15,6,18,75.14845318424014,15,23.393556648030017,63.24588907342235,1,C
4,3,15,9,6,68.60344525244213,16,23.575430656555266,45.02264738604014,0,F
3,0,18,19,13,65.98143688231613,15,24.247679610289516,75.47882833741474,1,B
1,3,24,9,5,50.0,5,15.25,28.131551274888054,0,F
2,1,14,10,15,69.6049555957019,8,19.700619449462735,60.15157808502258,0,C
2,2,6,5,12,86.20420294595249,8,18.77552536824406,47.01853798419505,0,F
4,2,4,12,10,90.53189990786949,8,26.316487488483688,69.39186401123476,1,B
2,0,22,7,16,50.0,8,17.25,52.38639918076336,0,C
4,3,10,9,5,80.51939160281616,16,26.064923950352018,42.42695305995076,0,F
1,0,9,11,18,83.72145042671043,3,17.465181303338802,82.12489787696963,1,A
2,1,24,7,8,51.94474088875668,8,15.493092611094585,35.3877192737711,0,F
4,3,20,18,7,59.29742986723916,8,25.412178733404893,54.80703011664518,0,C
3,0,22,14,11,60.11016062727845,15,24.513770078409806,70.03680684401898,1,B
4,2,26,19,11,50.0,20,22.25,60.948119598363576,0,C
2,2,8,17,10,87.15376278268295,6,21.89422034783537,62.92166470408469,1,C
1,0,0,19,18,100.0,2,17.5,85.3285456272548,1,A
2,0,19,10,14,57.32508634907944,10,19.16563579363493,58.09045098372823,0,C
2,0,0,9,18,100.0,6,26.5,73.14620171565366,1,B
4,1,7,11,14,88.5267350622962,20,26.065841882787026,65.7571905547218,1,B
3,1,2,14,16,96.42531361735847,6,25.05316420216981,86.55296036097542,1,A
2,2,1,19,12,98.12895088323874,8,24.266118860404845,89.83155615010325,1,A
3,1,29,15,11,50.0,9,24.25,56.49772994989893,0,C
4,1,3,7,8,94.37618384540679,16,25.797022980675848,67.72965829932633,1,B
3,3,26,17,11,57.362279084662184,6,25.170284885582774,47.9459196587069,0,F
4,1,18,18,19,70.02288715646284,8,29.752860894557855,83.26277002001615,1,A
1,3,10,6,5,82.64165020402426,5,22.33020627550303,35.41041136248936,0,F
3,1,4,8,7,92.39203193018675,15,26.549003991273345,67.35154817022413,1,B
3,2,28,7,6,50.0,9,21.25,44.80925653734901,0,F
1,0,23,19,11,50.0,5,12.25,63.02466572533506,1,C
3,2,9,8,13,81.77033878063231,15,27.221292347579038,61.706363038014516,1,C
1,1,23,11,9,52.25887637793888,2,11.532359547242361,53.48939923169015,0,C
2,0,26,9,13,50.0,4,21.25,63.77184450898114,1,C
4,0,22,8,16,58.226948711629475,12,21.278368588953683,70.64851892331697,1,B
1,0,7,18,17,82.63661690849497,4,19.32957711356187,84.23974739062575,1,A
3,3,12,19,12,81.55205467425407,9,23.19400683428176,71.06306981592154,1,B
1,2,28,10,5,51.95654221292623,2,15.494567776615778,43.230020147292876,0,F
3,3,4,11,18,92.8613812053797,6,25.607672650672463,67.02396909138903,1,B
2,0,25,16,15,50.0,6,16.25,59.91686575950575,0,C
1,2,25,18,6,50.0,3,12.25,46.83305500201955,0,F
2,2,26,15,10,50.0,8,21.25,43.86736925607555,0,F
4,1,11,9,9,78.91353920818942,8,30.86419240102368,55.68444841653667,0,C
3,3,26,16,19,50.0,15,17.25,54.184914639772416,0,C
3,3,12,11,15,80.81790284533727,6,26.10223785566716,56.047238293583945,0,C
2,1,21,7,11,54.798871294071596,10,16.84985891175895,43.38527219361053,0,F
4,3,7,11,13,82.93943355692933,20,25.367429194616165,64.24819034986353,1,C
1,0,14,16,18,68.43140223899059,5,17.553925279873823,78.049827489845,1,B
1,0,12,19,8,78.66559397677317,4,15.833199247096646,66.16085273714702,1,B
3,3,0,7,12,100.0,9,30.5,65.3046252182459,1,B
2,1,21,18,8,62.30996923918406,10,18.788746154898007,62.273352392597886,1,C
2,2,5,10,7,91.94208942894964,6,24.492761178618707,55.12861996783539,0,C
1,3,10,12,16,77.8277846616624,5,15.7284730827078,59.21652746307802,0,C
4,2,12,17,6,79.84928027543265,16,30.98116003442908,66.78026827975745,1,B
4,1,20,19,12,67.77870122368617,20,27.47233765296077,76.22660523258757,1,B
1,2,19,10,19,61.01655896167877,3,19.627069870209844,61.44775881192646,0,C
1,1,0,14,15,100.0,4,22.5,85.90724023318252,1,A
2,1,10,15,12,84.48943715543575,6,20.56117964442947,72.52306631404005,1,B
4,0,25,7,15,62.388277800021584,12,27.798534725002696,59.49331408976821,0,C
1,0,10,16,16,76.17929669606849,3,14.522412087008561,74.611283460101,1,B
1,1,7,9,7,88.6932320732587,5,23.086654009157336,62.9630118757392,1,C
3,3,21,13,5,56.23814089120724,12,20.029767611400906,46.58507121757299,0,F
1,0,2,12,17,95.09290750515822,4,23.886613438144778,73.1631840457719,1,B
1,1,27,10,10,50.0,4,13.25,46.167171576750505,0,F
4,2,18,13,9,70.48363583480122,8,22.810454479350152,55.055496300289946,0,C
2,2,11,6,12,79.17167046455674,4,20.896458808069593,55.24442028929809,0,C
4,3,5,17,19,89.37978926077759,16,27.172473657597198,72.40180195886319,1,B
2,2,27,15,10,50.0,10,21.25,54.170913722164755,0,C
3,2,22,13,8,53.64736411944833,6,17.70592051493104,44.846785904349076,0,F
1,1,7,14,14,89.25978985848812,5,16.157473732311015,73.40850627911765,1,B
3,2,4,17,14,93.42758853894023,15,24.67844856736753,81.80873384718981,1,A
2,2,9,14,16,83.15378480084506,4,23.394223100105634,71.50199970883895,1,B
4,2,21,10,19,53.68001260815444,12,20.710001576019305,56.645991002852014,0,C
4,2,15,13,16,68.73508037579192,12,27.591885046973992,62.241927315218035,1,C
3,1,11,16,15,83.00835518043243,9,25.376044397554054,76.8140078839877,1,B
2,2,16,8,6,63.24982547833779,4,17.906228184792223,41.175852471215904,0,F
3,3,5,9,12,89.47437784322118,15,27.18429723040265,71.01793577750647,1,B
3,0,8,6,9,80.90279971599263,6,24.112849964499077,63.030628812327656,1,C
1,3,9,7,16,82.7411221111143,4,19.342640263889287,59.375782682486616,0,C
3,0,19,5,19,62.1861661640866,15,24.773270770510827,70.92693054524428,1,B
1,3,13,8,12,75.22783999473967,2,17.40347999934246,48.11176151277988,0,F
1,0,13,16,19,71.10809111638277,5,18.888511389547844,86.13476984044165,1,A
4,0,25,6,9,50.0,8,26.25,39.9657805425786,0,F
1,0,28,16,10,50.0,4,18.25,59.86165748763823,0,C
1,0,16,19,17,71.3344112023306,4,15.916801400291325,85.2608752617725,1,A
4,1,29,6,19,50.0,16,21.25,59.132165813431556,0,C
3,3,26,5,14,52.19826768026005,9,24.524783460032506,30.108949836559376,0,F
2,0,24,14,18,50.0,8,14.25,67.23091021539513,1,B
2,3,15,16,9,76.67325756563092,6,21.584157195703867,56.17299946663397,0,C
2,2,3,6,15,95.38683774192268,10,21.923354717740335,67.65580396660864,1,B
3,0,1,8,7,98.3982915754574,15,23.299786446932174,72.22537512951297,1,B
1,3,15,10,14,74.46455208305215,5,19.30806901038152,57.68570537439304,0,C
2,1,0,17,12,100.0,4,21.5,80.94518997695586,1,A
3,3,2,16,7,96.85676662157731,6,26.107095827697165,71.09437504630984,1,B
1,0,22,11,8,60.26675715983776,3,19.53334464497972,55.99114519613021,0,C
4,2,10,11,10,84.00209318214743,12,31.50026164776843,60.99322138600333,0,C
2,3,15,11,6,65.46889334987813,6,18.183611668734766,50.89778991118966,0,C
1,2,25,19,18,61.153315275984234,2,14.644164409498028,61.08680176449167,0,C
2,1,17,8,11,59.06519940294759,4,20.38314992536845,48.42415076859917,0,F
2,3,14,16,9,66.80824638482636,10,17.351030798103295,53.82076987138221,0,C
2,3,8,9,16,86.33292507295488,8,24.79161563411936,54.84925680597938,0,C
1,1,11,18,14,82.71320241953872,4,18.33915030244234,77.12371409453874,1,B
3,1,28,15,17,55.04501873563975,6,19.88062734195497,60.544218702521846,0,C
1,1,26,16,9,50.0,4,18.25,63.4759492263407,1,C
2,0,17,7,9,64.28443242025708,10,21.035554052532135,55.082666428934736,0,C
1,0,4,5,17,92.7376688556968,4,23.5922086069621,70.44958663226843,1,B
4,3,23,18,17,58.67282562917359,12,27.3341032036467,63.60717884047391,1,C
3,3,28,12,6,50.0,15,17.25,38.13108159693844,0,F
1,3,28,14,15,50.0,2,16.25,49.796014407633095,0,F
4,2,27,15,17,50.0,12,21.25,53.9102840926434,0,C
3,1,25,11,19,52.93420552742276,6,23.616775690927845,68.48597206567767,1,B
4,3,7,18,19,87.9613037585783,8,26.99516296982229,78.92969654969336,1,B
3,1,2,13,16,96.70807030692605,9,28.088508788365758,79.10430840599494,1,B
1,0,1,18,14,97.86829180660725,5,23.233536475825908,90.22632889541804,1,A
4,1,24,14,13,56.16012121684922,8,28.020015152106154,63.53497217996542,1,C
2,2,18,8,7,69.60169301347406,6,19.700211626684258,48.70488179376123,0,F
4,2,7,16,16,87.56929132755505,12,31.94616141594438,72.24595060799334,1,B
3,1,1,19,11,98.19211842693954,6,27.274014803367443,73.83214817327728,1,B
1,2,18,16,9,61.734997522711744,2,14.716874690338969,44.85607762509386,0,F
3,2,0,9,14,100.0,15,26.5,75.30259252075453,1,B
4,0,29,9,14,50.0,12,21.25,59.87121369818081,0,C
4,3,26,17,9,53.073061029937676,16,23.634132628742208,36.254399164608884,0,F
2,2,21,11,19,58.24549859673262,8,18.280687324591575,59.60562031726077,0,C
1,3,12,17,8,74.14193188159479,2,20.26774148519935,49.91858413572088,0,F
1,1,22,13,14,55.04035764171507,2,12.880044705214384,49.28948657076212,0,F
4,1,19,12,10,58.917562702855534,20,25.364695337856944,56.34930405426409,0,C
1,2,16,11,11,70.8384719386398,4,18.854808992329975,54.29457698761138,0,C
2,1,2,18,11,95.07310016147,4,26.88413752018375,79.66226053989686,1,B
3,0,8,5,15,84.32808222712853,6,21.541010278391067,58.2191760499898,0,C
1,2,4,16,16,92.71226556080646,4,20.589033195100807,83.62104525679423,1,A
4,2,5,14,19,91.01803019381197,8,25.377253774226496,81.99162537489201,1,A
3,2,3,17,12,95.37191509103006,12,22.92148938637876,77.99111740506652,1,B
3,1,16,10,9,65.04310609564136,12,19.13038826195517,46.88281170469428,0,F
2,1,29,14,11,50.0,10,16.25,49.66763063125501,0,F
4,2,20,19,16,50.82139587354846,16,27.352674484193557,64.00628570334035,1,C
1,3,20,19,18,65.79110509246416,2,17.22388813655802,66.5916367229458,1,B
4,1,20,13,19,59.41017612629259,12,24.426272015786573,73.73855254742847,1,B
3,1,15,17,8,66.46793950248363,9,25.308492437810454,75.48771721038332,1,B
4,2,15,11,19,64.4482705776849,12,24.056033822210612,64.21002751598407,1,C
1,3,21,5,13,65.21432125073324,5,19.151790156341654,38.81973370738648,0,F
1,2,10,13,9,75.14598459502966,2,15.393248074378707,58.65514605563146,0,C
2,1,1,7,7,97.59325101468232,10,21.19915637683529,60.35025862215042,0,C
1,2,16,18,9,60.59440374035948,5,12.574300467544935,55.79875798576576,0,C
1,2,14,13,13,67.06260936641704,5,15.38282617080213,67.22718866316734,1,B
4,2,17,8,17,59.5796231234294,8,26.447452890428675,52.94066984361821,0,C
4,3,28,19,17,50.0,8,26.25,54.13396623149315,0,C
3,2,9,13,15,78.89220943194356,6,25.861526178992946,59.625814777014014,0,C
2,1,5,17,12,89.82993321068352,6,21.22874165133544,78.02940901905706,1,B
4,2,20,19,5,59.2356565877367,16,22.404457073467086,47.62422357216449,0,F
1,3,15,12,9,69.06129862148511,2,16.632662327685637,40.48059390191678,0,F
3,0,4,11,10,90.01472830038779,6,26.251841037548473,67.35634096631216,1,B
4,3,11,8,19,82.35165675848614,20,28.293957094810768,72.32778577573642,1,B
2,2,27,13,17,50.0,4,21.25,52.537239818589455,0,C
2,0,5,8,14,91.13343738438917,8,19.391679673048646,82.13080426683878,1,A
3,2,13,5,17,75.80404792622934,9,26.475505990778668,60.38769211957411,0,C
3,3,25,10,15,60.4866685673493,6,18.56083357091866,45.71957938429327,0,F
3,0,22,8,6,59.26537680955047,9,18.40817210119381,53.903082449819195,0,C
3,0,15,14,18,62.63855954294937,6,19.82981994286867,75.4208397629494,1,B
3,2,24,7,19,54.47033771612715,9,18.808792214515893,58.193156862787205,0,C
1,2,6,16,10,86.98187248016652,2,22.872734060020814,62.03973694429425,1,C
1,3,1,9,18,98.37928681183847,5,22.29741085147981,69.12103777477088,1,B
4,2,5,7,13,87.88751395125661,12,31.985939243907076,59.00546690262142,0,C
2,0,8,15,18,81.37803696042562,10,22.172254620053202,85.39970274027093,1,A
1,1,6,13,8,88.68223417481832,5,21.08527927185229,53.78807753145055,0,C
1,1,1,16,7,98.15153666732724,2,22.268942083415904,68.42801375258645,1,B
1,3,18,10,13,65.2191939367568,5,13.1523992420946,43.01510115990228,0,F
4,2,7,19,6,86.6911927200185,20,29.836399090002313,72.0676818879746,1,B
3,3,10,7,16,82.41949195252108,6,23.302436494065134,62.31860879448391,1,C
4,1,24,9,13,50.0,20,25.25,46.379473212754824,0,F
2,1,3,12,15,93.06836063288578,6,25.633545079110725,81.57154425969854,1,A
2,2,15,18,14,73.48115110738675,6,20.185143888423344,69.24600979071631,1,B
2,0,24,12,15,50.0,8,15.25,62.32327710269828,1,C
2,2,17,10,15,74.23598765320305,8,22.27949845665038,59.560050024305085,0,C
1,1,12,9,6,76.745228359247,4,20.593153544905874,57.80768869994363,0,C
1,0,26,19,18,50.0,4,11.25,68.76595487254453,1,B
4,3,4,9,17,93.84965351155343,20,32.73120668894418,67.81374783565961,1,B
3,1,26,5,15,56.81303304170116,9,25.101629130212643,51.535000085526036,0,C
2,3,1,6,18,98.2418689178147,8,26.28023361472684,67.74567295737688,1,B
4,0,10,19,19,77.79772942293707,20,23.724716177867133,86.45287764019884,1,A
1,3,0,16,14,100.0,2,18.5,59.504372857638074,0,C
1,1,12,15,7,74.50557895758482,3,18.313197369698102,63.71487078939033,1,C
3,2,29,8,17,50.0,6,21.25,44.524404872789994,0,F
3,3,4,10,11,91.85296352009681,12,28.4816204400121,49.56278480626088,0,F
3,1,17,15,6,68.53803795321298,12,23.567254744151622,60.71380201321823,0,C
4,1,13,11,5,69.73971350021642,16,26.717464187527053,56.01539152915118,0,C
1,0,12,5,13,75.5107907411649,3,16.438848842645612,54.23306676409069,0,C
1,1,6,12,10,89.61938092405767,2,16.20242261550721,63.834624616969805,1,C
3,2,7,16,13,88.54218154285145,6,26.06777269285643,77.29339891830776,1,B
2,2,17,5,16,57.74628724734823,6,22.218285905918528,39.82442234225707,0,F
3,3,6,13,7,90.895160709868,12,28.361895088733498,57.94119842177352,0,C
4,3,19,19,7,53.764639430193704,16,26.720579928774214,52.59457419886003,0,C
3,3,16,8,14,72.50714718111502,15,26.063393397639377,46.92626163035074,0,F
3,3,15,16,16,67.6367570097753,9,23.454594626221912,70.35347708253582,1,B
4,2,10,19,7,81.98467474401869,8,31.248084343002336,71.63451230710572,1,B
3,0,18,11,6,57.52341258616332,15,25.190426573270415,64.98456849534197,1,C
1,3,26,15,17,50.0,2,16.25,49.04409064519439,0,F
2,0,27,18,15,55.691440588493315,4,20.961430073561665,77.09786575710831,1,B
3,1,0,10,10,100.0,15,30.5,77.09091887037624,1,B
4,1,20,19,7,63.59362852860481,8,24.949203566075603,60.9071486609333,0,C
2,3,28,17,9,50.0,10,17.25,39.45061196334035,0,F
4,1,7,13,17,84.13283106905786,20,30.516603883632232,83.02379573958129,1,A
2,0,0,18,15,100.0,10,20.5,89.655433022468,1,A
2,0,29,6,9,54.98468655259788,8,19.873085819074735,46.20136035311844,0,F
3,1,8,19,14,83.36974235621389,12,22.421217794526736,81.53545176815646,1,A
1,3,18,19,7,55.01481525073636,3,15.876851906342045,53.743787983192234,0,C
3,0,20,15,7,54.29600721893372,9,19.787000902366714,64.2929950460751,1,C
4,0,8,11,5,87.03433854888068,20,27.879292318610084,75.85114814178068,1,B
4,2,20,15,10,56.42363665185303,12,25.05295458148163,53.77838545226508,0,C
2,3,24,9,7,50.0,8,15.25,33.13895344654981,0,F
2,2,9,17,19,81.87176479670732,8,20.233970599588417,84.18254467260586,1,A
1,1,23,11,5,63.688677601210834,5,15.961084700151353,51.0608329058731,0,C
3,1,22,5,17,66.23690282546015,12,24.27961285318252,46.92559788833463,0,F
4,2,10,15,18,75.62190302760649,20,24.45273787845081,87.23875549293032,1,A
2,3,0,15,18,100.0,6,21.5,76.70819755163653,1,B
1,0,19,14,17,64.29960558664945,4,20.03745069833118,71.5264443122178,1,B
4,1,24,13,14,50.0,20,25.25,61.78403625717068,1,C
2,3,25,5,13,50.0,10,16.25,36.138381300218256,0,F
4,3,7,18,15,82.72004009975966,8,26.34000501246996,68.86056135149471,1,B
1,1,19,9,5,69.73605519598782,5,16.71700689949848,41.85270684948104,0,F
1,1,11,18,9,75.7238846851285,5,16.465485585641062,60.729809457109255,0,C
4,3,0,12,9,100.0,16,30.5,76.48606650070651,1,B
3,0,9,5,19,86.4985105314897,6,23.812313816436212,71.79353119164297,1,B
4,2,3,11,6,95.13930932143676,8,30.892413665179596,68.96839262417812,1,B
2,1,14,6,18,70.36583812409069,4,17.795729765511336,62.3147301844982,1,C
3,2,18,11,18,60.828530507606054,12,20.603566313450756,48.40695832377166,0,F
2,3,5,11,17,90.30830063795207,6,25.28853757974401,60.752122215368644,0,C
4,2,26,13,5,59.80216154682697,20,28.47527019335337,46.80448765387168,0,F
3,0,4,10,10,91.46376243578203,6,25.432970304472754,77.10656599214339,1,B
2,3,4,8,19,93.65673008965405,4,23.707091261206756,65.3705904119987,1,B
4,0,17,11,11,72.09065235997124,16,25.011331544996406,73.16640428703788,1,B
4,3,27,11,15,50.0,16,24.25,46.750549863205634,0,F
3,0,2,8,15,96.31925345705031,6,25.03990668213129,82.3630760366802,1,A
4,3,26,6,13,50.0,12,24.25,33.57407783184451,0,F
1,0,21,17,12,55.16338502382896,4,17.89542312797862,61.71787410203941,1,C
2,3,1,15,14,98.3399929638386,4,22.292499120479825,72.52623003737253,1,B
2,0,3,13,7,92.82073978092697,6,21.60259247261587,72.07376092222074,1,B
4,3,17,18,13,64.98883890101392,16,22.123604862626742,60.98350665581681,0,C
4,0,8,12,5,87.82325379574971,12,25.977906724468713,70.59542576842138,1,B
1,1,18,9,17,61.6878488487905,2,15.710981106098814,61.85111696303275,1,C
3,2,25,18,10,50.92052670564872,9,20.36506583820609,53.222394436242425,0,C
4,3,9,9,17,80.1852479967173,8,24.02315599958966,59.71157566299013,0,C
4,0,21,5,18,52.03529391831156,16,22.504411739788946,62.12154328822234,1,C
4,1,14,15,14,65.856172052541,20,23.232021506567627,73.15215246495981,1,B
4,3,0,13,6,100.0,20,30.5,67.53481870175284,1,B
2,3,28,15,14,50.0,4,14.25,40.572326044837396,0,F
4,3,10,18,13,79.38491646871576,20,26.923114558589468,74.09222135763723,1,B
2,2,13,14,13,80.20821173731711,4,21.02602646716464,67.84281973596411,1,B
4,0,9,15,12,78.71346573862303,20,28.83918321732788,78.73895088903764,1,B
3,0,18,12,17,72.48307611623463,15,26.06038451452933,80.16881488314387,1,A
1,3,23,9,15,50.94870943897603,4,16.368588679872005,50.69537624874168,0,C
3,3,20,14,11,68.0284604251154,6,22.503557553139423,50.97569946178997,0,C
4,3,15,10,18,73.21242093840316,12,25.151552617300396,60.43609076316119,0,C
4,1,7,16,10,88.51769312822492,16,30.064711641028115,79.24743283884881,1,B
4,3,1,14,6,98.36260571188745,12,30.29532571398593,79.24413761494026,1,B
3,2,22,15,18,65.35877838902752,12,23.16984729862844,68.09131047558887,1,B
4,0,24,14,8,56.37083243234792,8,25.04635405404349,56.05934672685894,0,C
3,2,6,12,14,88.45809193328324,9,24.057261491660405,63.166003824088335,1,C
2,3,18,10,11,64.63948252902114,8,22.079935316127642,44.953870303633636,0,F
1,1,6,14,18,88.36175176319736,5,19.04521897039967,79.0826335316547,1,B
1,3,14,18,17,71.66831151986611,3,18.958538939983264,66.95918518547452,1,B
3,3,7,8,10,83.48149149569142,12,27.435186436961427,54.71206126941293,0,C
2,3,13,7,13,72.28664399581973,8,23.035830499477466,49.72397300611249,0,F
3,3,0,11,17,100.0,9,28.5,74.24098685127395,1,B
2,3,28,17,17,53.15733620927107,10,17.644667026158885,56.59614773378584,0,C
4,0,12,6,9,77.81260213421425,12,25.72657526677678,69.2810783459556,1,B
2,2,2,11,16,95.10191258227024,6,20.88773907278378,67.83125930310689,1,B
2,1,20,5,16,68.4384120510015,6,18.55480150637519,66.7058190500961,1,B
2,3,27,17,10,50.0,8,16.25,52.24137362282957,0,C
1,1,5,14,14,92.33453434127563,5,19.541816792659453,81.86259143628858,1,A
2,0,18,9,10,66.47433095796461,6,20.309291369745576,55.13587872933466,0,C
4,2,14,19,18,68.2179173080076,12,28.52723966350095,73.277515085552,1,B
4,3,3,13,12,94.46821199068495,12,28.80852649883562,64.52723640013028,1,C
4,0,20,17,12,61.39435880027069,12,26.674294850033835,66.99869230260308,1,B
2,0,2,19,10,95.18939094346514,6,20.89867386793314,83.47167619601127,1,A
3,2,3,17,12,95.30149272604211,9,22.912686590755264,75.53146251723678,1,B
3,3,4,5,11,91.88935069915959,15,27.48616883739495,55.624707218370915,0,C
4,2,17,12,5,68.27396150394998,20,22.534245187993747,53.02406526679136,0,C
1,2,25,13,9,50.0,5,13.25,47.39565645401425,0,F
3,1,24,13,15,50.0,6,17.25,59.882697476018095,0,C
2,1,9,12,19,85.40130900370116,4,24.675163625462645,79.22880534478317,1,B
3,2,7,8,14,83.008131702942,12,26.37601646286775,63.37777034473763,1,C
4,1,11,18,14,81.17665372800855,20,28.14708171600107,80.20203425765907,1,A
1,0,21,18,17,66.71882948576877,5,16.339853685721096,78.20180591493249,1,B
3,2,25,11,14,50.0,15,18.25,55.66951030471586,0,C
3,3,26,5,9,50.0,9,18.25,37.809668267942456,0,F
4,3,2,11,14,95.56789822100758,12,26.945987277625946,62.107019208989016,1,C
1,0,26,10,18,50.0,4,16.25,59.84557468084151,0,C
1,3,17,9,13,66.12346293486505,5,18.26543286685813,42.50214910342931,0,F
4,3,22,5,11,50.0,12,27.25,28.66255370897413,0,F
2,2,7,12,11,83.75608810761352,10,25.46951101345169,70.2322165356297,1,B
3,0,25,14,14,50.0,15,20.25,70.7360164267943,1,B
2,2,0,5,19,100.0,6,24.5,71.11649609551978,1,B
3,0,13,5,6,69.84298101665354,9,20.730372627081692,50.634218480886524,0,C
3,2,21,18,12,52.7546043861634,6,17.594325548270426,52.860410126721085,0,C
2,2,22,19,7,50.0,6,18.25,40.13618315557737,0,F
4,1,12,7,19,80.40405870479049,8,28.05050733809881,76.49813023259952,1,B
4,3,24,17,13,50.0,12,25.25,49.19232663757637,0,F
3,0,11,12,19,72.73008487663122,15,25.091260609578903,78.63734013824475,1,B
4,3,2,12,10,96.07481394551107,12,30.009351743188883,67.24868683064938,1,B
3,1,17,18,13,62.03202246175779,12,19.754002807719722,57.48958848781077,0,C
4,0,20,19,19,50.49258698909139,20,24.311573373636424,78.49058466513362,1,B
3,1,12,11,13,75.43018127312804,12,25.428772659141003,67.86432212293111,1,B
4,3,14,9,11,69.21341767415657,20,23.65167720926957,49.15756066932185,0,F
1,2,9,19,14,86.31923670989114,3,15.789904588736393,83.92237101158527,1,A
2,1,0,12,16,100.0,6,27.5,76.09654728048389,1,B
1,1,28,6,12,50.83758863082562,3,16.354698578853203,46.34159795193479,0,F
2,2,5,12,6,91.84377678824728,4,19.48047209853091,54.65010360693741,0,C
2,3,8,16,9,82.33121532254938,6,18.291401915318673,59.97086940454825,0,C
3,1,9,15,19,86.14819459982492,12,26.768524324978117,78.52657447699028,1,B
2,3,14,6,7,66.33188787792119,4,21.29148598474015,41.65451172384816,0,F
1,2,8,14,5,83.85781072103326,3,15.482226340129158,57.82075942347109,0,C
1,0,22,9,17,52.738937465833665,2,15.592367183229207,50.38614850446421,0,C
4,1,13,15,10,77.20534761135853,8,27.65066845141982,68.97746373460758,1,B
1,3,10,17,17,83.17806981310707,5,21.397258726638384,66.8413358718531,1,B
4,2,6,8,16,89.53747827332792,8,26.19218478416599,67.12827518793273,1,B
2,2,23,19,19,60.157261206901254,4,21.519657650862655,59.11926853506925,0,C
1,1,25,17,13,50.0,5,11.25,64.03177667999465,1,C
2,0,29,5,6,50.0,6,16.25,36.7296467870488,0,F
1,1,1,9,13,97.64726346587597,4,24.205907933234496,71.78244332403182,1,B
1,3,13,11,12,70.94666343244083,2,13.868332929055104,44.333803844672396,0,F
4,2,5,5,15,89.2822481926779,16,28.16028102408474,64.91108819461816,1,C
2,0,4,6,13,91.88850124107732,4,21.486062655134667,70.73956084365905,1,B
1,3,4,16,9,92.93807269448037,4,19.617259086810044,62.92058173142925,1,C
3,1,28,19,17,50.0,15,19.25,75.46247021870781,1,B
2,2,18,18,6,70.54148070606652,4,21.817685088258315,56.122750299541934,0,C
2,1,18,13,14,63.800892215791826,4,16.97511152697398,68.94069308349488,1,B
2,0,5,16,14,91.52362615747192,6,25.440453269683992,77.86679269206684,1,B
4,0,27,9,10,50.0,12,24.25,59.858838655722316,0,C
3,0,25,18,11,55.152314678141124,6,18.89403933476764,69.91296062644349,1,B
2,0,28,17,7,56.50256925297838,10,17.0628211566223,66.42676549804816,1,B
1,0,9,11,18,81.96661888422418,4,15.245827360528022,87.5094077101335,1,A
1,1,22,6,10,62.99973540860105,3,13.874966926075132,34.53994492258582,0,F
4,0,13,11,10,78.40498457660101,12,25.800623072075126,59.92221958199112,0,C
1,0,16,11,12,69.85014563715683,3,13.731268204644604,63.79655770254687,1,C
2,2,29,11,5,50.0,6,18.25,27.09462691886518,0,F
1,0,2,9,8,95.26608426877546,5,18.90826053359693,60.586967653913604,0,C
2,2,27,13,19,50.0,4,17.25,53.81268455772619,0,C
1,2,0,6,5,100.0,4,20.5,53.523968230167654,0,C
3,2,9,8,12,85.17847911272132,9,28.647309889090167,52.87070299432952,0,C
4,1,2,6,6,96.28537945988872,20,29.035672432486088,63.79313892617044,1,C
4,1,4,12,12,91.7786815295858,20,25.472335191198226,81.545213547231,1,A
3,3,24,16,7,60.32492633416126,9,25.540615791770158,50.1354266854638,0,C
3,3,18,15,12,70.6949728061535,12,25.836871600769186,62.08003192038588,1,C
4,2,9,5,10,80.54738561609221,12,24.068423202011527,51.875897661420424,0,C
3,1,29,13,5,50.0,15,24.25,54.75001613095341,0,C
2,0,25,16,11,56.64603339785153,8,21.080754174731442,73.54588869512672,1,B
1,3,24,17,17,58.549034669466224,5,13.318629333683278,57.07753088121808,0,C
4,1,15,18,11,66.31831331004875,8,22.289789163756094,64.3327990346608,1,C
3,0,0,9,10,100.0,15,25.5,79.30878983206532,1,B
2,0,5,15,19,87.88368251661672,6,21.98546031457709,80.92588462875436,1,A
4,1,8,16,5,80.45009183167592,16,30.05626147895949,66.56794480321372,1,B
3,3,27,7,9,50.0,9,21.25,37.089842996078836,0,F
4,1,4,16,5,93.15729080389376,8,30.64466135048672,73.75949685690878,1,B
3,3,26,15,5,60.56315450587957,12,21.570394313234946,47.24100282356421,0,F
4,2,13,8,10,68.32301905627202,16,24.540377382034002,44.9511573942244,0,F
2,1,9,5,12,83.40425355381839,8,23.4255316942273,64.9758471741504,1,C
2,1,1,7,5,98.18958973501165,10,24.273698716876456,61.06654587703936,0,C
1,3,4,15,6,92.95328967937141,3,23.619161209921426,57.998502736614654,0,C
4,3,0,12,19,100.0,16,27.5,75.17471498913805,1,B
1,1,24,16,9,50.0,4,11.25,58.575849641081085,0,C
4,0,9,6,12,78.32895734361317,16,30.791119667951648,62.33641515222486,1,C
3,0,28,6,15,50.0,6,19.25,52.905104511714775,0,C
3,0,25,13,8,50.0,12,22.25,49.262388323330796,0,F
1,2,24,9,19,57.09381849252568,5,12.13672731156571,58.2014901766687,0,C
4,2,21,9,18,57.01376701881682,20,27.126720877352103,60.15783785384971,0,C
1,3,26,5,9,54.83885351175164,4,18.854856688968955,26.594025447266084,0,F
2,2,8,17,14,87.10794316634434,10,19.888492895793043,74.72872923853586,1,B
1,0,29,10,9,53.0115040903847,5,15.626438011298088,47.556379919813935,0,F
1,1,2,12,7,95.79246178952367,4,21.974057723690457,72.45964158812674,1,B
3,2,14,10,10,78.46128477712469,15,22.807660597140586,69.83024312747933,1,B
1,2,3,18,9,92.58023651258915,2,22.572529564073644,63.63619770716322,1,C
4,0,12,19,19,70.0544024380417,16,26.756800304755213,94.05331182962506,1,A
3,2,5,11,6,91.75287654375285,9,27.469109567969106,67.67035089522324,1,B
1,3,19,18,18,63.38125421573666,5,17.92265677696708,59.84823905156752,0,C
2,1,16,8,14,63.71078370311229,8,17.963847962889037,60.258087731864066,0,C
1,0,22,6,18,50.0,3,12.25,55.94297000619253,0,C
1,3,4,5,8,90.43471530222973,2,17.304339412778717,47.212201195262885,0,F
1,0,29,16,15,50.0,2,12.25,59.93689120541994,0,C
3,3,14,10,8,77.8072429266654,12,20.725905365833174,54.27290668956046,0,C
4,1,7,13,11,87.47889447473325,16,30.934861809341655,72.65576380082312,1,B
2,1,24,14,19,53.50630136560777,4,17.688287670700973,67.88249019587003,1,B
1,3,4,9,11,92.5602467311491,2,20.57003084139364,52.666262901126885,0,C
4,3,23,16,13,50.0,8,22.25,59.11700947268379,0,C
4,3,12,6,19,78.90654534522011,12,27.863318168152514,54.75199709890495,0,C
3,3,0,5,14,100.0,9,26.5,76.86072324316957,1,B
2,3,0,7,16,100.0,8,20.5,64.19742275983619,1,C
3,3,6,8,6,88.83188773037577,9,22.10398596629697,54.7317627893614,0,C
4,1,21,11,10,59.096009577838736,20,24.387001197229843,63.1859026211708,1,C
4,3,4,13,6,92.83512742979545,8,30.60439092872443,60.458143549108996,0,C
4,2,13,12,13,70.53716091882796,16,24.817145114853496,67.7830119645172,1,B
3,1,14,13,6,73.26633904016286,9,23.158292380020356,56.100898314855435,0,C
2,0,20,11,10,52.25948453148292,8,14.532435566435364,48.2590639360067,0,F
1,1,29,14,12,50.0,3,16.25,52.90651361002467,0,C
3,0,24,12,10,50.0,12,17.25,60.05057741641783,0,C
4,0,16,12,16,67.63799724357614,8,27.454749655447017,69.07212010232074,1,B
3,2,23,5,19,53.774406739882046,6,21.721800842485255,50.51156508161619,0,C
4,3,17,16,7,70.83016499622954,8,24.853770624528693,45.86402313824813,0,F
1,3,6,18,9,87.44633402515935,3,17.930791753144916,63.59151102390679,1,C
1,1,21,19,8,50.0,4,11.25,51.14581712573115,0,C
2,3,25,16,5,60.48483680882312,8,18.560604601102888,44.99549000340522,0,F
4,2,17,19,9,61.70822395613366,16,21.713527994516706,61.35016258560668,0,C
2,1,27,13,14,50.0,10,18.25,51.679958928661684,0,C
2,1,28,6,16,50.0,6,21.25,50.616576157379,0,C
1,1,18,16,9,66.97436111619525,2,16.37179513952441,56.86585047828981,0,C
3,3,19,15,11,64.74409122153517,6,19.093011402691896,55.90833082407704,0,C
3,3,6,18,19,89.6213485500571,12,27.20266856875714,83.91565552019392,1,A
2,3,7,11,16,83.97655461813127,8,24.49706932726641,64.37219282808998,1,C
1,1,12,17,11,80.31952479462385,5,20.03994059932798,71.47634338634778,1,B
4,1,26,14,6,54.03805900624573,12,27.754757375780716,56.316089927342496,0,C
3,0,17,14,18,69.48053991790194,12,21.68506748973774,82.54070571926191,1,A
2,0,23,17,8,56.8765957693575,8,19.109574471169687,69.73298261018142,1,B
3,3,10,9,5,80.78335096388071,9,27.09791887048509,46.49308532156845,0,F
3,1,8,8,17,83.52780028176123,12,21.440975035220156,65.36258720485851,1,B
4,3,22,5,9,50.0,8,20.25,36.065335525526194,0,F
1,3,0,5,9,100.0,3,24.5,62.64065510530594,1,C
4,0,21,7,8,52.136367632561225,8,25.517045954070152,49.65044310069236,0,F
1,2,7,18,14,84.76526797792127,5,22.59565849724016,72.89318630828191,1,B
3,3,20,19,16,67.67899540504834,12,26.459874425631043,74.12202248169896,1,B
2,2,11,5,16,74.58585573503501,8,23.323231966879376,51.3404154383374,0,C
4,2,1,12,11,98.40938822037013,12,31.30117352754627,71.73807216055147,1,B
1,1,14,7,10,68.65503278496413,5,18.581879098120517,49.35535065746015,0,F
3,1,20,15,17,55.68426509524492,9,22.960533136905614,65.4461606288735,1,B
1,3,23,14,14,50.0,5,12.25,50.108100278316485,0,C
1,0,17,6,7,69.79623016067765,3,19.724528770084707,46.849569335747766,0,F
1,0,16,10,6,66.82612816815796,3,19.353266021019746,60.14189567445746,0,C
3,3,14,8,19,68.33791092879929,12,22.54223886609991,52.53325276800008,0,C
2,3,19,17,8,59.38575304635818,8,22.423219130794774,50.928789251111596,0,C
2,0,19,17,13,56.21819130965069,10,16.02727391370634,56.080595322491796,0,C
2,2,8,18,14,82.49694108059248,4,25.31211763507406,61.90631059151629,1,C
1,3,2,15,9,96.45110022381553,2,19.05638752797694,62.42309265945107,1,C
3,2,19,18,5,68.59192564836037,9,22.573990706045045,62.62870949200388,1,C
1,3,18,17,15,61.624378245733375,4,16.70304728071667,60.84510806285539,0,C
2,3,17,15,7,61.58410752519774,6,18.698013440649717,37.17473739685338,0,F
2,2,19,17,13,68.79586390505297,10,22.59948298813162,70.23739228935794,1,B
3,2,29,8,11,51.43020672198977,9,22.428775840248722,45.96220175810618,0,F
1,0,7,6,7,89.41551456919116,3,16.176939321148893,64.26059136044486,1,C
4,3,0,6,5,100.0,12,26.5,65.99944844989595,1,B
4,1,23,15,8,53.0273059018148,20,20.62841323772685,53.83207339135686,0,C
2,1,23,10,13,53.99825678863064,10,21.74978209857883,59.22425991867078,0,C
3,3,14,9,16,74.57585973663598,9,23.321982467079497,56.80340242792518,0,C
1,3,18,13,11,65.29939777914186,4,13.162424722392732,55.79425289489416,0,C
1,3,29,8,9,50.0,5,11.25,33.977727949458085,0,F
2,2,25,9,17,57.95507796844745,4,20.244384746055932,49.91171626058514,0,F
2,1,9,19,15,84.68606902010549,6,19.585758627513187,76.94228314439049,1,B
1,1,11,5,18,76.1632390874575,4,14.520404885932187,63.21151896096745,1,C
1,1,27,16,10,50.0,5,12.25,48.68883688116752,0,F
2,3,5,16,5,90.79803265881849,6,21.349754082352312,44.12521912407105,0,F
1,2,28,6,11,50.0,4,14.25,43.97620813560198,0,F
4,3,12,7,16,81.30788711658818,8,25.163485889573522,63.252726097037595,1,C
2,0,3,9,9,95.14444203903567,10,25.893055254879457,74.42896741673972,1,B
1,0,12,16,11,76.48048456608225,5,21.56006057076028,76.7839691515387,1,B
2,1,16,9,9,64.42423635794337,4,21.05302954474292,55.51286412823305,0,C
3,3,29,8,9,50.0,15,20.25,37.21006249788608,0,F
2,0,0,18,7,100.0,8,26.5,75.4908029938335,1,B
2,0,4,14,9,93.88571725742959,10,25.735714657178697,81.21030866775965,1,A
3,3,27,7,12,50.0,9,20.25,35.987735328693454,0,F
4,2,23,13,18,59.920762707071745,8,25.490095338383966,71.36987867672853,1,B
1,3,16,5,12,67.73809855142632,3,14.46726231892829,44.06146508363446,0,F
3,3,17,10,6,65.56083550970558,15,19.195104438713198,46.55407949617428,0,F
2,2,6,11,15,86.48104643153766,6,24.810130803942208,75.26608724267868,1,B
1,1,15,14,5,69.40237558199647,4,20.67529694774956,55.747421508444575,0,C
3,1,7,8,6,85.20011579055455,9,26.65001447381932,69.77157188129556,1,B
1,1,11,14,15,77.67388760096952,4,19.70923595012119,65.3486027763438,1,B
1,2,13,7,11,67.62509335298421,4,17.453136669123026,47.098382315368035,0,F
3,0,18,12,7,58.750851485381965,12,19.343856435672745,64.0795610636226,1,C
1,2,10,13,12,77.44354971997727,2,19.68044371499716,53.99752160921993,0,C
4,3,11,17,8,76.6001459290686,12,24.575018241133577,57.01590697494633,0,C
3,2,12,5,14,75.65955160802994,12,22.457443951003743,58.56826520824853,0,C
4,0,7,19,14,87.08670002275542,16,24.885837502844428,92.02810792985994,1,A
2,0,0,19,12,100.0,6,22.5,86.55136514669667,1,A
1,3,8,19,18,86.48312666890244,5,22.810390833612807,81.99378279582513,1,A
2,1,27,19,6,58.51317970163568,4,18.31414746270446,51.337835098551444,0,C
2,0,1,15,17,97.8018279554719,8,20.225228494433985,91.19829798206702,1,A
1,0,13,16,18,78.61692794187647,5,21.82711599273456,78.99667638366802,1,B
3,0,12,14,19,71.15408700686882,15,21.894260875858603,71.55229075549545,1,B
1,3,15,13,9,65.93977919545728,5,15.24247239943216,42.86854508348854,0,F
2,0,1,11,10,97.8977556221727,8,26.237219452771587,77.00842054543287,1,B
2,1,3,5,5,94.55822603897617,8,25.81977825487202,52.88206511180981,0,C
3,3,11,11,19,76.48263405001175,12,20.56032925625147,69.97191678393129,1,B
1,1,15,9,18,70.34714965172492,3,14.793393706465615,64.33829360746482,1,C
2,0,9,14,5,83.87966378962302,8,21.484957973702876,70.17036921546173,1,B
4,0,2,17,18,95.10984204580642,8,29.888730255725804,93.33366060477157,1,A
2,1,3,17,13,95.01433175390052,6,24.876791469237567,81.00742265523581,1,A
2,3,5,11,9,88.73308125289562,4,23.09163515661195,59.01109535345812,0,C
3,3,22,16,19,50.0,15,24.25,55.63068775725952,0,C
4,1,4,13,19,90.19282156728669,12,29.274102695910834,72.84118693158102,1,B
2,0,17,12,18,65.1599206933633,6,19.14499008667041,61.78125606483509,1,C
2,2,2,10,8,95.93024967797126,6,19.991281209746408,64.10619705430034,1,C
4,1,9,6,18,78.21739711888895,8,23.77717463986112,65.57396204841912,1,B
1,1,10,12,5,76.9890674065881,2,20.623633425823513,69.23808368851552,1,B
1,1,18,16,19,59.25454336818272,5,12.40681792102284,71.95366974622806,1,B
2,0,13,18,7,70.24121829525293,8,20.780152286906617,70.74340509052176,1,B
2,3,20,8,17,60.13637817071426,4,16.517047271339283,38.710168978884305,0,F
1,0,27,12,8,58.381697318561734,5,14.297712164820217,51.94699150246113,0,C
3,1,10,19,15,83.01735116340521,12,28.37716889542565,87.72018209445397,1,A
4,0,27,11,15,50.0,12,26.25,63.232057295000885,1,C
4,0,20,8,9,62.076681631414566,16,25.75958520392682,54.345004337317846,0,C
3,1,3,12,18,93.67968925480899,6,25.709961156851122,75.12540107700985,1,B
3,0,23,15,14,52.81140823695104,15,17.601426029618878,69.2629414543224,1,B
3,2,21,15,16,59.28813358330541,9,24.411016697913176,57.98266825151018,0,C
3,0,5,16,18,91.32635989259526,9,24.415794986574408,87.91406025584728,1,A
3,0,16,15,9,64.49664174754184,12,19.06208021844273,64.84114546269898,1,C
3,3,21,6,14,50.0,12,17.25,45.83447642218678,0,F
4,3,18,13,12,59.14065305888578,8,21.392581632360724,47.246777871102765,0,F
3,1,12,10,17,80.55954116653422,9,26.069942645816777,79.27207928928834,1,B
1,1,21,11,17,57.203055491504585,4,18.150381936438073,57.135820503818394,0,C
3,3,9,14,7,78.98170435870976,9,21.87271304483872,46.73375966953836,0,F
3,2,28,5,11,50.0,15,23.25,39.967667243533484,0,F
4,0,10,7,18,80.60430839086462,20,26.075538548858077,78.54667047275733,1,B
4,2,28,18,17,50.032702205462215,8,27.254087775682777,53.264730903361624,0,C
3,2,5,14,10,90.84804624706786,9,29.356005780883482,64.24679530317077,1,C
4,3,1,9,14,98.25784316990199,16,32.28223039623775,72.49808128256375,1,B
2,1,0,19,15,100.0,10,27.5,87.80625649462249,1,A
4,0,10,16,14,79.1113485138117,20,29.888918564226465,88.38475701042485,1,A
4,1,15,11,14,69.85922794579628,8,28.732403493224535,57.892315075672514,0,C
4,2,2,5,15,95.53033383158423,20,29.94129172894803,66.58436932177612,1,B
4,2,4,13,10,92.76828185056716,8,32.5960352313209,73.04265390089991,1,B
1,1,14,9,14,72.54846287193884,3,15.068557858992355,60.60053925203289,0,C
1,1,14,17,13,69.47481693329624,4,18.68435211666203,59.05797032644013,0,C
1,3,3,16,18,92.61029864480147,3,19.576287330600184,74.4247009217253,1,B
3,1,22,7,19,59.32485116390915,9,24.415606395488645,67.57262117169552,1,B
3,1,3,11,11,94.60537339115987,9,27.825671673894984,72.73535585288897,1,B
2,3,7,14,17,86.35498140352946,8,21.79437267544118,65.80998828432004,1,B
1,1,6,12,15,86.65675621921868,3,20.832094527402333,77.63684974043645,1,B
3,2,25,14,11,50.0,9,21.25,46.40855467741233,0,F
4,1,24,14,15,51.12312824041705,8,22.390391030052132,62.02324521145144,1,C
4,0,16,7,18,63.00095615365457,8,25.87511951920682,64.5914414502968,1,C
1,2,14,11,5,72.4984027185061,2,15.062300339813262,41.41471279272976,0,F
2,3,4,11,5,93.84057148523965,8,21.730071435654956,52.31616731419092,0,C
2,2,12,8,13,71.2694642886676,10,22.908683036083453,44.44247187408317,0,F
4,3,3,14,13,94.63036572190441,20,31.82879571523805,77.6013903544142,1,B
2,0,21,13,16,65.58802153264344,6,23.19850269158043,74.11837574873186,1,B
1,0,16,5,15,60.06141609874076,5,15.507677012342594,57.439902531735214,0,C
4,2,21,5,14,61.20462107813981,12,23.650577634767476,46.301223338171354,0,F
3,1,16,9,7,73.81538756259675,6,22.226923445324594,58.73549479462614,0,C
3,2,13,17,19,76.4499516803028,9,22.55624396003785,78.0432377683109,1,B
2,2,13,7,15,73.82011085182214,8,21.227513856477767,61.09450724790935,0,C
4,0,16,14,15,74.5926866159522,20,23.324085826994025,81.70172464705708,1,A
4,3,7,17,12,87.03165415945274,12,25.87895676993159,67.45948326448666,1,B
3,2,1,13,13,97.83114357722394,6,25.228892947152993,72.3177727768113,1,B
4,1,25,9,5,50.0,16,22.25,34.12131390365311,0,F
4,0,12,11,16,77.23074778527828,12,27.653843473159785,70.7346540037558,1,B
4,2,29,5,18,50.0,12,21.25,50.14409808662047,0,C
2,2,21,6,7,55.14269380069417,6,15.89283672508677,43.929274605972104,0,F
4,1,15,19,17,76.43869780993256,16,29.55483722624157,87.47658033012041,1,A
1,2,29,15,10,50.0,3,14.25,44.94361490650446,0,F
2,2,15,16,19,67.23618977256231,4,17.40452372157029,62.732803903137324,1,C
4,2,5,8,8,88.8216945675488,8,26.1027118209436,61.87688694993463,1,C
4,2,21,19,12,61.025005686349616,8,27.628125710793704,63.10900070039155,1,C
1,1,23,13,19,65.34506624195453,2,15.168133280244316,62.362311369326264,1,C
2,2,3,9,13,95.47940319925772,8,25.934925399907215,69.62861310829564,1,B
3,2,2,9,11,95.92375996454656,6,22.99046999556832,69.08974653598919,1,B
3,2,5,13,15,89.74257051733773,6,24.217821314667216,63.586432448412054,1,C
2,0,3,12,5,93.83284170286682,10,26.72910521285835,72.25954225047882,1,B
4,1,17,6,18,62.23019788088346,8,28.77877473511043,66.4308084585951,1,B
4,0,5,11,6,87.89365302152932,16,29.986706627691163,77.56344541377665,1,B
3,0,25,5,5,50.0,15,21.25,44.029125175014165,0,F
3,1,4,14,13,91.19573298150048,15,23.399466622687562,73.95628393517669,1,B
3,0,26,15,8,50.0,12,17.25,50.22701565115372,0,C
1,0,8,15,14,86.87204161343749,5,17.859005201679686,84.41669079148771,1,A
3,0,10,19,18,81.15824820600166,9,26.144781025750206,86.28962989621812,1,A
1,1,5,13,12,89.6377166716006,2,19.204714583950075,74.16816289240673,1,B
2,2,29,7,9,50.0,6,18.25,43.348762378932264,0,F
4,3,15,17,9,75.59527565022805,16,28.449409456278506,57.52246895453685,0,C
3,3,18,6,9,58.72462351923599,9,25.3405779399045,36.087944338276415,0,F
4,1,10,8,15,75.0105980171092,16,30.37632475213865,73.72379742001957,1,B
4,3,20,8,9,53.89417434057869,12,26.736771792572334,37.964094159243345,0,F
3,1,14,7,7,68.2599817662118,6,23.532497720776476,52.93302740442541,0,C
3,1,25,6,10,56.03297157339878,12,23.004121446674848,46.59973264640411,0,F
2,3,23,9,18,65.42266233529946,8,23.177832791912433,48.279147583060464,0,F
1,0,8,8,5,86.19210329520098,4,19.774012911900122,63.9846817703041,1,C
1,2,23,9,12,50.0,5,13.25,49.69911730918009,0,F
4,3,18,17,17,71.06893842581655,8,22.88361730322707,66.80566720379724,1,B
3,3,24,16,8,56.89315900421684,15,18.111644875527105,51.02097460119734,0,C
2,3,18,16,10,62.87490512236272,10,16.85936314029534,54.46756988809119,0,C
2,3,23,12,6,52.16436308985647,4,14.520545386232058,42.9519061536231,0,F
2,1,25,15,6,50.0,8,20.25,47.65143712206516,0,F
2,1,8,19,12,80.15293203700367,10,21.019116504625458,65.02839652989475,1,B
2,2,22,6,18,66.72971689568027,10,21.341214611960034,62.951541292856376,1,C
1,2,3,13,5,94.03720446976217,4,23.75465055872027,54.208739853431425,0,C
1,3,9,14,12,81.96021441704943,2,19.24502680213118,56.00474835795211,0,C
1,3,8,5,19,85.6534229350324,2,21.706677866879048,54.36341957931451,0,C
3,3,18,12,14,63.54871703814209,6,25.94358962976776,47.84469659931963,0,F
4,2,14,16,14,69.57408222879194,20,24.696760278598994,73.22383379747126,1,B
2,3,18,9,19,60.89039366228957,4,19.611299207786196,54.61018976089221,0,C
3,0,1,6,5,98.41214302425831,6,27.30151787803229,62.73640062275325,1,C
2,2,9,12,19,79.2778601740189,10,20.90973252175236,76.8652586677199,1,B
1,0,18,9,13,56.247223058457145,2,17.030902882307142,54.704269008176034,0,C
3,3,16,14,5,74.02221027259844,9,26.252776284074805,59.328068745479754,0,C
1,1,19,19,8,63.58383457159891,2,18.947979321449864,58.618620184889195,0,C
2,0,23,18,13,53.729744760897795,4,20.716218095112225,63.99115269357222,1,C
2,2,20,14,5,67.30356621312174,8,20.412945776640218,48.619612941868255,0,F
4,0,1,17,13,97.99661594978095,20,30.24957699372262,88.93426638701236,1,A
2,2,18,18,18,69.27654094076114,8,19.659567617595144,73.42599007489689,1,B
1,3,16,7,12,61.03422468113943,3,15.629278085142428,36.55053590129764,0,F
2,0,17,11,9,66.87600418895954,4,16.359500523619943,58.04488072888451,0,C
4,1,16,8,10,60.08157997845257,16,26.51019749730657,56.74407519923801,0,C
4,0,1,15,9,98.45348885173253,16,32.306686106466564,95.77838234025958,1,A
1,1,18,15,8,70.70354660148104,3,19.83794332518513,56.57533160728448,0,C
3,2,0,14,16,100.0,6,27.5,76.70433591226005,1,B
2,3,10,16,14,76.25640715068067,8,22.532050893835084,59.63540152471148,0,C
4,3,24,19,19,50.67458103133176,8,21.33432262891647,61.361318542325265,0,C
2,1,9,10,19,79.90891101415895,6,18.98861387676987,69.67904921188733,1,B
2,2,4,14,18,92.30574737100181,6,20.538218421375227,72.35008499661136,1,B
3,3,15,12,17,76.89231946228008,6,25.61153993278501,62.207462232958136,1,C
4,2,23,5,16,50.600311156022634,12,23.32503889450283,49.232584197171214,0,F
2,1,4,6,8,91.4639941714731,10,23.432999271434138,60.244052970748456,0,C
4,1,23,18,18,63.85715526040622,16,21.982144407550777,76.45827964901446,1,B
1,0,22,17,14,63.240607676757705,5,16.90507595959471,71.88548879467118,1,B
1,3,11,12,12,78.26228621223399,5,20.78278577652925,55.54442227978976,0,C
2,3,3,19,12,94.16008723676808,6,20.77001090459601,73.22359600326507,1,B
4,0,22,11,13,50.446814991656304,12,25.30585187395704,55.74214652111373,0,C
2,1,5,14,7,90.56293431539159,4,21.32036678942395,62.66511248270908,1,C
4,1,18,13,14,61.06059570113804,20,26.632574462642253,62.384997588319564,1,C
4,1,8,6,19,82.36461167961794,16,25.295576459952244,61.3334720056108,0,C
3,1,11,12,12,76.40495754521551,6,25.550619693151937,59.81307435822468,0,C
3,2,25,10,19,50.0,6,22.25,56.522551904200895,0,C
3,3,14,19,7,67.7204312708741,6,24.46505390885926,56.940715180716666,0,C
2,3,15,5,6,67.64339539774434,6,19.455424424718043,29.114998002943473,0,F
3,1,12,8,6,71.98978784305211,9,23.998723480381514,44.39794611256271,0,F
3,1,24,18,13,50.0,6,20.25,60.09120631144084,0,C
1,1,29,19,8,51.88978251064561,3,16.4862228138307,57.387668312015634,0,C
4,3,20,6,9,63.811091872193266,12,21.976386484024157,36.788958056386384,0,F
4,3,23,11,6,57.90182735285948,8,25.237728419107434,36.38243460195004,0,F
3,1,6,13,13,90.43650717557858,12,26.304563396947323,80.84132056288325,1,A
4,2,24,10,11,50.0,16,24.25,55.88492658781101,0,C
1,0,22,8,7,53.907554780797646,3,13.738444347599707,43.66328665605971,0,F
1,0,19,9,10,60.29465648617486,4,16.536832060771857,57.86689146717909,0,C
3,0,3,15,11,94.06444809619751,12,24.75805601202469,83.2881392387512,1,A
1,3,10,5,18,79.56875373166835,3,20.946094216458544,59.88959595316872,0,C
4,3,7,17,16,89.44338895913148,16,29.180423619891435,70.55453312865447,1,B
2,0,5,8,10,92.01875965278282,6,24.502344956597852,71.4661729117308,1,B
4,0,24,17,14,50.0,20,21.25,66.44876243425723,1,B
2,2,29,14,15,50.0,4,14.25,50.74276202856971,0,C
3,3,9,7,14,85.52879616362844,12,25.691099520453555,63.16208232450789,1,C
2,3,29,13,10,50.0,4,20.25,40.10873972417427,0,F
1,0,6,10,17,89.47310470023987,2,19.184138087529984,74.39777090832051,1,B
4,2,6,19,19,90.82376521825117,12,31.352970652281396,90.0,1,A
2,2,3,8,12,94.26832659007852,8,20.783540823759814,67.3432559243169,1,B
4,0,2,7,18,96.94594160766222,16,29.11824270095778,86.9457059080156,1,A
3,0,23,16,12,65.49101031551939,15,26.186376289439924,66.99963541980733,1,B
3,3,6,19,9,86.24515749607734,12,24.78064468700967,69.4104590162596,1,B
1,0,3,17,18,94.55508511062725,4,22.819385638828408,87.78545605450391,1,A
3,1,12,8,8,75.1889633813641,9,22.39862042267051,51.55051767432807,0,C
2,2,19,12,15,65.8427353796148,4,16.23034192245185,52.22626988396391,0,C
3,0,16,16,9,61.11962084527757,15,24.639952605659698,70.12383489967192,1,B
1,1,26,9,13,50.0,4,17.25,50.879655284738064,0,C
4,2,6,17,16,88.78497845461786,16,32.098122306827236,81.44327179119772,1,A
4,1,16,19,14,72.62996932715262,20,26.078746165894078,68.03057250891032,1,B
3,1,25,15,10,59.05484043498894,9,24.381855054373617,64.59154447670403,1,C
2,0,25,5,7,50.0,8,15.25,47.41477222641951,0,F
1,2,3,9,7,94.14088972790844,4,23.767611215988556,56.59369054224986,0,C
2,1,10,12,18,82.68036621108187,10,18.335045776385236,82.58347563439781,1,A
1,3,29,15,5,50.0,2,12.25,29.92910050205134,0,F
3,2,2,19,19,96.21980720693595,12,26.027475900866996,88.8599085477058,1,A
1,3,10,16,19,79.56507284811164,4,14.945634106013955,67.97770631847469,1,B
1,0,2,8,9,95.28440163145184,2,23.91055020393148,71.60576235419323,1,B
3,3,11,18,10,74.33287430218766,12,24.291609287773458,54.08264204391635,0,C
2,2,0,6,12,100.0,4,23.5,56.602794819893816,0,C
3,1,3,17,15,92.83412865078674,9,25.604266081348342,83.40915686569062,1,A
1,1,13,19,13,68.12272390124352,2,19.51534048765544,64.15493366913519,1,C
3,2,0,7,11,100.0,6,28.5,67.57277603025759,1,B
1,1,13,18,5,75.96290463663587,4,19.495363079579484,63.39348559422834,1,C
3,3,12,15,11,77.23394684555451,12,22.654243355694312,66.55300644151365,1,B
4,1,12,13,14,79.11395362022421,20,30.889244202528026,82.41619237818496,1,A
4,1,23,18,13,50.0,16,21.25,63.64418491251121,1,C
3,3,14,11,8,77.29445551725303,12,24.66180693965663,59.75392221418481,0,C
2,3,16,7,15,70.3186660772968,4,16.7898332596621,49.4671477541993,0,F
1,3,11,9,16,83.39293483621287,3,18.42411685452661,57.95591394835648,0,C
4,0,29,7,11,50.0,16,23.25,62.44110059957243,1,C
2,3,21,14,13,54.6739295540665,4,18.83424119425831,42.068306967273955,0,F
1,3,22,8,5,61.5222749809589,5,15.690284372619862,26.275156537452574,0,F
4,0,25,16,16,50.0,20,26.25,70.48148023221596,1,B
4,1,13,12,14,75.54002175703938,12,24.44250271962992,70.30690568702897,1,B
3,3,11,18,13,80.07117813703547,9,21.008897267129434,68.89289151126535,1,B
1,2,17,7,8,58.2451878042819,3,18.280648475535237,33.77899630687086,0,F
2,3,3,7,16,93.73392260669168,4,23.71674032583646,61.33076891484775,0,C
2,3,26,15,12,54.43969570752318,8,18.804961963440398,41.895063960992,0,F
2,0,13,15,7,67.71785202592798,4,23.464731503240998,61.80700279998409,1,C
1,2,18,12,6,66.02410650993656,5,18.25301331374207,54.03070684779898,0,C
2,1,28,14,17,50.0,10,16.25,61.352422996587194,0,C
2,1,12,17,16,73.31375302390973,8,17.164219127988716,69.02348497773653,1,B
2,2,24,14,12,53.8649003127249,6,18.733112539090612,41.082053802589016,0,F
3,3,29,11,12,50.0,15,24.25,42.590642308851876,0,F
3,0,22,11,7,61.724797569884274,9,24.715599696235536,57.48752726621516,0,C
1,2,17,14,17,66.58103015196693,2,16.322628768995866,61.144025644942616,0,C
1,2,10,6,12,81.89199911986604,3,22.236499889983257,48.468165490532094,0,F
2,1,27,16,15,50.0,4,20.25,60.26836769149506,0,C
3,0,5,11,15,89.15054830285985,12,27.14381853785748,72.49900914726724,1,B
4,2,8,14,10,83.08795839311733,12,31.385994799139667,67.51289545949415,1,B
4,0,11,15,14,74.95611563330228,16,23.369514454162783,77.86692249010159,1,B
2,3,18,14,13,72.25245947473508,6,18.031557434341885,59.22009125662025,0,C
2,1,13,7,14,79.47824210625039,10,21.934780263281297,70.06415497939662,1,B
3,3,14,18,17,76.12560251187637,12,21.515700313984546,57.76754090394115,0,C
3,0,10,11,10,75.14197466446896,9,24.39274683305862,70.83813698027059,1,B
3,3,5,17,12,88.4986597362751,12,29.062332467034388,75.16922747242316,1,B
1,1,13,8,6,68.48642677577767,3,20.560803346972207,52.13662287487236,0,C
1,0,2,17,5,96.45581929692241,2,20.0569774121153,73.3596013091157,1,B
2,2,18,12,14,62.670583074860744,8,17.833822884357595,61.1984554236727,0,C
1,3,19,12,14,60.957188871133205,5,15.619648608891652,45.74406704239705,0,F
3,1,24,10,6,50.33154517224942,12,18.29144314653118,39.258438134167406,0,F
3,2,10,17,16,77.82433059130418,6,27.728041323913022,71.95873323681268,1,B
1,1,28,16,8,50.0,2,17.25,49.61832565702714,0,F
4,0,23,7,14,50.0,20,20.25,62.49987361902214,1,C
2,0,16,10,13,63.385007293956896,4,21.923125911744613,58.606752403509255,0,C
4,3,28,10,11,50.0,20,25.25,44.63056616611342,0,F
2,1,27,7,13,50.0,6,15.25,40.89260631417353,0,F
4,1,26,15,13,50.0,8,22.25,64.20949626453444,1,C
1,1,16,8,13,64.2757967396094,3,17.034474592451176,56.98348097402967,0,C
2,0,22,19,12,50.96365219590636,6,21.370456524488297,54.27146775921697,0,C
2,3,2,6,10,95.8695133618245,4,24.98368917022806,61.353713512073526,0,C
2,1,13,19,18,76.305111969545,10,24.538138996193126,82.46078159370128,1,A
3,1,26,5,15,50.0,15,21.25,50.978127891997964,0,C
3,2,6,6,14,90.4762907600472,15,23.309536345005903,74.6048111370354,1,B
4,1,24,11,11,50.0,8,20.25,42.19401697216668,0,F
1,3,18,14,19,69.68804929685085,3,17.711006162106358,62.64103637301757,1,C
3,2,2,9,6,96.44914762799476,12,29.056143453499345,61.03005020392662,0,C
2,2,1,13,15,97.54556086344019,8,24.193195107930023,71.48622291408358,1,B
3,2,25,7,5,57.83646556459949,6,23.22955819557494,44.35821493775306,0,F
1,0,16,6,17,73.27851682642101,4,16.159814603302628,61.52370141593354,0,C
3,2,8,19,9,81.56371216110273,9,26.19546402013784,65.94975218956473,1,B
2,1,21,8,12,63.222948398915335,8,17.902868549864415,55.65107953207523,0,C
4,0,5,6,7,92.02636705993186,20,31.503295882491482,77.35386271183742,1,B
2,0,23,15,11,60.287210360333155,6,15.535901295041644,61.92387585866363,1,C
1,0,26,11,9,50.0,2,15.25,54.37642557901446,0,C
4,0,20,14,16,64.3936162909189,8,25.04920203636486,80.71472303048654,1,A
3,0,8,10,14,82.43951586866376,15,22.30493948358297,84.96260864151603,1,A
3,0,26,12,17,50.726380033533644,12,22.340797504191706,71.53747632248302,1,B
3,0,4,17,12,92.951524931593,6,29.618940616449123,91.38021250197549,1,A
4,2,1,9,10,98.35595259284733,8,30.294494074105916,72.10955788892426,1,B
2,3,21,6,10,50.0,6,15.25,25.432197047735393,0,F
4,1,14,17,11,71.70438238025147,12,27.963047797531434,72.40540103491799,1,B
4,1,8,8,11,87.08196005447869,12,28.885245006809836,69.93776069749337,1,B
1,2,18,5,8,69.42134843055916,3,15.677668553819895,45.115048411534495,0,F
4,2,9,6,14,82.83432630054699,8,24.354290787568374,55.43284914499988,0,C
3,0,3,8,16,93.86748842015491,9,25.733436052519366,83.18247479585177,1,A
2,3,9,10,14,84.86382881584285,10,23.607978601980356,65.98629814208722,1,B
2,0,26,8,14,53.779062697787545,10,16.722382837223442,58.704759200771726,0,C
2,2,7,8,19,84.01405572418403,6,25.501756965523004,62.56147870087287,1,C
3,0,21,18,17,59.732886402371236,9,18.466610800296404,72.0114013974283,1,B
3,1,12,15,12,81.98317158606733,12,23.247896448258416,75.49135570937442,1,B
3,1,6,14,10,90.67635826956126,9,27.334544783695158,74.7250188441378,1,B
3,0,6,14,15,88.36402932236163,6,28.045503665295204,75.54044364883983,1,B
3,3,3,6,17,95.31964678724549,15,23.914955848405686,68.17919495031254,1,B
4,0,14,13,12,76.56533823463515,20,27.570667279329392,71.36365048300172,1,B
3,0,11,16,11,75.49335913069515,6,22.436669891336894,68.14407482420646,1,B
3,3,15,14,5,70.29424262917644,9,25.786780328647055,42.48163096234966,0,F
3,3,5,12,8,90.08769033418706,12,28.260961291773384,52.866329430516956,0,C
3,3,27,12,11,50.0,15,22.25,33.42716678462698,0,F
2,1,8,9,13,81.69185065479175,8,18.21148133184897,58.71696823208079,0,C
3,0,2,7,6,96.68282809783726,15,27.08535351222966,72.041980352295,1,B
4,2,7,10,19,88.28866684469565,16,30.036083355586957,77.31714510550707,1,B
4,3,6,18,9,90.27157689864588,20,31.283947112330736,69.78294236872011,1,B
4,3,3,13,13,92.68951216826547,16,26.586189021033185,67.77480329902502,1,B
1,0,25,12,13,50.0,3,12.25,56.1176512247549,0,C
2,2,12,11,10,80.8883149245504,6,21.1110393655688,55.54827900650511,0,C
3,0,18,18,11,69.0283799037707,6,23.62854748797134,68.86808484892671,1,B
1,0,29,15,13,50.0,2,12.25,60.2765714218911,0,C
3,3,6,19,18,90.82604992709473,12,24.353256240886843,84.966917483788,1,A
1,3,9,12,18,79.96909997811724,4,15.996137497264655,57.835402461736564,0,C
1,1,24,8,14,50.0,5,12.25,48.521403712974084,0,F
4,2,11,10,12,82.87980057651474,8,25.359975072064344,57.44663342661519,0,C
4,2,25,19,18,57.839488856036034,8,27.229936107004505,69.61287960427121,1,B
1,3,2,19,14,96.99524279677286,5,20.124405349596607,85.0,1,A
4,3,25,18,10,59.77423713523865,16,26.47177964190483,58.53618940618401,0,C
1,3,24,9,10,50.0,2,11.25,35.484833235212,0,F
2,2,28,16,11,56.7451017025042,8,20.093137712813025,56.508168919780246,0,C
4,1,23,6,11,55.70579326381451,12,27.963224157976814,50.76305410734195,0,C
4,2,11,12,6,77.96258056794834,16,24.745322570993544,56.33660277968005,0,C
4,3,18,7,13,56.68067623109423,12,21.085084528886778,36.22916252771351,0,F
2,3,14,18,8,72.35993502280652,6,24.044991877850816,55.8141086543765,0,C
1,1,7,9,17,88.50218136598613,5,20.062772670748267,72.29928101735406,1,B
3,0,11,12,17,80.31778563905905,15,21.03972320488238,79.91990392855227,1,B
4,0,19,15,14,58.72828805249329,12,25.341036006561662,70.90612562261423,1,B
1,2,5,19,13,91.93942094888618,5,23.492427618610773,79.55973174314569,1,B
2,0,27,13,19,53.24294527294396,4,17.655368159117995,68.6799261099825,1,B
3,0,9,17,19,77.53800591036166,6,24.69225073879521,83.4861749779002,1,A
4,2,1,19,16,98.49446542908699,16,30.31180817863587,90.0,1,A
2,3,23,13,15,61.99978379647886,6,17.749972974559856,48.037206654837384,0,F
2,0,12,18,19,71.87576990487688,8,19.98447123810961,75.02703988779528,1,B
3,3,24,9,14,61.56683144264862,9,19.695853930331076,44.77484630771592,0,F
1,2,6,6,7,90.79815396649262,3,19.34976924581158,53.29102133754369,0,C
4,3,7,11,9,88.65081387303073,16,27.08135173412884,52.05346074485577,0,C
4,3,22,15,9,51.74086184864791,16,26.46760773108099,47.61065620631395,0,F
1,2,15,15,11,62.60334202265825,4,16.82541775283228,55.10504262194601,0,C
1,3,10,11,16,79.09364434205362,4,21.8867055427567,63.34842551279081,1,C
1,0,25,19,8,59.392093273525326,2,17.424011659190665,65.01474073005647,1,B
3,0,3,16,15,94.9486636871163,9,25.868582960889537,82.20206314348862,1,A
3,0,16,17,19,67.39708786314213,15,21.424635982892767,83.78870813674982,1,A
4,0,15,12,17,66.76512719221574,12,27.345640899026968,74.13802089922218,1,B
3,3,18,12,16,61.06758071006639,6,19.633447588758298,53.95139803714575,0,C
2,0,22,9,8,54.35601703686241,6,18.7945021296078,56.20672237257255,0,C
4,3,26,19,17,50.0,8,23.25,53.291516198195694,0,C
3,1,10,5,19,83.01966049813512,9,24.37745756226689,68.26931313566922,1,B
1,3,6,17,17,89.96257605358316,2,23.245322006697897,71.97378265409104,1,B
2,0,26,15,5,50.0,10,19.25,51.27431467787853,0,C
1,1,12,17,10,78.51013924757774,5,20.813767405947218,59.40101087894311,0,C
4,2,18,8,8,67.01452521105213,20,28.376815651381516,56.34642795795344,0,C
1,3,16,8,15,67.22130976009069,5,17.402663720011336,37.94999901304576,0,F
3,0,25,19,19,52.96813001784437,6,23.621016252230547,76.40771015138299,1,B
3,0,24,15,14,57.09662963584313,9,21.13707870448039,60.876359109353245,0,C
4,0,27,7,14,50.0,20,24.25,53.738328583583424,0,C
1,2,21,12,9,65.78524152765792,5,19.22315519095724,53.90643979187374,0,C
4,1,12,7,18,77.1485225991403,12,25.64356532489254,75.46686087766918,1,B
1,1,28,17,19,57.91692235610625,3,16.239615294513282,69.50090169891094,1,B
2,0,11,9,19,74.61800974037719,8,18.32725121754715,72.58325809269142,1,B
3,3,6,6,15,89.98948692342431,9,26.248685865428037,59.22248423887689,0,C
4,0,0,10,13,100.0,12,31.5,90.36820963574756,1,A
2,0,0,19,8,100.0,6,23.5,91.23987609223465,1,A
2,3,19,10,5,63.58196189716554,8,20.947745237145693,41.65762307979518,0,F
4,0,22,12,19,50.97993135293585,12,24.372491419116983,73.98703133887575,1,B
4,2,13,12,15,76.97948555872739,8,30.622435694840924,63.58615284504609,1,C
2,0,26,5,13,52.8381547341558,10,18.604769341769476,56.063309130028884,0,C
1,2,14,9,9,69.6574850731263,2,17.707185634140785,41.651308115382164,0,F
2,0,10,6,14,83.12299016367737,8,19.39037377045967,66.61168831312828,1,B
4,1,23,14,17,50.0,16,25.25,62.07609956831338,1,C
2,3,25,16,16,57.78030789523169,8,16.22253848690396,60.67892701577813,0,C
1,1,8,9,17,82.00003631687291,4,18.250004539609115,67.87775615081843,1,B
3,0,16,14,15,63.15841809162142,12,23.89480226145268,76.42485923685722,1,B
3,0,3,16,11,94.37688868117769,15,25.79711108514721,83.04198732751577,1,A
2,2,19,13,7,68.53145632725007,6,20.566432040906257,55.27888364864695,0,C
1,0,18,8,8,70.01373671415553,2,13.751717089269441,57.99136147053943,0,C
3,0,6,12,16,85.08729781594586,6,26.635912226993234,68.68871354893444,1,B
2,0,0,5,14,100.0,6,22.5,81.08385056543598,1,A
2,1,8,12,13,84.3996205064683,8,22.549952563308537,68.26693673058654,1,B
1,2,12,10,14,78.9118025300174,3,20.863975316252173,54.07468820706218,0,C
4,1,23,12,17,65.06506717687193,16,28.133133397108992,65.19570442624874,1,B
2,2,1,10,5,97.8295361432064,10,22.228692017900798,58.92861620301451,0,C
4,1,1,15,16,97.5430836533193,8,27.19288545666491,80.77962413777826,1,A
4,0,23,7,15,63.04260622212784,8,24.88032577776598,58.075094496012056,0,C
3,1,26,19,9,50.0,15,17.25,57.762506753329845,0,C
4,1,29,16,12,52.05613026946218,20,26.507016283682773,65.28292006957288,1,B
1,2,14,19,14,67.91052744276546,4,16.48881593034568,70.51524644010769,1,B
3,2,16,15,11,70.0708344784185,9,20.758854309802313,68.13853451722706,1,B
3,1,12,12,18,73.45526106810546,12,24.181907633513184,83.94992279524443,1,A
3,2,6,9,18,85.4423055739609,12,28.68028819674511,72.59748210196986,1,B
2,2,8,16,8,83.03888644062297,4,19.379860805077872,61.588282443934816,0,C
2,2,11,14,11,73.37231073285685,8,17.171538841607106,63.291740657305056,1,C
4,3,2,9,5,96.52995124809824,12,30.066243906012282,51.15544154740287,0,C
3,2,22,19,10,50.0,12,22.25,53.82962621992959,0,C
3,3,21,16,13,50.17019048854688,6,23.27127381106836,50.26455578915228,0,C
1,3,14,11,7,77.49397332202665,3,18.68674666525333,42.67687833231281,0,F
4,2,6,10,8,88.5187615335969,12,25.06484519169961,66.62882368379974,1,B
1,1,22,13,12,50.0,2,17.25,53.69479603969059,0,C
4,2,25,11,16,60.54711587937568,8,24.56838948492196,55.05513556888042,0,C
4,0,0,7,9,100.0,16,30.5,79.24370517387412,1,B
2,1,13,15,9,71.09328109424519,4,19.886660136780648,60.494178166713866,0,C
2,3,18,15,19,72.39794842121697,10,19.04974355265212,56.71167342876055,0,C
1,3,15,16,5,66.20753644039544,2,13.27594205504943,49.54546216452327,0,F
4,1,9,9,10,83.24917679995754,20,26.40614709999469,67.75150036352163,1,B
3,1,0,13,18,100.0,6,27.5,86.99436627431837,1,A
2,2,4,15,6,91.69611099611934,10,19.462013874514916,68.36117643673452,1,B
3,3,2,17,5,95.9113375667219,15,26.988917195840237,57.073862057464154,0,C
1,0,16,19,10,62.016971420801376,2,18.752121427600173,66.34455890002855,1,B
2,2,17,14,9,63.00795009242792,6,15.87599376155349,47.91589849599295,0,F
2,1,25,18,17,51.9533914520118,6,17.494173931501475,72.01911574541259,1,B
4,3,20,6,9,56.997231760558186,20,22.124653970069772,39.77306099302472,0,F
1,1,26,5,13,50.0,3,16.25,42.80282225070835,0,F
4,1,18,15,16,56.12808555792814,8,22.016010694741016,61.83816781465379,1,C
2,1,21,12,19,53.71050660382144,10,21.71381332547768,71.15838580330353,1,B
1,2,24,12,14,50.94706346656157,4,11.368382933320197,44.05250405936633,0,F
2,0,21,6,14,60.66741825826835,10,21.583427282283544,54.06895582573161,0,C
1,0,17,18,17,59.34477825119506,4,14.418097281399383,68.38518005527406,1,B
2,3,15,17,7,65.61220548035631,8,16.201525685044537,46.46447925177106,0,F
3,1,1,12,5,98.42281873277926,15,26.302852341597408,71.38054876147329,1,B
3,0,14,9,18,69.20642313137071,12,24.65080289142134,75.89028822431119,1,B
4,1,12,6,18,75.53500504765724,12,30.441875630957156,63.96311187492019,1,C
3,3,12,11,12,80.7562728801249,12,28.094534110015612,66.48734343050373,1,B
2,1,15,11,19,69.0255867392053,6,18.628198342400662,69.42322567745309,1,B
2,0,7,7,16,88.15245846797563,10,19.019057308496954,68.37141112418236,1,B
3,1,10,18,9,77.91855115427427,12,26.739818894284284,62.45190949178232,1,C
4,0,7,5,15,87.55077085647476,16,29.943846357059343,75.69226291830284,1,B
3,3,21,15,9,65.34277739300083,9,24.167847174125104,47.74191048643125,0,F
1,1,9,8,12,85.76224372942012,3,21.720280466177513,59.754230698016315,0,C
1,0,22,6,12,56.202411819417094,5,12.025301477427137,48.47772064825026,0,F
1,3,0,8,15,100.0,5,21.5,62.14373587161462,1,C
3,1,11,12,6,74.09359379643638,12,23.261699224554548,60.603194729262725,0,C
3,3,8,6,7,87.97599116053361,6,24.996998895066703,51.09499982648863,0,C
3,0,4,5,14,90.62544484158295,12,28.32818060519787,73.90818102583088,1,B
1,1,8,15,14,83.83126075328794,4,16.478907594160994,74.0699262694261,1,B
4,1,15,18,5,63.66781683462969,20,25.95847710432871,58.017762356758844,0,C
2,1,17,19,19,71.02160862589798,10,22.877701078237248,78.2591586862427,1,B
3,3,29,19,7,53.53405983583771,12,19.691757479479712,48.78447589234743,0,F
4,3,7,7,16,85.12529253540578,12,29.640661566925722,61.611457336642545,1,C
2,0,22,14,8,51.45199676570652,10,21.431499595713316,60.67993238675322,0,C
2,2,10,11,15,81.2741494039632,8,19.159268675495397,65.3863250714257,1,B
2,1,29,17,11,56.10327496577777,4,22.01290937072222,48.952822309059414,0,F
4,1,19,16,13,63.76771329028037,16,24.970964161285046,65.5324682148223,1,B
4,0,18,10,16,68.79183536239314,8,22.598979420299145,77.43491054032714,1,B
1,1,3,10,9,94.45759107586426,2,20.807198884483032,63.67303841050614,1,C
4,3,19,11,16,61.87166528666126,8,24.733958160832657,51.49717236057678,0,C
4,3,25,12,5,50.0,16,23.25,27.031206729470483,0,F
4,1,9,7,6,77.8309724230446,20,27.728871552880577,53.539497591358945,0,C
2,1,23,7,14,62.18800357907453,6,18.773500447384315,50.68553171497483,0,C
3,3,12,14,6,73.84120688170421,9,27.230150860213026,60.80154464205263,0,C
1,1,28,17,13,51.47007934921978,4,18.433759918652473,58.57606789304393,0,C
3,3,19,12,14,67.30661062862984,12,20.41332632857873,53.83225051422039,0,C
3,2,13,16,11,72.26379696329458,6,26.03297462041182,60.57200597160856,0,C
4,2,20,17,6,54.48000957272657,20,27.81000119659082,47.27929907485909,0,F
1,1,1,18,5,97.52221295759067,4,21.190276619698835,78.86778090531051,1,B
3,1,28,17,9,50.0,9,20.25,46.50634592148554,0,F
3,1,3,11,16,95.02805509531008,12,25.87850688691376,79.54445853592918,1,B
1,3,6,14,5,89.64758406203825,5,20.20594800775478,44.61168953242269,0,F
4,2,18,9,13,59.29498549141459,20,21.411873186426824,51.05343629703749,0,C
3,2,29,8,7,50.0,12,24.25,27.727498943078672,0,F
2,0,29,10,6,50.0,8,16.25,43.854850606089826,0,F
3,0,16,13,18,68.45146805877741,15,23.556433507347176,81.9384881701554,1,A
2,1,15,10,17,63.77667967628163,10,15.972084959535204,55.385768605332075,0,C
4,3,12,12,10,72.9328075879282,8,28.116600948491026,49.822186380829834,0,F
3,1,23,5,7,55.133951908112856,12,20.891743988514108,47.270660088194056,0,F
1,2,23,16,9,50.0,4,12.25,57.013890574013686,0,C
1,1,21,18,14,51.80763284312442,4,16.475954105390553,61.88593562679422,1,C
3,1,22,10,18,66.87083995685859,9,25.358854994607324,64.22263398922465,1,C
4,2,25,18,12,59.690818666159714,8,24.461352333269964,58.31600905899322,0,C
4,2,26,18,14,50.0,20,23.25,57.63831128719359,0,C
1,2,17,6,6,68.55077904683523,2,18.568847380854404,39.65692844425525,0,F
3,2,20,7,16,53.748824723276726,9,17.71860309040959,63.05393793922795,1,C
4,0,11,10,17,73.64744291578828,8,27.205930364473534,78.49508780479755,1,B
1,3,22,6,9,61.705681813144565,3,19.71321022664307,39.35996839006806,0,F
2,3,24,8,15,50.0,4,16.25,41.353870446994414,0,F
3,2,0,10,12,100.0,6,25.5,70.53555315367107,1,B
2,3,14,9,5,73.51246143278159,4,24.1890576790977,42.712086042026506,0,F
2,3,2,10,14,95.42643989622448,8,23.92830498702806,73.58626378233599,1,B
4,3,5,19,14,89.67538107481012,20,31.209422634351263,78.67618723210543,1,B
4,3,13,10,18,72.24130735027035,8,30.030163418783793,58.5539343671837,0,C
4,2,22,12,15,65.63041076655212,16,29.203801345819016,57.535769430714936,0,C
3,1,5,13,17,89.57060160636954,12,26.196325200796192,81.76296059664439,1,A
2,1,0,9,16,100.0,8,21.5,75.38728392382043,1,B
3,1,19,10,17,62.12740971749727,9,22.76592621468716,61.85895038370016,1,C
4,0,5,10,16,91.38994474645581,8,31.423743093306975,77.15464844636296,1,B
2,3,7,10,8,85.19867042355557,10,19.649833802944446,53.87110121594161,0,C
3,2,25,6,9,58.81327906139461,6,22.351659882674326,38.09894420274822,0,F
3,2,14,8,18,77.27934516316884,6,26.659918145396105,57.28550129087573,0,C
1,0,13,5,14,78.05065184288537,5,20.75633148036067,71.06527226101815,1,B
3,2,15,18,16,65.23803186867762,12,20.154753983584705,60.50518299254,0,C
4,1,19,16,18,70.86285515919458,8,26.85785689489932,71.38465676463889,1,B
3,0,22,5,15,50.94930090548939,12,21.368662613186174,56.930958196624964,0,C
2,2,15,5,7,76.65238619712264,8,19.58154827464033,51.88183956476751,0,C
3,0,26,11,16,50.0,12,20.25,62.22209621703325,1,C
1,0,18,5,6,59.07594750349146,5,15.384493437936433,44.88764206141576,0,F
2,2,23,10,16,60.18532262620728,8,16.52316532827591,47.73079473267273,0,F
2,1,0,6,7,100.0,4,20.5,59.81852270442303,0,C
1,2,3,10,19,94.632465618843,4,23.829058202355377,65.9505683113938,1,B
4,3,23,10,15,50.0,12,25.25,45.039218682368976,0,F
2,3,9,16,9,84.20656072054982,6,20.525820090068727,62.28227148079476,1,C
4,2,19,15,11,61.96637009161886,12,28.74579626145236,60.39158335520888,0,C
2,1,17,7,6,72.21407629674427,8,21.026759537093035,42.24085503569719,0,F
2,3,1,19,17,98.03880439604774,4,22.254850549505967,81.88915917832475,1,A
4,3,3,12,19,93.62581457705761,8,25.7032268221322,79.2520640433585,1,B
2,2,14,15,18,77.99453502687167,8,19.74931687835896,69.60208912663944,1,B
4,2,28,8,11,50.0,16,20.25,52.43636170881019,0,C
1,2,3,17,10,92.68769224360956,5,21.585961530451193,68.88522536274726,1,B
4,0,15,11,18,74.59678361387543,16,23.32459795173443,70.71396514210846,1,B
1,0,14,8,11,68.36794156053818,3,13.545992695067273,57.45326977833928,0,C
2,0,17,5,11,69.17106673956388,10,22.646383342445485,57.43084401776495,0,C
4,2,6,10,13,86.93965227562055,20,24.867456534452568,74.48309043691802,1,B
2,1,14,9,11,74.70651632632172,8,17.338314540790215,54.69385146948384,0,C
4,3,21,13,18,50.39079420910585,16,24.29884927613823,56.05471132944382,0,C
1,0,10,19,16,81.52891914637621,5,17.191114893297026,75.49045358646357,1,B
1,1,18,18,17,57.72104743448664,5,15.215130929310831,64.41818667997482,1,C
4,2,7,18,10,84.13700199644855,20,27.517125249556067,72.05969587003239,1,B
1,0,23,19,14,60.984550012409414,5,19.623068751551177,69.65940186662722,1,B
2,2,0,13,12,100.0,10,24.5,66.71561676014075,1,B
2,1,2,16,11,95.44068823052781,4,20.93008602881598,74.33463773357501,1,B
3,0,4,15,10,92.43878698359269,15,27.55484837294909,83.1231116633221,1,A
1,0,17,17,8,58.36031612255394,5,18.295039515319242,66.89145190004196,1,B
2,0,11,12,11,73.12756908835267,4,24.140946136044086,63.303711487779665,1,C
4,0,11,19,16,75.87171306327876,12,23.483964132909847,79.54008102240392,1,B
1,1,20,11,12,59.98839320655095,3,14.498549150818869,65.14214118034343,1,B
2,0,26,18,12,55.93084999618289,6,14.991356249522862,55.23064195631297,0,C
1,3,25,6,16,50.0,3,17.25,34.437383482260934,0,F
4,3,18,18,16,71.52403682187776,16,29.94050460273472,63.44248499497492,1,C
2,2,8,12,8,85.03718978565365,8,18.629648723206707,51.53020123905927,0,C
3,0,10,7,14,81.80780489544307,15,28.225975611930384,72.87542555983003,1,B
3,3,16,10,13,60.66513873218705,15,21.58314234152338,54.666396315723546,0,C
1,3,15,14,7,75.728261102616,3,14.466032637827,54.428738746779686,0,C
4,3,3,11,13,92.82955001012158,12,32.6036937512652,69.73254038732281,1,B
2,1,9,16,7,82.39208831139777,4,24.29901103892472,72.63130044659829,1,B
4,0,21,10,17,67.50252291902407,8,24.43781536487801,69.09844856473673,1,B
2,1,14,9,11,68.79587106530923,4,18.599483883163654,55.70789827686291,0,C
1,1,24,8,8,61.57889770530629,3,15.697362213163286,48.032680765351046,0,F
2,3,18,6,9,68.73392659078124,4,20.591740823847655,46.642389853891046,0,F
4,3,2,13,17,95.40054233008277,20,28.925067791260346,74.94690166088597,1,B
4,2,27,18,19,55.32223575766684,12,23.915279469708356,72.94464016637195,1,B
1,0,20,11,7,63.490599135203155,4,18.936324891900394,63.77874908605982,1,C
4,0,22,11,6,59.058037623560544,12,21.38225470294507,57.15060574528525,0,C
2,3,29,8,16,50.0,8,15.25,45.88532993041851,0,F
1,3,4,18,12,90.8402668128837,4,21.355033351610462,62.400081808130295,1,C
2,0,10,9,18,82.69188739022641,6,22.3364859237783,79.56443257876072,1,B
4,2,23,10,11,60.766992854197795,8,25.595874106774723,53.18859503710283,0,C
1,3,4,16,11,93.11238962550387,5,22.63904870318798,67.8161283799849,1,B
2,2,6,15,12,88.71032875469119,6,23.0887910943364,74.13810721443167,1,B
4,1,5,16,17,89.82448418711556,8,25.228060523389445,83.97890079178244,1,A
4,3,29,6,5,56.110096320615064,16,28.013762040076884,33.028311014558575,0,F
3,1,25,8,16,50.0,12,20.25,53.36762322069661,0,C
4,3,12,19,12,70.87940578441876,16,27.859925723052346,64.2288055736761,1,C
2,1,1,17,14,97.65648044229178,8,26.207060055286473,84.81038008507913,1,A
1,3,18,8,16,72.33067878880132,3,20.041334848600165,50.0528789586575,0,C
3,2,10,16,18,79.75495310279422,15,20.969369137849277,73.91312684109002,1,B
4,2,26,17,18,50.0,16,22.25,66.30383363666277,1,B
4,2,19,8,9,64.96182509700668,8,23.120228137125835,47.68632001464179,0,F
4,1,4,11,12,90.4118504883338,8,32.30148131104173,67.40046615926654,1,B
2,2,8,17,13,80.90496257223096,10,19.113120321528868,72.8520460259747,1,B
3,1,5,11,17,91.79147739608123,15,27.473934674510154,76.53752669589598,1,B
2,3,16,11,6,68.10190767792474,10,16.512738459740593,52.98274470506321,0,C
3,1,18,11,7,72.53798531065661,12,23.067248163832076,53.52629304774894,0,C
1,3,22,6,10,60.79908862887241,3,16.599886078609053,46.218571961179926,0,F
2,0,7,9,13,83.8168901338618,8,23.477111266732727,74.68680115827819,1,B
2,0,6,14,18,85.14915636592109,8,23.643644545740138,82.36010752733483,1,A
1,0,4,6,14,90.3467069743692,2,18.29333837179615,66.60153110023549,1,B
3,1,14,9,14,78.40387482278321,9,22.800484352847903,69.07242333748245,1,B
4,0,9,16,12,78.1594252739344,12,29.7699281592418,76.97901273023353,1,B
1,0,23,10,18,50.0,2,17.25,56.10433757552149,0,C
4,0,15,7,17,64.48446224873896,8,27.06055778109237,62.70365779233126,1,C
4,3,8,10,10,80.68138579771451,8,30.085173224714314,54.54612676566825,0,C
1,2,6,19,9,88.07092049471629,5,23.008865061839536,70.63077422221573,1,B
3,1,10,9,18,82.88781706239564,9,22.360977132799455,78.84205460231067,1,B
4,0,8,8,17,87.83180730501667,8,29.978975913127083,77.65185558498744,1,B
1,3,16,14,7,75.62322766858159,2,17.4529034585727,52.19297945856049,0,C
2,2,29,13,16,50.0,4,18.25,49.56751552659527,0,F
2,2,8,15,8,85.30175928556896,8,24.66271991069612,59.87985036804426,0,C
2,2,2,18,17,96.00820669534063,6,21.001025836917577,78.54868771417117,1,B
1,3,21,12,17,65.74196128140258,3,16.217745160175323,37.97007970094445,0,F
2,0,7,16,11,82.67140643670665,10,22.333925804588333,78.12706994283074,1,B
4,2,18,11,11,70.66102600738485,16,22.832628250923108,56.327334846935216,0,C
2,3,19,15,7,63.04867947138134,6,18.88108493392267,44.73132637303471,0,F
2,3,15,19,8,70.8496970034171,10,21.856212125427138,54.38326355000599,0,C
4,1,6,5,7,90.94816866212437,20,30.368521082765547,64.74761872233519,1,C
2,3,27,13,19,50.0,4,16.25,56.64809801602232,0,C
4,2,6,13,19,87.77073656395483,20,30.97134207049435,84.1140442653765,1,A
2,2,19,10,6,62.047572414120275,10,18.755946551765035,40.45046745150898,0,F
4,3,24,11,10,50.0,16,23.25,49.68377682765069,0,F
2,2,12,17,11,79.10635375901991,4,22.888294219877487,77.82884987668109,1,B
4,3,2,7,8,95.27780638043049,8,30.90972579755381,56.05902485828777,0,C
1,2,11,9,9,73.98743470681796,2,21.248429338352246,50.23429324665163,0,C
4,1,23,11,12,50.0,20,23.25,60.051117869112275,0,C
2,0,7,5,13,87.11021557472472,4,22.88877694684059,71.34654733367418,1,B
2,1,12,16,11,80.04931072185218,6,22.006163840231522,68.25904311767539,1,B
3,1,19,5,14,62.47163492178219,12,18.808954365222775,51.57336797857668,0,C
4,0,15,9,18,73.60238412510449,16,23.20029801563806,73.46016543493211,1,B
1,2,6,13,5,90.68691072844157,5,20.335863841055197,65.99739966626237,1,B
4,0,3,11,15,94.66158996388171,8,32.83269874548522,82.02924292589265,1,A
4,3,28,5,18,50.0,16,26.25,45.07862029950099,0,F
1,0,11,17,7,82.25990902178637,5,22.282488627723296,77.70839521569086,1,B
4,1,16,17,15,60.89066025796524,20,25.611332532245655,78.18615867935112,1,B
1,0,0,19,9,100.0,4,24.5,81.47567601323551,1,A
1,2,29,16,7,52.546118795681885,2,12.568264849460235,38.38766389622308,0,F
4,1,16,9,19,63.0069727873656,8,24.8758715984207,65.99924681804458,1,B
4,3,1,19,5,97.57191170418588,12,29.196488963023235,69.11867053312858,1,B
2,2,5,12,6,91.18607964418221,6,21.398259955522775,64.2676607137011,1,C
2,1,11,12,12,81.9242196681157,4,22.240527458514464,60.08072512667083,0,C
3,3,25,16,11,54.438112423935955,9,21.804764052991995,47.1492986693368,0,F
3,2,10,6,17,76.67751200371474,9,27.584689000464344,62.114271763674296,1,C
4,3,20,11,14,66.49812214300805,16,29.312265267876008,51.03595251616488,0,C
1,0,10,14,7,77.20653413187966,2,14.650816766484958,67.11376289535566,1,B
3,0,17,9,8,62.323524549515405,12,23.790440568689426,63.59850178276237,1,C
4,3,7,13,18,84.94043304710792,16,24.61755413088849,66.19929627514479,1,B
3,0,24,7,17,53.60038001563302,15,22.700047501954128,66.06262229710791,1,B
1,3,6,5,7,88.7993783025943,2,19.09992228782429,45.21449597928118,0,F
4,2,27,17,17,57.1980346636063,16,24.14975433295079,62.736118126834555,1,C
1,1,13,8,8,75.85437479159957,3,19.481796848949948,52.12068405777389,0,C
4,3,15,11,12,68.47237290716251,20,26.559046613395314,60.03573572932031,0,C
3,1,11,5,13,73.61969862239212,9,23.202462327799015,56.033638291504936,0,C
2,1,8,6,11,81.33500369472134,10,22.166875461840167,59.013539461189865,0,C
3,3,19,18,13,70.88790112543904,9,26.86098764067988,67.32964758552066,1,B
3,0,28,9,18,54.11183893553408,9,23.76397986694176,67.95210415352594,1,B
2,2,22,13,13,50.0,6,16.25,46.3276804018376,0,F
2,1,20,18,11,51.21363269901554,8,16.40170408737694,67.58853583305874,1,B
4,2,15,5,11,76.6628673314014,8,24.582858416425175,56.66303523753085,0,C
4,1,20,16,12,55.97495871799387,20,20.996869839749234,71.86368448120935,1,B
1,3,18,8,16,66.41680393964393,4,19.30210049245549,58.07003973059784,0,C
1,0,15,16,14,72.03564628787248,5,15.00445578598406,70.56583955788183,1,B
3,2,8,18,16,82.85864645979423,12,23.357330807474277,73.49402209943014,1,B
2,1,12,7,16,72.27740694499948,10,20.034675868124936,53.91313908083427,0,C
1,3,25,18,7,55.6290612279909,5,17.953632653498865,52.56461771780229,0,C
3,3,4,9,12,91.17858262373116,9,22.397322827966395,51.79974384363835,0,C
2,1,21,9,5,55.14659751573862,10,14.893324689467327,44.92331228258941,0,F
4,1,18,14,17,63.68822809112371,20,22.961028511390463,65.91169831400109,1,B
3,1,9,6,19,81.07816826066122,9,21.134771032582652,68.84714769263853,1,B
4,0,6,9,10,90.89167970255184,16,27.36145996281898,75.59923650200648,1,B
1,1,8,13,6,87.96747256041868,4,22.995934070052336,73.61740248618207,1,B
1,1,24,9,11,50.78947439938355,2,14.348684299922944,48.78026159397963,0,F
2,0,13,19,17,73.68658995803233,4,18.21082374475404,95.93053347668216,1,A
3,3,14,15,7,78.00130712541701,6,23.750163390677127,54.990443000062896,0,C
4,1,12,14,15,76.09568408052323,8,28.511960510065403,73.93165655678473,1,B
2,2,9,6,14,79.68224102475608,10,18.96028012809451,52.57960057374861,0,C
1,3,13,11,9,73.46436822780362,5,19.183046028475452,45.01920689903652,0,F
1,2,25,19,14,50.0,2,15.25,47.934995442590576,0,F
3,1,20,10,6,55.641830921484576,9,23.95522886518557,46.97761152292494,0,F
4,0,22,11,5,63.219427447031556,8,21.902428430878945,51.33814951825117,0,C
3,0,28,12,9,50.0,12,24.25,54.178284317322145,0,C
4,0,11,14,13,81.87147335406198,20,28.233934169257747,75.4104651010381,1,B
4,1,27,9,19,50.0,12,25.25,55.38675461559025,0,C
3,1,28,6,13,50.0,12,17.25,47.88771086370276,0,F
2,2,18,11,11,70.8098805708804,6,20.85123507136005,45.04411566491281,0,F
3,0,5,11,18,92.12242400969221,9,25.515303001211528,94.17899275927881,1,A
3,1,11,12,13,81.66593027772551,6,23.20824128471569,75.87282028628954,1,B
1,3,23,11,8,52.0142346637637,4,12.501779332970463,46.98679755837353,0,F
1,1,12,14,7,79.724570065625,2,14.965571258203125,56.01131714691523,0,C
3,1,7,11,15,87.57329683022613,12,28.946662103778266,73.50136544778408,1,B
3,3,15,18,8,66.96181080720814,15,26.370226350901017,66.81722648319213,1,B
1,0,1,17,19,98.25165517296986,4,18.281456896621233,100.0,1,A
4,3,21,13,11,60.15193322143305,20,28.51899165267913,50.52443843254075,0,C
3,0,6,12,12,85.42692784179857,15,23.67836598022482,71.9520574908321,1,B
2,3,11,19,6,74.42503727502776,4,24.30312965937847,64.36932396727562,1,C
2,2,6,6,9,89.46716649905103,10,23.183395812381377,54.229134771812966,0,C
2,0,18,6,9,62.24363557476734,4,21.780454446845916,55.56301598227257,0,C
3,1,13,11,17,71.84454250493032,9,25.980567813116288,72.14130896562534,1,B
4,2,29,14,13,50.0,12,23.25,51.26505091948622,0,C
4,0,8,19,17,83.62026146581971,12,29.452532683227464,84.15685199382138,1,A
1,0,17,15,17,64.95812308109284,4,14.119765385136605,77.18173824611343,1,B
3,0,10,17,19,76.1155278652255,15,25.514440983153186,80.51087822932737,1,A
4,3,15,19,17,76.68427367227918,8,27.585534209034897,63.035086859828965,1,C
3,0,18,14,7,61.693456194819944,9,25.71168202435249,61.3968776068994,0,C
1,1,10,7,16,80.83350793522207,2,20.10418849190276,57.767195972449215,0,C
1,0,17,5,10,59.034022455066534,3,12.379252806883317,50.72158591271645,0,C
1,1,10,13,19,75.3945972841822,5,20.424324660522775,80.7691130495026,1,A
2,1,24,18,14,59.9140656585756,6,16.48925820732195,70.5729162535955,1,B
3,1,3,19,16,94.65559458814587,6,28.831949323518234,95.0,1,A
1,2,17,18,9,69.85121565303368,3,14.73140195662921,62.20831413616236,1,C
3,1,18,18,6,71.18870270928902,6,26.89858783866113,61.89503760315647,1,C
2,3,12,7,6,76.2046731343444,6,23.52558414179305,36.15741426351222,0,F
2,0,3,5,8,93.96075576781142,4,26.745094470976426,60.52709054581259,0,C
1,3,29,10,16,50.0,3,11.25,45.363200093596305,0,F
1,2,9,8,8,80.5333747019837,5,17.06667183774796,55.64325584454308,0,C
4,0,28,18,19,56.2383113309872,12,25.0297889163734,74.05611546078171,1,B
3,1,21,5,11,55.42784553835972,12,22.928480692294965,46.95036768297787,0,F
1,0,4,8,18,90.34476284730378,2,21.293095355912975,81.19375009247878,1,A
4,2,2,12,16,96.09001804203453,12,27.011252255254316,74.86113042892653,1,B
3,2,15,15,18,75.89931335023294,12,24.487414168779118,81.53589705215956,1,A
1,3,25,11,5,60.35139933178926,2,17.543924916473657,37.69566145976757,0,F
4,0,7,19,15,87.52773415962366,12,27.940966769952958,93.63143138494219,1,A
4,0,23,16,10,50.0,12,24.25,61.480984972073685,0,C
3,0,6,5,15,89.43400206809446,15,26.179250258511807,77.68947868244325,1,B
4,3,18,14,17,58.34204357857891,12,27.292755447322364,49.58575196269942,0,F
3,2,13,16,13,69.84443108944247,6,24.73055388618031,62.93605357584893,1,C
3,1,14,13,6,72.60043426755604,12,26.075054283444505,56.39646677946845,0,C
3,0,16,10,16,71.1873785135364,9,19.89842231419205,83.09927003828106,1,A
2,3,20,6,9,58.04665694581928,8,21.25583211822741,37.313744050706866,0,F
4,3,0,7,14,100.0,8,33.5,64.87379011885758,1,C
3,1,5,11,19,92.17714600999578,6,27.522143251249474,82.57513331041743,1,A
1,2,26,7,15,50.0,3,15.25,44.53926464675403,0,F
2,0,22,17,14,52.79019395128468,10,20.598774243910583,67.70204611506381,1,B
2,0,14,7,8,73.42593141172098,6,22.17824142646512,61.846299500579306,1,C
4,3,11,9,8,77.93378840909733,20,30.741723551137166,56.82861484034413,0,C
3,2,20,7,12,62.28815006446284,9,23.786018758057857,49.26433612405043,0,F
4,0,19,7,18,63.66039044654063,16,23.95754880581758,76.24549797144728,1,B
2,1,1,15,10,97.90438338915789,10,27.238047923644736,71.0090047521192,1,B
3,2,4,9,11,93.75903801257132,15,26.719879751571415,65.6568018227082,1,B
1,2,8,18,15,86.5969830001203,4,18.824622875015038,72.25474428947038,1,B
3,3,19,9,16,67.18624817373302,9,24.398281021716627,53.03806947772179,0,C
2,3,13,16,13,75.20231443438155,4,21.400289304297694,58.10953012509131,0,C
1,0,17,13,17,68.19202199718572,2,18.524002749648215,68.43466153598905,1,B
3,3,28,5,7,50.0,9,17.25,35.01479906719845,0,F
1,2,21,18,15,63.057233257146216,4,15.882154157143276,57.29302754160618,0,C
1,0,7,5,6,89.10049506475063,2,16.13756188309383,61.65744802009643,1,C
2,0,1,15,7,98.44455775384777,8,25.305569719230974,77.23349582878065,1,B
1,2,8,18,19,87.9094953138135,3,17.988686914226687,80.87081363596906,1,A
4,0,6,13,12,90.77184396076397,16,31.3464804950955,89.67320869032197,1,A
2,1,29,9,17,50.0,8,16.25,38.38392210032543,0,F
4,1,28,8,13,50.0,16,20.25,47.68967429807131,0,F
1,0,17,6,14,57.569170179733284,2,18.19614627246666,50.373241644737874,0,C
4,3,26,16,9,60.47186906883563,16,23.558983633604456,51.24518364475695,0,C
3,1,15,13,12,64.76497673387021,15,24.095622091733777,68.4795137354972,1,B
1,0,20,10,18,56.07887341467513,4,19.00985917683439,72.87845900615318,1,B
3,1,4,19,15,91.43863027409402,12,22.42982878426175,90.42524976355313,1,A
4,3,22,13,11,59.15629323637795,12,27.394536654547245,48.86938585059,0,F
3,2,28,9,16,50.0,12,18.25,47.18788725402034,0,F
1,0,14,8,18,67.16214333285573,4,17.39526791660697,74.1203772055955,1,B
3,0,4,11,16,91.14606448695484,6,23.393258060869357,73.57385075260684,1,B
4,0,10,9,17,78.2968341964769,20,30.78710427455961,81.33743845464323,1,A
4,0,29,12,13,55.611169474956455,12,22.951396184369557,69.25824447982971,1,B
4,0,21,12,8,64.62928765158708,20,22.078660956448385,62.94131777563257,1,C
1,0,13,17,19,67.98588201691886,4,13.498235252114858,79.27337433707231,1,B
4,3,24,6,17,53.095090005035495,8,26.636886250629438,37.35067538641125,0,F
1,2,18,17,14,58.934921855963715,5,17.366865231995465,61.01922073119168,0,C
3,3,2,19,7,96.22134954755515,15,30.027668693444394,71.68379409665914,1,B
4,3,23,9,13,50.0,20,20.25,46.99584601467882,0,F
3,2,9,14,12,85.4270868870504,15,21.6783858608813,67.506394282635,1,B
2,3,27,12,19,58.36254347006297,10,22.29531793375787,50.129901947763614,0,C
3,1,5,7,11,90.16911714239691,6,26.271139642799614,71.26965730519426,1,B
2,3,27,11,5,50.0,8,17.25,38.679342188763854,0,F
3,0,25,7,6,54.40745271733897,6,23.80093158966737,50.022938137178244,0,C
1,1,2,19,13,95.56799074404044,2,23.945998843005057,84.62911568515635,1,A
3,1,1,10,9,98.00418035111272,6,30.25052254388909,59.325267830084044,0,C
1,2,12,6,5,70.8601978294787,2,14.857524728684837,46.224509594926985,0,F
1,3,17,10,13,73.0551612028361,4,21.131895150354513,53.96924104783791,0,C
4,3,1,10,5,98.43343163559892,16,28.304178954449867,66.28726519959991,1,B
1,1,14,12,12,66.32829406854219,2,13.291036758567774,51.61395056130811,0,C
2,3,4,9,9,91.32357146877037,10,20.415446433596294,59.946763736942415,0,C
4,3,14,18,18,69.60434396615847,16,25.70054299576981,72.3438122695064,1,B
4,2,27,5,15,58.75600899841931,16,22.344501124802413,33.19529316541431,0,F
3,1,20,19,16,51.24649549022804,6,19.405811936278504,64.51161299456025,1,C
1,0,16,12,10,63.65079910511254,5,18.956349888139066,60.81978218010575,0,C
1,1,1,16,5,97.73568518219365,5,17.216960647774208,66.22306173809062,1,B
2,2,17,13,6,58.99719609710026,4,21.37464951213753,47.59846392445244,0,F
3,2,14,5,11,70.90585567473569,6,25.86323195934196,50.14307704466101,0,C
3,2,19,9,6,64.00133857928768,12,26.00016732241096,43.22495106006417,0,F
4,3,22,16,9,56.42505829111899,16,23.053132286389875,47.322476001260185,0,F
4,1,2,10,15,95.44551859336569,12,31.930689824170713,70.83585303699425,1,B
4,3,4,8,13,90.92508006994458,12,31.365635008743073,64.5402000435466,1,C
2,3,10,18,9,78.90413378572265,4,17.86301672321533,60.05766802433715,0,C
2,1,8,15,16,86.25535712032199,6,25.78191964004025,77.9350477011079,1,B
4,2,4,6,7,90.72446363461187,20,28.340557954326485,58.82864660326639,0,C
3,0,24,9,15,50.0,15,22.25,63.96704247906855,1,C
2,0,0,18,17,100.0,10,22.5,96.36150808144389,1,A
3,1,24,18,10,52.46453320582391,12,18.558066650727987,63.54445313611842,1,C
3,1,13,8,11,67.53631770027785,9,24.44203971253473,57.55515506826083,0,C
1,2,4,17,14,92.68648064367841,3,22.5858100804598,79.83696468022653,1,B
4,1,7,11,18,88.68407569660404,8,28.085509462075507,82.79066455541712,1,A
1,1,20,10,15,69.56665165631664,4,15.69583145703958,66.0714271527019,1,B
4,2,13,7,14,78.09977935691441,16,28.7624724196143,58.905572080389604,0,C
4,2,27,13,15,54.451909736279745,16,20.806488717034966,60.46151297656263,0,C
3,3,15,18,12,64.62897332700527,15,24.07862166587566,59.539368237815836,0,C
4,1,5,8,19,91.71922625401247,16,28.46490328175156,79.72841795931328,1,B
3,0,7,19,7,83.46144340685099,9,21.432680425856375,74.40603089409535,1,B
3,1,1,15,15,98.41328349155685,6,28.301660436444607,85.4602059287094,1,A
4,0,18,9,8,56.680402602688595,12,27.085050325336073,45.62297518090516,0,F
3,0,26,18,14,54.33480895004523,12,24.791851118755652,72.63726987774056,1,B
3,0,8,7,8,83.10801550407837,6,25.388501938009796,65.4461373571927,1,B
3,3,4,12,6,93.36109126088475,15,29.670136407610592,66.13700350012569,1,B
2,2,4,15,19,92.43977747330557,4,20.554972184163198,79.17684588533095,1,B
3,2,24,11,11,61.941572687597215,12,25.742696585949652,60.269301020058265,0,C
2,3,25,15,16,50.0,8,14.25,47.68392542842188,0,F
2,2,18,15,8,66.77420524249263,4,18.34677565531158,50.53268068333779,0,C
3,3,29,19,8,50.0,12,21.25,55.51718923061435,0,C
3,1,3,11,19,94.95455056510232,12,25.86931882063779,80.77829342621523,1,A
2,3,15,12,19,73.30017903368032,8,19.16252237921004,50.72978747856156,0,C
2,2,15,11,17,74.8411798393406,8,23.355147479917576,72.90091792174101,1,B
3,2,15,7,16,69.04265829645955,6,22.630332287057442,64.01166705448937,1,C
3,1,6,7,12,90.32951689742508,6,26.291189612178137,66.18602329862195,1,B
4,3,17,6,10,71.28093091056547,12,28.910116363820684,46.327439357533905,0,F
2,1,23,17,10,50.0,10,16.25,53.56184475354825,0,C
2,0,20,5,15,68.5117094692812,10,23.56396368366015,72.70449353619534,1,B
4,3,0,9,13,100.0,12,32.5,75.76684191533727,1,B
2,1,2,16,8,96.79133302183118,4,20.098916627728897,71.45053823794197,1,B
1,1,24,8,13,50.0,3,17.25,47.837180882131115,0,F
2,2,20,19,5,50.04381088834103,8,19.25547636104263,56.502466172498515,0,C
4,3,7,17,15,88.282749652477,16,27.035343706559622,84.47011717155465,1,A
1,0,0,15,13,100.0,5,18.5,87.4683329819986,1,A
3,0,29,6,19,50.0,6,17.25,60.53340189024579,0,C
4,3,6,5,5,87.24228079297437,20,25.905285099121798,49.992064041881676,0,F
4,3,6,18,19,88.04481220717413,12,27.005601525896765,76.05258103007333,1,B
3,1,7,18,11,85.56106431910975,15,23.695133039888717,82.17767072433035,1,A
4,2,18,7,10,67.6810837965102,20,25.460135474563774,61.717126292946304,1,C
2,2,16,17,11,62.314851488769385,8,22.789356436096174,54.888325755204875,0,C
3,2,10,10,13,77.54730974966472,15,22.69341371870809,64.35556865150903,1,C
4,3,14,17,14,70.00546994732518,12,28.75068374341565,64.57593348675333,1,C
3,2,8,6,8,80.54605921418292,6,27.068257401772865,45.625653991525866,0,F
3,1,16,14,16,66.75022623131719,15,25.343778278914648,71.63792667336145,1,B
3,3,10,19,13,79.88122891454682,6,20.985153614318353,65.70564089921855,1,B
1,3,5,17,7,87.62153298832996,3,21.952691623541245,58.22053560520379,0,C
4,2,8,11,14,86.35188709386891,20,25.793985886733616,79.04919859622825,1,B
1,0,29,15,15,52.38292297726657,2,18.54786537215832,62.092812124133886,1,C
4,0,17,11,15,71.74119121792569,16,27.96764890224071,70.62105158141716,1,B
2,1,19,15,13,52.700601847692276,8,19.587575230961534,62.57455383798762,1,C
2,2,1,7,17,97.84774894510231,6,24.230968618137787,73.17533668173215,1,B
2,2,3,18,5,94.58223135435546,10,20.822778919294432,70.16423163035962,1,B
4,3,17,5,18,70.26737732606095,12,27.78342216575762,58.19160955134903,0,C
3,3,27,13,9,57.97075806755186,6,23.246344758443982,44.191810770126686,0,F
3,2,0,15,19,100.0,6,26.5,82.99264796860032,1,A
1,3,10,9,14,75.91827418663213,3,18.489784273329015,49.18751715610976,0,F
1,2,2,6,9,95.50531787856082,2,21.938164734820102,62.92590300884777,1,C
2,1,7,19,5,82.90908185847202,6,23.363635232309,76.42045624862669,1,B
1,3,4,12,5,92.30507625417917,3,20.538134531772396,66.12574763909372,1,B
4,2,19,16,7,60.076492324837005,16,23.509561540604626,58.65916399792275,0,C
4,3,20,14,13,60.32657482002019,8,26.540821852502525,61.71365631843952,1,C
1,1,21,14,11,50.0,3,14.25,48.68599925674519,0,F
1,3,21,8,10,50.0,4,14.25,29.829948532267053,0,F
1,2,4,15,13,90.26889916939852,3,18.283612396174817,64.68731645772215,1,C
1,3,27,14,8,50.0,2,16.25,38.535081908912744,0,F
2,3,10,16,8,84.38198022811778,8,18.547747528514723,58.16024200531042,0,C
2,2,11,11,7,76.70720725675639,4,19.58840090709455,61.59162526024788,0,C
1,0,21,18,9,66.46200414784656,5,16.30775051848082,66.18017745717513,1,B
4,3,8,17,9,86.8894282109144,20,31.8611785263643,67.83840178693822,1,B
2,3,20,9,16,66.1731060362173,10,20.27163825452716,57.1914743153046,0,C
4,1,12,17,18,77.63807894734292,20,29.704759868417867,90.35083435701519,1,A
3,0,21,7,14,56.07248384333959,12,18.00906048041745,61.49294051699415,0,C
4,1,19,14,11,65.16248019069897,8,28.14531002383737,67.03903386381492,1,B
1,2,28,12,11,50.0,3,17.25,49.04282356510799,0,F
3,2,2,6,19,96.90542193383013,9,29.113177741728766,84.02716629656615,1,A
2,1,12,5,10,74.56290639130694,6,22.320363298913367,45.477655215516165,0,F
2,3,27,9,8,50.0,4,17.25,30.409293462545186,0,F
3,0,21,15,11,66.41280689095109,12,26.301600861368886,78.63555598197331,1,B
4,1,10,8,18,77.14882844006802,8,26.643603555008504,69.53121850807179,1,B
2,1,10,15,6,78.52540442338014,10,23.815675552922517,68.77285952094688,1,B
1,2,20,14,17,60.20541141437273,3,14.525676426796592,46.38117382860957,0,F
3,3,19,19,16,60.99566239055063,6,19.624457798818828,56.67954085966453,0,C
1,0,20,11,13,59.93908530894409,5,15.49238566361801,52.07744888126361,0,C
3,1,6,19,11,90.6772423376336,15,29.3346552922042,80.1465318543476,1,A
2,0,16,17,6,64.23760862510586,8,17.02970107813823,61.64350362774183,1,C
4,0,15,13,14,69.82284044679194,12,29.72785505584899,75.4497669092514,1,B
3,1,13,10,6,78.25328990453954,6,20.781661238067443,63.713048144953916,1,C
3,0,0,15,17,100.0,15,27.5,98.62371376403607,1,A
1,2,10,5,10,78.04934393937944,5,15.75616799242243,52.89161114444708,0,C
2,3,12,19,15,79.43805436704572,6,24.929756795880714,66.55666076232252,1,B
1,3,0,12,11,100.0,2,18.5,58.066063343643364,0,C
2,3,1,6,13,98.04349527411898,4,21.255436909264873,58.8743353840801,0,C
1,2,8,8,19,86.55512309994354,3,16.819390387492945,62.8292533954876,1,C
3,2,12,7,8,74.10855996024353,15,27.26356999503044,48.18647620974445,0,F
1,2,4,10,12,91.61309214186261,4,17.451636517732826,56.98517480709614,0,C
4,3,29,6,18,51.558216551119806,12,27.444777068889977,46.37267857728538,0,F
2,0,8,9,14,81.02120880177866,10,18.12765110022233,72.92314576433515,1,B
2,2,12,15,19,71.74558800752354,8,21.968198500940442,76.23973601018396,1,B
3,1,4,13,17,90.65502164857583,9,27.331877706071978,87.30174680190494,1,A
2,2,14,19,6,73.41080997451658,6,20.176351246814573,62.91831711759765,1,C
4,1,29,7,10,50.0,20,24.25,63.585312650454526,1,C
1,3,6,6,8,85.93122814971177,3,22.741403518713973,44.678432541021735,0,F
3,1,13,6,12,67.54497646254009,6,25.44312205781751,53.02492097516943,0,C
4,2,29,19,13,50.0,8,23.25,56.362131273575244,0,C
2,2,15,13,6,71.75728997443443,8,16.969661246804304,50.8818167914446,0,C
2,0,5,10,11,91.50897875084738,6,19.438622343855922,65.73370702115473,1,B
4,3,1,6,11,98.20753760714362,8,27.275942200892953,56.55142539353557,0,C
1,1,15,7,12,70.07828160001161,5,20.759785200001453,58.117913703758006,0,C
1,3,18,19,17,58.50176259057198,5,19.312720323821498,65.12788623721477,1,B
3,2,4,18,9,91.10806377709562,15,28.388507972136953,68.54070937844543,1,B
2,0,3,5,15,93.13686172356591,4,19.64210771544574,67.08173013280853,1,B
4,2,13,6,17,75.56095715114817,12,30.44511964389352,57.310632836699526,0,C
1,2,26,19,7,54.58047924864322,3,17.822559906080404,52.72791622669871,0,C
3,2,5,6,5,92.3793516314077,9,29.547418953925963,50.92803562555437,0,C
2,1,7,15,8,85.1167146454482,8,18.639589330681027,61.743568671445075,1,C
2,2,23,6,7,50.0,6,15.25,26.876482500014575,0,F
3,3,2,11,6,95.22171901181983,6,29.90271487647748,56.67855273946522,0,C
3,3,3,7,10,94.07128634994584,6,22.75891079374323,56.19568652258761,0,C
1,0,0,17,11,100.0,3,17.5,88.88118137997581,1,A
4,3,1,19,14,98.29758793836764,20,26.287198492295957,85.0,1,A
2,2,12,18,11,75.82746252226563,8,19.478432815283206,71.4646283476024,1,B
4,2,8,15,16,86.28985804104148,16,30.786232255130187,77.82691625577459,1,B
2,3,11,8,12,81.43116936155437,4,23.178896170194296,48.59132253386019,0,F
2,0,9,6,17,77.91950681197883,8,20.739938351497354,71.89382006528409,1,B
4,0,9,9,18,79.14033380142912,20,25.89254172517864,73.820023886426,1,B
3,3,17,18,6,74.2994017604985,9,26.28742522006231,58.4822062523026,0,C
1,1,11,13,18,80.54635705347698,4,21.068294631684623,76.55195979323084,1,B
2,1,21,16,15,64.19215972787183,8,19.024019965983978,73.7497770945802,1,B
3,1,29,13,16,52.23310877580682,6,18.52913859697585,63.578864082542495,1,C
2,1,15,11,14,67.03881355953035,10,17.379851694941294,65.22387047039403,1,B
1,3,22,16,17,54.52956771061973,2,16.816195963827468,44.20956146533471,0,F
2,0,5,12,10,90.23032714624945,4,22.278790893281183,72.09471644871157,1,B
1,2,23,17,17,61.14156765588427,4,15.642695956985534,65.86174126759805,1,B
1,2,24,18,10,57.337166649240245,2,17.167145831155032,60.94691924822385,0,C
2,3,23,9,14,57.30967587243436,4,19.163709484054294,47.28528154440953,0,F
2,2,20,9,16,54.29034628335391,8,17.78629328541924,44.08120629222227,0,F
1,1,23,16,5,50.0,4,14.25,55.57676465689939,0,C
3,0,9,7,6,84.84420650791357,12,22.605525813489194,64.53291709434795,1,C
4,3,14,10,17,74.21868263549375,12,24.277335329436717,62.69300757712634,1,C
1,0,25,5,13,55.49496133638469,5,11.936870167048086,54.4380813948072,0,C
2,3,8,7,12,87.6474608432618,6,18.955932605407725,51.52562739002272,0,C
2,3,29,15,16,50.14265314889499,8,20.267831643611874,46.82888053322733,0,F
3,3,23,6,17,50.0,15,23.25,45.81915862242023,0,F
4,3,1,11,8,97.65714182112761,8,27.20714272764095,57.55823891839546,0,C
1,0,17,13,10,71.65084564304914,5,19.956355705381142,63.59358786279402,1,C
1,2,11,8,6,79.4722068612208,4,21.9340258576526,48.28217580231374,0,F
4,3,2,11,16,96.37839388945608,12,26.04729923618201,62.10186524237892,1,C
1,1,6,12,9,90.11355515167506,5,18.264194393959382,71.17173415666271,1,B
4,3,8,14,6,83.02233432289738,8,26.377791790362174,61.5422561045505,0,C
2,0,7,6,19,85.59891567744299,6,23.699864459680374,79.12599078452132,1,B
4,3,24,11,17,53.75220801427908,12,20.719026001784883,40.71598370463136,0,F
1,1,5,17,9,88.2225083594589,3,16.027813544932364,73.5727150147994,1,B
4,0,0,16,11,100.0,12,32.5,94.60457243185587,1,A
3,3,13,7,11,77.12944212662372,6,23.641180265827963,46.93225034126307,0,F
2,1,15,12,13,71.89442894200197,8,23.986803617750247,66.88927304636192,1,B
2,0,27,10,7,55.44576829585541,4,17.930721036981925,53.72294997323709,0,C
4,3,15,7,16,68.62940090334754,16,29.578675112918443,50.80607440708688,0,C
1,1,3,12,8,93.74011273608815,4,23.71751409201102,64.61578729927977,1,C
3,0,28,15,13,50.0,15,19.25,54.60658484365415,0,C
2,3,5,17,18,88.22091649478993,4,26.027614561848743,70.86275325207463,1,B
2,0,14,7,12,67.28281153156072,8,22.41035144144509,56.491202113876206,0,C
1,1,27,13,16,50.0,2,16.25,54.572337808304574,0,C
1,3,21,15,11,54.80758397409369,2,13.850947996761711,48.98914662418495,0,F
3,3,7,7,12,84.07120639222205,12,24.508900799027757,59.682740684090334,0,C
4,3,0,5,13,100.0,16,32.5,59.122912535676406,0,C
1,1,12,17,16,78.39282525786572,3,17.799103157233215,73.24961877578228,1,B
4,2,26,6,8,56.60366148668854,20,26.075457685836067,44.99576420538003,0,F
3,3,17,8,9,65.8050491961162,12,22.225631149514527,31.165152402290225,0,F
4,1,17,17,13,60.25964473724567,16,21.53245559215571,67.0403021207983,1,B
2,0,12,15,11,79.2314563642029,8,18.903932045525362,72.79595096028429,1,B
4,0,21,6,18,53.151025761414715,20,26.643878220176838,62.96432571972217,1,C
3,1,29,8,8,50.0,6,19.25,44.37477568375889,0,F
3,2,13,8,10,68.76002629533673,9,26.59500328691709,45.69423897701403,0,F
3,1,10,8,15,78.73210459153404,9,24.841513073941755,69.09999513148354,1,B
4,0,6,5,5,85.14068196642602,8,29.642585245803254,61.32108900825554,0,C
2,0,17,13,5,70.32361381262773,10,22.790451726578468,69.29503588679856,1,B
1,3,20,14,13,51.52083243522409,5,14.440104054403012,44.948005524751856,0,F
2,2,21,15,19,61.00182894239086,8,15.625228617798857,70.72437434448949,1,B
4,1,3,11,12,93.63409761309886,20,27.704262201637356,85.49668086955607,1,A
4,0,16,6,19,73.20786858484416,20,26.15098357310552,76.86370593613832,1,B
1,0,18,7,17,59.32386783750117,4,19.415483479687644,60.33190110936333,0,C
4,0,13,17,5,67.78274435752354,8,22.472843044690443,60.98770598880315,0,C
3,1,9,12,17,79.41316495247092,9,22.926645619058867,74.94041363968353,1,B
3,1,24,11,19,50.0,6,24.25,68.49999198695272,1,B
3,2,28,8,15,50.0,6,19.25,47.24545043242827,0,F
3,3,5,8,6,90.77381846096623,12,26.346727307620778,55.301873427263004,0,C
3,3,17,13,17,67.37678551918523,6,23.422098189898154,65.59328092286475,1,B
4,3,24,19,8,56.12108049363994,20,23.015135061704992,62.624707067680305,1,C
1,0,3,9,5,93.00187039898512,2,16.62523379987314,64.73518545780139,1,C
1,3,10,18,6,76.06888876772501,2,17.508611095965627,55.13931406773412,0,C
3,0,12,17,9,70.60410777148314,12,25.825513471435393,67.94223035701076,1,B
4,2,7,15,12,86.57146374664505,16,31.821432968330633,74.60019920316311,1,B
2,0,9,9,10,81.58402716908417,6,24.19800339613552,70.10105824077198,1,B
2,2,22,19,19,54.308300737065245,10,19.788537592133157,66.31680084705594,1,B
4,2,27,11,10,50.0,20,27.25,46.1530669558212,0,F
3,3,10,5,8,84.97543659108126,9,24.621929573885158,44.27422996666326,0,F
1,3,2,7,6,95.31462065713266,3,18.91432758214158,55.14506811508845,0,C
4,0,14,6,7,75.2460308435455,16,29.405753855443187,63.77453638475667,1,C
2,1,7,15,17,86.19485151877602,6,21.774356439847004,79.45508403629886,1,B
2,3,19,14,10,55.510203116141504,4,18.938775389517687,37.20180528827707,0,F
2,3,17,10,10,57.55344550183827,6,18.194180687729784,40.619103638283434,0,F
3,1,26,15,9,50.0,6,18.25,49.986867240637,0,F
2,1,20,16,10,69.50333525428047,6,20.68791690678506,56.92624547433242,0,C
4,3,0,10,15,100.0,16,30.5,77.49512450986325,1,B
4,1,28,14,10,51.078102188275864,20,22.384762773534483,61.20283306414733,0,C
2,0,23,5,17,50.0,4,16.25,54.378407872166136,0,C
4,2,29,18,5,50.0,20,23.25,43.3574621239401,0,F
2,2,7,18,10,82.8965486676239,4,21.362068583452988,71.65123618807833,1,B
2,3,2,10,9,95.1249649729962,10,21.890620621624524,60.95113774249914,0,C
1,3,0,14,12,100.0,4,24.5,69.52605387555859,1,B
3,0,19,6,13,69.63663643273343,6,19.70457955409168,61.74790491588952,1,C
3,1,24,15,18,63.95211452784437,9,21.994014315980547,66.59967487180634,1,B
1,3,15,8,10,65.59175373679429,4,13.198969217099286,41.118858355084924,0,F
1,2,8,10,17,81.25360753926986,5,21.156700942408733,71.08195366247831,1,B
3,0,16,7,16,60.605092908294175,6,25.575636613536773,54.3050294330316,0,C
2,0,26,7,16,55.322052102227744,8,18.91525651277847,63.87525042889629,1,C
2,1,15,16,14,66.50280298113626,10,21.312850372642032,70.3289869343467,1,B
3,3,22,7,8,55.580582816513726,6,22.947572852064216,37.93816227741085,0,F
2,3,5,8,7,90.85758897401962,4,20.357198621752453,50.22178097779549,0,C
1,0,29,13,14,50.0,4,11.25,57.54105247159966,0,C
2,2,22,8,16,54.93961334106476,10,17.867451667633095,43.81551836642562,0,F
2,3,6,17,5,89.24623360433198,10,24.155779200541495,59.106824697943836,0,C
4,2,23,8,11,59.32536337096856,8,27.41567042137107,49.266700657974894,0,F
4,0,15,8,9,70.20129663779093,20,24.775162079723867,71.6629488327106,1,B
4,3,7,11,8,86.18174444059744,12,26.77271805507468,58.28398267146156,0,C
2,2,9,9,13,83.78152567148803,6,19.472690708936003,54.3488718734945,0,C
3,0,13,16,11,77.07149494547521,6,21.6339368681844,73.65682677656797,1,B
1,2,10,6,14,75.4569259085903,5,21.43211573857379,51.81825193442005,0,C
2,3,1,11,17,97.63762949525461,4,24.204703686906825,69.48726770077822,1,B
3,1,11,7,12,74.51542984033013,9,26.314428730041264,60.749792230752504,0,C
2,2,27,15,8,53.714338245720825,4,21.714292280715103,57.164204267219645,0,C
1,1,27,5,14,54.38914205538337,2,11.79864275692292,47.68127700474699,0,F
2,3,19,13,16,56.122748652336135,8,16.015343581542016,52.50923183710913,0,C
1,1,19,9,14,67.9911873938473,4,17.498898424230912,60.87274947794916,0,C
2,0,12,14,12,75.95756877093956,6,23.494696096367445,69.51734600939234,1,B
1,1,14,5,8,75.90009498521646,5,18.48751187315206,59.090649078902615,0,C
2,2,26,15,19,51.17018562457604,6,18.396273203072006,60.58761555592663,0,C
1,2,25,5,5,50.0,5,16.25,28.883793859415242,0,F
4,1,11,5,15,73.6943982242211,20,28.21179977802764,67.8809036381841,1,B
2,0,12,16,19,70.03984898941849,8,19.75498112367731,86.90949151022848,1,A
2,3,7,13,12,82.89267003989443,8,19.361583754986803,61.434757327569116,0,C
3,1,15,17,5,67.43123913421397,9,24.428904891776746,59.94807928113876,0,C
3,2,29,12,17,50.0,9,23.25,54.42757666212992,0,C
1,2,28,15,16,56.38461349182563,3,14.048076686478204,59.83466961480529,0,C
2,1,28,17,7,50.0,8,18.25,54.70673777145761,0,C
1,1,2,19,11,96.57863867599191,4,19.072329834498987,81.95907589356254,1,A
4,1,27,17,7,50.0,8,27.25,52.97270881637885,0,C
3,3,28,10,17,50.0,9,20.25,47.94249588824803,0,F
1,2,12,14,12,73.19797980524635,2,14.149747475655793,51.33082138912225,0,C
1,2,11,19,9,76.09155461844271,5,17.51144432730534,69.90185123991944,1,B
3,2,18,19,7,66.748038547036,9,22.3435048183795,59.210294084882804,0,C
2,3,28,10,9,50.0,8,15.25,30.883787403422502,0,F
1,0,1,10,9,97.65662475613098,3,21.207078094516373,72.25302808140421,1,B
3,2,0,8,12,100.0,9,26.5,72.85304796585142,1,B
2,2,7,9,16,84.06235253772992,8,22.50779406721624,73.55811739326433,1,B
4,0,29,14,13,50.0,16,27.25,67.45197600203285,1,B
3,3,8,7,10,80.45049653801411,15,23.056312067251763,55.61809100753088,0,C
1,0,24,7,14,53.81026915945418,3,11.726283644931772,51.289631552834805,0,C
4,0,26,14,7,50.0,12,26.25,66.20481253157311,1,B
2,0,7,11,6,83.49533427134389,6,18.436916783917987,64.26366253739592,1,C
2,0,20,9,15,67.51338049243144,6,18.43917256155393,65.67511959478074,1,B
3,3,16,12,7,60.53967104653412,15,19.567458880816766,44.785147881476426,0,F
3,3,8,9,13,80.02926651693303,9,23.00365831461663,63.942790268605364,1,C
3,0,5,16,11,89.469267416355,15,29.183658427044374,85.93891494664318,1,A
2,1,27,8,19,50.0,10,19.25,60.862055245330396,0,C
4,1,14,18,15,65.92838147427457,16,24.24104768428432,71.37494259093926,1,B
2,1,22,7,15,66.55946340966814,6,21.319932926208516,60.299257139212074,0,C
1,1,23,16,13,50.0,4,12.25,53.29881903130801,0,C
2,2,12,6,17,74.4716063468907,10,24.308950793361337,57.00364334783461,0,C
1,3,20,7,19,53.430871992614335,2,17.67885899907679,47.61096283383437,0,F
4,3,21,11,10,57.14483226658267,8,22.143104033322835,41.63399175330165,0,F
3,0,11,12,12,77.66399356667132,9,23.707999195833914,68.94033898060253,1,B
3,2,12,19,14,71.22978153106467,6,23.903722691383084,74.49508744316807,1,B
2,0,6,9,15,87.95516796109135,8,18.99439599513642,72.04633430047795,1,B
3,0,22,15,13,56.6206336153425,6,19.077579201917814,74.25816769224946,1,B
4,3,17,5,7,64.16079025671735,8,27.02009878208967,42.31570189239121,0,F
3,2,13,7,11,73.75859024488935,15,21.21982378061117,63.50598067742267,1,C
2,1,10,8,13,80.53713043861548,8,21.067141304826933,60.85627022685328,0,C
4,3,27,14,6,54.62585663784953,12,23.82823207973119,45.743220947229176,0,F
1,2,13,17,16,75.33379366726925,4,20.416724208408656,70.11100082844025,1,B
2,2,16,17,11,71.4872687866505,8,20.935908598331313,67.49485179623058,1,B
1,3,23,16,9,56.28931129015108,3,13.036163911268886,41.31755374414272,0,F
4,3,20,8,12,58.13683409374032,16,22.26710426171754,50.49933919738902,0,C
2,0,25,16,8,50.0,10,21.25,61.598345279911264,1,C
2,0,1,5,5,98.26133852170729,6,23.28266731521341,64.32924481048825,1,C
4,0,18,14,15,71.47938436091262,20,24.934923045114076,70.95336490440366,1,B
3,1,15,13,17,66.33343466448756,12,23.291679333060944,74.30274207369463,1,B
2,3,21,16,19,57.400015452325,4,16.175001931540624,56.191845003885476,0,C
2,2,9,14,14,82.52108785326703,6,25.31513598165838,64.21442170251426,1,C
1,3,21,19,12,65.77849515510461,3,13.222311894388076,53.27664640575284,0,C
3,2,7,19,19,86.59735374337183,6,27.82466921792148,85.24408308271877,1,A
1,1,20,8,10,53.63649166758901,2,11.704561458448627,43.50975038221503,0,F
1,3,4,6,17,91.67425748214178,3,21.459282185267725,61.207777426739526,0,C
3,2,6,17,12,90.45414692358452,6,25.306768365448065,74.67085595273456,1,B
3,2,25,13,7,54.193121671816016,15,22.774140208977002,42.908940629279215,0,F
4,0,12,18,12,70.24237568903696,16,22.780296961129622,80.32509338212301,1,A
3,1,15,8,12,69.33238792896891,15,22.666548491121112,63.40391818826154,1,C
2,3,29,8,16,50.0,8,20.25,53.250769862572895,0,C
3,0,4,15,5,90.34622101519231,12,28.29327762689904,78.73348753145709,1,B
4,1,15,10,8,72.45999048994918,8,30.057498811243647,60.11414435197801,0,C
4,0,14,12,11,68.78129731701193,8,24.59766216462649,58.17441711471653,0,C
4,3,8,9,17,86.82223595425504,20,30.85277949428188,71.89654109995789,1,B
3,2,21,16,18,65.21364460392226,6,22.151705575490283,75.38621287785833,1,B
3,3,22,12,15,54.65109155276518,15,18.83138644409565,47.71525276605821,0,F
1,1,11,5,5,80.86194349567462,3,15.107742936959328,41.88952129726871,0,F
1,3,7,17,7,89.15467539430156,5,17.144334424287695,56.76019593653962,0,C
2,1,12,8,7,70.88241472029199,8,16.8603018400365,55.826582945790534,0,C
1,0,4,5,10,93.77604180554167,3,16.72200522569271,64.61862011284441,1,C
2,1,13,7,9,71.17330747295635,10,19.896663434119546,50.713306774816004,0,C
4,2,15,15,16,72.5052126595381,20,29.063151582442263,73.41469422615623,1,B
1,2,10,11,15,75.66495034889691,3,20.458118793612115,61.98926584025524,1,C
3,2,19,5,19,52.76500460570489,9,21.59562557571311,56.5138798015396,0,C
1,0,11,9,11,79.81026283535827,4,14.976282854419784,63.36275320763684,1,C
2,1,14,5,7,70.72450452555154,8,23.840563065693942,50.22731144114266,0,C
1,0,23,10,15,50.0,4,11.25,45.59224341231203,0,F
4,3,11,13,5,82.14249715018386,8,29.267812143772982,50.30135484065447,0,C
3,3,25,7,15,50.0,12,21.25,43.29647298601076,0,F
2,3,8,15,19,80.75042012467472,4,19.09380251558434,66.26418477682489,1,B
3,3,0,15,7,100.0,15,30.5,57.58715697595389,0,C
3,2,2,18,12,95.3225798173433,15,22.915322477167912,82.41818227817176,1,A
2,1,11,16,9,82.2283618006197,10,24.278545225077462,73.45075790462658,1,B
3,2,19,19,19,60.70226776569688,6,21.58778347071211,63.827539682744046,1,C
3,1,12,10,7,77.92763596864242,15,24.740954496080303,64.83534679151266,1,C
1,1,22,8,18,56.62225106739675,5,16.077781383424593,50.1019796241208,0,C
3,0,5,10,12,90.99683907697766,6,27.374604884622208,72.25362927647136,1,B
3,3,9,6,10,84.15514565547879,12,21.51939320693485,58.69912256930678,0,C
3,1,9,8,19,79.81174729083037,12,21.976468411353796,78.70203012981214,1,B
3,3,15,17,7,74.15330177858337,12,21.26916272232292,59.324980571971665,0,C
2,3,26,17,18,50.38126085157258,8,20.29765760644657,52.30601572100933,0,C
4,3,0,11,9,100.0,12,28.5,67.39618309196022,1,B
1,2,15,15,5,73.92047373822743,5,16.24005921727843,55.662220721441486,0,C
3,3,3,10,10,93.61871166693784,12,25.70233895836723,52.868110129298856,0,C
3,1,5,13,19,92.27285691870989,12,28.534107114838736,79.7747803699828,1,B
2,2,18,15,18,58.79982273393325,8,20.349977841741655,67.63351389580848,1,B
4,3,1,11,16,97.95376593604661,16,26.244220742005826,60.144547696765514,0,C
3,0,17,5,17,60.416564266175236,12,19.552070533271905,62.0593410434325,1,C
2,3,9,10,18,84.58285614941684,6,20.572857018677105,63.24936403085296,1,C
1,3,27,15,13,50.0,3,11.25,40.13533868621085,0,F
1,2,27,7,16,50.0,2,16.25,43.94349934382304,0,F
3,1,3,12,11,95.26958806850288,6,22.90869850856286,73.36895416608729,1,B
3,3,28,17,19,50.0,12,18.25,58.00837749966651,0,C
4,2,0,5,15,100.0,8,26.5,67.83308847644251,1,B
4,2,14,14,17,75.20716387753322,12,27.400895484691652,73.18913165249461,1,B
3,1,9,6,12,78.25558582937694,12,22.781948228672118,65.011055837078,1,B
2,2,17,7,10,61.51251345496568,4,18.68906418187071,39.452634488259825,0,F
4,1,15,18,15,72.89863946314915,8,25.112329932893644,79.84547010043873,1,B
3,0,12,7,9,79.1306926911351,9,20.891336586391887,62.30659513992375,1,C
4,3,25,11,19,51.497761107154275,20,24.437220138394284,44.53182412911731,0,F
3,2,14,17,16,74.90094259310925,12,22.362617824138656,69.44731109562333,1,B
1,0,1,12,10,98.2829769460855,2,18.28537211826069,76.39441235121066,1,B
3,2,19,19,11,63.917085612720456,9,22.989635701590057,54.7812738615807,0,C
1,2,3,13,13,95.42288733152095,4,21.927860916440117,70.46572167022572,1,B
4,0,0,11,12,100.0,12,28.5,81.92366443661126,1,A
3,2,6,12,9,89.67002423069619,12,29.208753028837023,68.03199825653084,1,B
4,2,22,15,19,61.184647886528346,20,28.648080985816044,67.5886446500085,1,B
1,0,25,19,11,60.43616784419484,5,12.554520980524355,66.69430973176578,1,B
3,2,10,10,12,79.11068316364378,12,21.888835395455473,65.98822574817852,1,B
4,1,25,6,5,50.6997693106841,16,26.337471163835513,43.28827581845007,0,F
1,2,9,5,12,79.74435359899199,3,14.968044199873999,53.14131069124433,0,C
4,3,0,7,15,100.0,16,33.5,67.85358635082315,1,B
2,2,10,13,11,83.80465991521211,4,25.475582489401514,58.76017624519416,0,C
1,3,23,17,15,59.23422295407121,4,17.4042778692589,57.302149431826535,0,C
1,3,9,11,16,80.35791284759586,4,15.044739105949482,53.605779919449105,0,C
1,2,13,6,16,77.41494388168114,5,19.676867985210144,65.58593304836013,1,B
3,0,13,18,6,80.10808229828677,15,22.013510287285847,69.60642665203261,1,B
3,1,6,5,6,90.34116025631221,9,26.292645032039026,57.692198666299504,0,C
3,1,22,6,16,57.46020759591344,12,20.18252594948918,60.26165059797064,0,C
2,2,10,19,10,80.69215347877306,4,25.086519184846633,67.43605065285847,1,B
2,0,21,7,7,50.0,4,18.25,46.578135196639465,0,F
1,0,27,18,5,50.0,4,18.25,55.63815134910911,0,C
2,1,3,10,19,93.46579687759453,6,25.683224609699316,72.40310397715052,1,B
4,0,26,16,12,50.0,8,27.25,58.4901357777611,0,C
1,2,23,13,11,59.291874525004985,3,19.41148431562562,49.11414724481066,0,F
1,2,1,12,8,98.3945489348854,4,22.299318616860674,65.24963329970517,1,B
4,0,6,14,18,85.84555590346062,12,25.730694487932578,90.0928814853014,1,A
1,2,18,13,5,70.25207150016595,4,18.781508937520744,49.549917865106615,0,F
2,3,13,15,6,79.24038299300275,10,19.905047874125344,53.3967719090313,0,C
3,1,18,15,13,69.15108500147727,12,20.64388562518466,65.9589139728961,1,B
4,2,29,12,8,56.42782946218673,12,24.053478682773342,52.234181868756224,0,C
2,0,6,11,7,90.56820910105004,4,22.321026137631257,66.3023295665787,1,B
4,1,11,10,12,76.51283554722485,16,30.564104443403107,61.877507521540124,1,C
4,2,2,12,8,96.51290478628421,16,30.064113098285524,69.15829806173244,1,B
1,1,14,10,11,74.2608306610131,4,21.282603832626638,64.13295189327432,1,C
1,0,4,6,19,90.65880098060123,5,17.332350122575154,74.22213630309912,1,B
2,3,7,17,17,84.08970291942784,10,24.51121286492848,73.10038683718248,1,B
4,3,13,13,18,74.10077468651428,20,25.262596835814286,62.43221677006254,1,C
1,2,28,13,18,50.0,2,18.25,49.58692390758955,0,F
1,3,3,7,18,95.24256616467933,2,23.905320770584915,71.7256368661496,1,B
4,2,6,13,9,86.43043179111186,16,28.803803973888982,56.78748877260318,0,C
2,1,6,6,9,87.90285119982849,4,21.98785639997856,56.16184587196605,0,C
2,2,17,16,15,64.79386526697533,6,19.099233158371916,53.31597428752359,0,C
4,2,13,18,10,71.84814944932756,12,25.981018681165946,61.1449471699286,0,C
2,2,7,7,16,85.998772906281,10,22.749846613285126,69.20732256527064,1,B
1,3,25,18,17,50.0,3,13.25,59.92347870783375,0,C
4,2,11,10,8,78.00400854494835,12,26.750501068118545,50.58842792422775,0,C
1,0,9,18,6,82.02864269670786,4,21.253580337088483,75.73086490807823,1,B
3,2,13,8,10,70.7473310907918,15,23.843416386348977,47.17855174149273,0,F
3,1,8,12,17,84.5823317825536,15,25.572791472819198,75.0833871844633,1,B
2,0,5,5,9,92.48553340751631,10,26.560691675939538,69.99230092786523,1,B
3,1,29,17,7,50.0,9,17.25,43.61230503303915,0,F
1,1,4,10,8,90.18935010029486,2,16.273668762536857,59.40875030300221,0,C
3,1,0,6,7,100.0,12,29.5,66.91025110015488,1,B
1,0,0,10,7,100.0,2,22.5,62.105880471416214,1,C
2,0,24,18,8,53.06823500120608,10,16.633529375150758,57.34059218638174,0,C
2,3,29,5,6,50.0,10,17.25,25.416735212829423,0,F
1,0,19,19,8,54.57339910857968,3,11.82167488857246,56.63041243518583,0,C
3,2,16,6,14,63.663782195227625,12,25.95797277440345,49.33935204645217,0,F
2,1,10,13,15,76.15426611558192,8,19.51928326444774,71.46108784791274,1,B
4,3,25,10,6,62.26200052809547,16,21.782750066011936,43.3914372176348,0,F
2,0,11,12,18,81.43953516892314,6,25.179941896115395,86.31242058717734,1,A
3,1,2,11,14,96.15301117486838,6,30.019126396858546,75.97475801056423,1,B
4,0,5,13,12,88.26079101273449,16,31.032598876591813,74.22642963412603,1,B
3,3,29,13,14,50.0,6,20.25,34.81864210180147,0,F
1,0,10,15,9,83.14859668026052,3,19.393574585032567,78.72465797202184,1,B
4,0,28,8,17,54.017211873319795,12,23.752151484164976,62.31109655876218,1,C
3,1,12,11,11,71.98357077764162,6,19.9979463472052,61.91061200554607,1,C
4,2,10,9,15,79.58565705969245,16,26.948207132461555,69.86824728028017,1,B
3,0,7,11,8,85.11261170891297,6,27.63907646361412,70.65663265895493,1,B
4,3,28,8,14,50.0,16,24.25,49.65655355388556,0,F
3,0,9,16,10,84.59428182771555,15,28.574285228464444,84.16443475805221,1,A
1,0,1,14,17,98.36351520009526,5,18.295439400011908,92.8760448767525,1,A
4,2,23,15,16,50.0,16,24.25,54.773224195474484,0,C
4,1,13,15,18,79.04693662308935,8,23.88086707788617,81.52349160431332,1,A
4,3,28,5,14,55.53093618050986,16,24.941367022563732,45.152518957167466,0,F
4,1,15,8,8,73.34387236574935,16,28.16798404571867,53.99955351004289,0,C
1,1,16,19,19,70.9304182367881,4,15.866302279598512,84.74573377194037,1,A
4,1,10,17,10,82.58864645948799,20,27.323580807436,76.51866639358802,1,B
2,0,1,14,5,97.75837672749978,6,25.219797090937472,66.62276235951441,1,B
1,2,23,19,10,50.0,5,18.25,55.63806531427194,0,C
2,0,22,7,10,62.608990460058045,8,16.826123807507255,57.759695780971725,0,C
4,3,4,13,6,90.87259124187142,8,26.359073905233927,56.50783926944591,0,C
3,2,28,9,16,56.76121811249273,9,21.09515226406159,55.4295091108704,0,C
2,1,15,8,14,75.71646009371769,8,24.46455751171471,59.43764453403598,0,C
4,2,15,12,14,69.77323874531557,12,25.721654843164444,64.12466663391432,1,C
2,3,25,19,13,50.0,4,16.25,53.57268705007198,0,C
4,0,1,9,19,97.55063435021863,12,30.193829293777327,90.06824433676636,1,A
4,0,15,7,10,75.82085589741101,12,24.477606987176376,64.36044405950966,1,C
4,1,24,6,16,58.24751401489853,16,21.280939251862314,56.39907268697489,0,C
3,0,4,19,19,90.21683260110416,6,25.27710407513802,100.0,1,A
2,0,7,12,15,88.44493265775048,4,22.05561658221881,76.09077874558372,1,B
1,3,28,16,17,50.0,5,16.25,51.775148915043474,0,C
1,2,19,6,11,71.47894755525398,3,18.934868444406746,47.817930273594996,0,F
1,0,13,18,6,72.28774266522275,4,19.035967833152846,68.72728520321175,1,B
1,3,24,12,6,52.12958987577465,3,12.516198734471832,40.26008728994745,0,F
4,3,9,9,6,82.26077248254911,12,29.282596560318638,57.00573347245411,0,C
2,1,22,12,14,50.0,6,17.25,57.108330768186285,0,C
2,3,1,9,17,98.41926565475207,8,21.302408206844007,69.99482311270178,1,B
3,1,2,5,15,96.24533571217981,9,29.030666964022476,74.46388574038043,1,B
2,0,29,16,13,50.0,8,14.25,69.46240445138739,1,B
2,1,17,17,7,72.39324848582731,4,17.049156060728414,56.304762229270914,0,C
2,3,20,15,17,68.28666907251329,6,22.53583363406416,58.90967712323831,0,C
3,2,1,18,8,98.32038569544267,15,24.290048211930333,73.02373661114139,1,B
1,2,20,15,5,65.17904550040392,2,16.147380687550488,51.241883727666156,0,C
2,0,28,6,5,50.0,10,21.25,42.48538011982958,0,F
3,0,8,18,8,84.19509030998654,9,23.524386288748317,69.52516383770376,1,B
3,2,1,10,18,97.98971096732747,6,29.248713870915935,73.34874476014488,1,B
4,1,24,7,6,50.0,16,22.25,43.832055186716886,0,F
3,0,6,12,12,86.89439921317846,9,25.86179990164731,79.24139299887814,1,B
1,3,6,9,17,87.9833355873222,3,17.997916948415273,60.65512624353174,0,C
2,0,13,7,8,76.08210087560138,8,24.510262609450173,56.10462042484945,0,C
3,1,4,16,7,92.67579322565024,15,27.58447415320628,82.96526291382295,1,A
1,0,7,14,7,89.09602486277342,2,19.137003107846677,73.74372421683222,1,B
3,3,22,11,10,50.0,6,19.25,40.63214164276773,0,F
3,3,21,18,16,52.34271500173811,12,24.542839375217262,58.57408040224347,0,C
3,3,17,12,17,63.90316489787459,6,22.987895612234325,49.33663848585617,0,F
3,1,5,8,10,90.51959128392888,12,29.31494891049111,68.96368419693444,1,B
3,1,13,17,10,72.9279455015386,15,20.115993187692325,58.03718349446591,0,C
1,3,17,17,10,66.2534733155338,5,14.281684164441725,54.09678887378355,0,C
2,3,16,15,12,71.61704034433785,4,18.95213004304223,38.5735763745592,0,F
2,1,8,13,12,85.61141802633573,8,19.701427253291968,67.2444407071395,1,B
2,1,12,10,13,71.50624352252734,8,22.938280440315918,62.64185436286999,1,C
2,1,15,18,5,67.97637891286146,8,17.497047364107683,61.13889509962027,0,C
1,2,20,5,14,69.97155030515742,4,18.746443788144678,43.81991220264752,0,F
4,1,9,9,12,83.55815411404323,8,29.444769264255406,63.72094563245808,1,C
4,3,9,9,9,83.44049081747181,12,24.430061352183976,47.715066044433804,0,F
1,2,3,11,7,93.38099332164515,2,20.672624165205644,65.89291832586888,1,B
1,1,11,11,15,75.79501323270777,4,17.474376654088474,62.23316607520793,1,C
3,3,26,10,14,50.0,9,20.25,42.64794802740041,0,F
3,0,7,19,7,82.84314411032024,9,24.355393013790028,78.01906166478815,1,B
3,2,14,19,10,66.78879162372196,6,25.348598952965247,65.0609602120352,1,B
2,3,20,12,12,52.67578570541957,8,18.584473213177446,46.2146407559078,0,F
3,0,29,6,14,50.0,12,22.25,57.64711164890066,0,C
4,3,22,18,6,57.51800463864655,16,28.189750579830818,44.358857699044464,0,F
2,1,18,17,16,65.45868535849019,8,20.182335669811273,72.50374736999554,1,B
3,1,14,17,13,72.83626364550403,12,24.104532955688004,65.64973486873238,1,B
2,0,7,11,9,83.27552443492394,6,20.409440554365492,70.70836909016049,1,B
4,1,7,14,9,87.7561551030114,8,25.969519387876424,77.17385499049281,1,B
3,3,18,19,5,58.56048872273219,6,22.320061090341525,41.0336156843432,0,F
4,0,8,11,10,83.8876801996418,20,28.485960024955226,68.89162410830423,1,B
4,3,29,8,17,50.0,8,27.25,53.23502159243324,0,C
4,3,23,16,15,53.372243086230256,12,26.67153038577878,51.68174239120816,0,C
3,3,16,14,15,72.87293406921532,15,22.109116758651915,64.97631584683991,1,C
1,1,7,6,9,88.74274491745075,3,17.092843114681344,51.07954047460141,0,C
3,1,11,8,11,74.28004840384745,6,26.28500605048093,63.71051303980468,1,C
4,3,26,8,11,50.0,12,25.25,44.40506624851213,0,F
3,2,14,16,8,76.13029413700583,9,25.516286767125727,69.50310985045724,1,B
4,3,3,16,9,92.67311580922406,8,32.584139476153005,75.54013004378973,1,B
1,3,5,10,14,92.37800813329375,3,19.54725101666172,56.99146257997771,0,C
2,0,29,18,18,50.0,10,14.25,77.18480780060254,1,B
1,3,28,11,12,57.39371492223697,5,19.17421436527962,46.49075955513491,0,F
1,1,15,7,6,75.36553610066,4,18.4206920125825,50.63244568023739,0,C
2,0,25,19,5,57.998015595914715,10,19.24975194948934,63.259061922805174,1,C
3,2,24,14,18,50.0,15,17.25,68.87313415210058,1,B
2,0,4,5,10,90.02784131786646,4,23.253480164733308,61.575704561170014,0,C
3,2,22,7,15,50.0,15,22.25,48.874560248350264,0,F
3,0,12,13,18,74.37840413461555,6,24.297300516826944,83.31919357808684,1,A
4,0,14,5,8,68.87907197919608,20,26.60988399739951,60.857480127459304,0,C
4,2,16,17,17,67.63486409566903,8,22.45435801195863,61.43781206984488,0,C
2,1,24,12,14,53.85895344044819,4,19.732369180056025,55.90482568147092,0,C
1,1,29,6,7,50.0,3,13.25,28.720272220630775,0,F
2,1,21,10,11,50.0,10,16.25,47.21729757160639,0,F
3,0,26,7,12,60.24875489873576,6,18.53109436234197,49.83937006088549,0,F
4,3,19,11,15,65.53238594384351,20,24.19154824298044,53.90145573957352,0,C
2,0,21,6,16,61.56874413685047,8,18.696093017106307,65.81399337516733,1,B
2,3,4,8,8,92.3429965767196,6,22.54287457208995,51.322901608976395,0,C
4,3,18,14,16,61.71594135577393,12,28.714492669471742,57.58386966823518,0,C
4,1,6,13,16,87.91748102512179,8,31.989685128140223,86.89757425410536,1,A
4,3,2,10,19,96.96254190194841,20,31.12031773774355,78.40453182511712,1,B
3,0,12,8,14,77.06068505937554,9,20.632585632421943,68.68381723094475,1,B
4,0,13,6,16,72.44716684119706,12,24.055895855149632,66.73828462885106,1,B
1,1,15,14,15,69.92762912604273,3,18.740953640755343,68.031296306383,1,B
2,2,12,18,15,71.53525762982423,4,20.94190720372803,73.84887444636561,1,B
4,0,1,13,19,98.10140432933198,16,27.262675541166498,89.20610493512233,1,A
4,3,13,19,10,80.33673716225016,8,28.04209214528127,66.29828205937608,1,B
3,0,19,8,17,66.08692816646452,12,24.260866020808066,62.21927356220197,1,C
3,0,6,13,15,90.18596423818607,9,28.27324552977326,74.29423989621688,1,B
2,0,4,18,15,92.9990787061887,8,21.624884838273587,90.64875649731523,1,A
1,2,13,6,19,75.79285576552063,2,21.47410697069008,60.40588960546873,0,C
2,3,8,11,6,82.58675478143076,4,20.323344347678844,39.75647351449338,0,F
4,1,9,15,12,83.58247004231637,20,31.447808755289547,73.68941272492707,1,B
1,0,6,15,10,85.6953449496168,5,22.7119181187021,72.82191693733697,1,B
1,3,27,9,15,51.411666446479934,2,14.426458305809991,42.58345121313444,0,F
1,3,13,12,13,78.71986564216036,5,15.839983205270045,63.2904301272753,1,C
1,1,24,15,15,59.94722998069785,3,12.49340374758723,55.00399893714484,0,C
2,0,13,18,17,68.35046176953449,8,22.54380772119181,78.2498598222814,1,B
3,2,24,12,17,53.0844526888298,6,21.635556586103725,63.042245805044686,1,C
3,3,27,18,10,50.0,6,19.25,52.714629146907825,0,C
4,1,1,18,10,98.43109911890147,20,32.30388738986268,75.21677171249267,1,B
3,2,16,8,16,64.2668628994893,6,24.033357862436162,52.749010507347876,0,C
3,3,26,17,6,50.0,15,23.25,46.3027117076982,0,F
3,0,19,8,9,64.3609295607396,9,23.04511619509245,61.100308591697825,0,C
3,3,3,19,13,93.42470935094836,6,22.678088668868547,78.32904264645964,1,B
4,2,12,12,5,77.59057887383943,12,29.69882235922993,47.29569577639427,0,F
2,2,17,7,8,73.25631363629785,6,21.15703920453723,49.283783124630006,0,F
1,0,2,11,14,95.52380124538445,2,19.940475155673056,80.20881071847536,1,A
3,0,18,12,14,55.62637671920129,15,17.95329708990016,70.22217604354633,1,B
2,1,4,12,18,91.40683788730367,10,26.425854735912957,83.88153076284614,1,A
3,0,0,15,7,100.0,9,30.5,84.14527028571766,1,A
3,1,8,14,5,85.84063771628078,15,21.730079714535098,68.81798501558211,1,B
1,2,23,8,5,50.0,5,18.25,33.844700347576946,0,F
1,2,7,13,19,87.37696784821549,3,19.922120981026936,79.25858884263101,1,B
1,3,2,19,5,95.46361553323436,2,20.932951941654295,58.04202756133304,0,C
3,3,1,14,5,97.857085017696,6,25.232135627212,66.6639036182068,1,B
3,1,0,8,19,100.0,12,27.5,81.99793717043521,1,A
3,0,11,12,17,81.50817630457706,6,21.188522038072133,75.5064308633953,1,B
1,0,21,10,6,67.77736803600499,5,19.472171004500623,55.08296359614048,0,C
4,3,12,9,15,76.13587442406534,16,28.516984303008165,58.42939629264066,0,C
2,2,9,19,9,77.60657253475193,8,21.70082156684399,74.95936873274522,1,B
4,1,16,8,6,72.86784153226527,16,28.10848019153316,50.18082713089773,0,C
3,2,29,9,8,50.0,6,22.25,32.8454152554792,0,F
3,2,10,19,13,78.2902070535545,12,22.786275881694312,66.96032056034149,1,B
4,0,4,17,7,92.06528913391045,16,26.508161141738807,80.66553945391466,1,A
3,1,24,19,6,51.83358864166735,12,22.47919858020842,52.39363274712526,0,C
2,2,26,15,8,50.0,4,17.25,32.72343554329119,0,F
3,3,8,5,13,81.48075602396023,6,26.185094502995028,48.06054134230426,0,F
2,3,12,11,8,78.00054863821083,4,23.750068579776354,44.05383526604036,0,F
4,0,27,12,19,50.0,8,20.25,70.5840820030024,1,B
4,3,19,16,16,62.2868834152225,12,28.78586042690281,63.577658330464814,1,C
3,3,22,13,9,52.438695612157346,6,23.55483695151967,43.21240650182652,0,F
2,2,29,17,8,53.41110461160928,10,16.67638807645116,41.89172663397471,0,F
3,3,10,7,17,80.07520713622185,12,24.00940089202773,66.31859788281574,1,B
1,3,22,19,12,66.64565818453849,2,20.33070727306731,52.69789578027438,0,C
1,2,3,13,18,94.32692578347988,5,22.790865722934985,80.78373389489339,1,A
1,0,20,14,17,68.91031598862106,5,17.61378949857763,76.48866665350558,1,B
1,0,10,9,19,76.03019162344421,5,19.503773952930526,69.76749632586666,1,B
3,1,8,14,19,82.61755903301571,9,25.327194879126964,81.65526224482979,1,A
1,3,6,10,8,86.24874186262142,3,16.781092732827677,51.78376437895767,0,C
2,2,15,5,6,70.48480773295874,6,20.810600966619845,47.60836696471554,0,F
4,1,22,13,16,50.0,20,27.25,60.07952984130084,0,C
4,0,25,13,8,50.0,8,23.25,55.552415539650326,0,C
1,0,22,10,6,59.14999872347551,5,19.393749840434438,46.83405929045936,0,F
1,2,24,12,13,54.95548219856961,3,13.869435274821202,54.72578198725202,0,C
1,1,4,8,15,91.9670371652504,3,22.495879645656302,70.12859456720075,1,B
3,1,5,9,18,92.2887825247894,9,23.536097815598673,72.91251847275703,1,B
4,2,18,9,12,55.07617065463961,8,23.88452133182995,50.37346245462145,0,C
1,2,0,11,13,100.0,5,19.5,76.26177977546894,1,B
2,1,26,11,8,50.0,6,20.25,43.9379842601185,0,F
1,0,15,11,5,66.17864382798024,5,16.27233047849753,65.21073593265604,1,B
4,3,27,9,7,51.46713547501497,20,24.43339193437687,46.415938358016575,0,F
1,0,17,8,11,71.07226579957586,3,16.884033224946982,60.282209697375706,0,C
4,2,23,12,5,62.56864721741981,16,22.821080902177478,46.6671708310367,0,F
1,1,12,5,15,75.66379229102468,4,17.457974036378083,52.31465798480764,0,C
2,1,0,5,12,100.0,8,20.5,63.74917234443606,1,C
1,3,9,10,13,80.11431378096555,3,19.014289222620693,44.96277349612788,0,F
2,1,6,6,12,88.23166299718538,10,22.02895787464817,68.38362221133094,1,B
2,3,4,16,9,91.87270869740789,8,21.484088587175986,64.05818267462294,1,C
1,0,12,7,16,78.84154421329183,2,18.85519302666148,65.7239256296789,1,B
2,0,21,8,15,64.75668584524018,8,21.094585730655023,49.596594663175225,0,F
3,1,15,18,18,67.00015493128886,6,21.37501936641111,76.8051893149089,1,B
1,1,23,6,16,60.66370872659363,4,13.582963590824203,52.96124406995304,0,C
1,2,19,14,17,56.67836679006794,4,17.084795848758493,57.14154245361236,0,C
2,2,21,11,19,64.22287709025343,8,21.02785963628168,61.5563562963857,0,C
2,1,13,19,13,72.53511966028827,4,22.066889957536034,76.86950068762773,1,B
1,1,10,14,8,78.56127935935892,2,14.820159919919865,53.34663861083689,0,C
3,0,18,5,13,63.89837936161299,12,24.987297420201624,71.39421357554687,1,B
2,1,22,7,5,50.0,4,17.25,30.56871102983701,0,F
2,2,1,6,16,98.12415698874723,10,24.265519623593406,68.99637802237679,1,B
4,0,27,17,15,50.0,16,26.25,56.768780714618636,0,C
3,3,7,13,7,88.31540265363182,15,25.039425331703978,60.61379428241811,0,C
3,2,12,12,8,77.95346953055432,9,23.74418369131929,56.026880248238626,0,C
1,2,6,7,15,90.12779727461718,3,20.26597465932715,63.23062318908099,1,C
3,0,11,9,14,76.86013026514323,9,26.607516283142903,72.80005453523863,1,B
1,3,27,7,5,50.0,5,16.25,24.80242599090819,0,F
4,2,7,18,16,86.32547210840892,8,29.790684013551115,86.08880022808975,1,A
3,1,15,15,10,66.69758425521988,9,26.337198031902485,60.67042425443044,0,C
2,2,17,17,17,59.74990827336413,8,15.468738534170516,65.67371184836668,1,B
4,0,18,16,19,59.021932418002976,16,21.37774155225037,72.97036555175247,1,B
1,0,27,15,8,52.97511636303685,2,12.621889545379606,59.84542524410063,0,C
4,0,3,16,8,94.53880223494757,16,29.817350279368448,78.33256781078877,1,B
1,2,27,15,5,50.0,5,15.25,40.03247504300336,0,F
4,3,24,10,9,59.109609771232,12,23.388701221404,40.05973886278349,0,F
1,1,27,9,13,50.0,5,13.25,49.7595469356972,0,F
3,0,11,15,10,80.88149755453654,12,28.110187194317067,72.02663668436463,1,B
2,3,15,6,19,62.564082168119974,10,17.820510271014996,46.68143392974285,0,F
1,1,20,18,12,54.33499319223188,2,11.791874149028985,57.3885705905672,0,C
4,0,21,14,15,50.43964152976677,20,21.304955191220845,65.4137913917265,1,B
1,1,16,12,8,61.245649650389424,4,13.655706206298678,51.33043213449799,0,C
1,1,3,10,13,93.50499702520503,4,21.68812462815063,67.70043667676902,1,B
1,3,29,18,11,51.39667953993163,3,14.424584942491453,42.681713541611806,0,F
4,1,19,19,18,57.08800467996469,20,22.136000584995585,74.93745919832119,1,B
2,0,25,7,18,62.10971333432037,4,21.763714166790045,70.56606786824304,1,B
3,3,23,17,11,62.895699898154845,9,20.861962487269356,52.35398233959951,0,C
2,2,23,19,12,64.81955745878955,8,20.102444682348693,66.38758308493648,1,B
1,2,25,17,6,59.11387209297179,5,15.389234011621474,51.15883904839329,0,C
4,3,21,5,16,52.707910967535966,8,25.588488870941994,37.362919220055,0,F
2,2,23,9,10,50.0,8,14.25,44.581535470719764,0,F
1,1,8,16,11,85.76927775630537,4,16.72115971953817,71.1587197922886,1,B
3,0,4,15,7,93.52349121365963,9,27.69043640170745,83.15939976728038,1,A
3,1,16,6,12,71.63264498149744,12,23.95408062268718,71.22933480070267,1,B
3,3,16,17,5,65.64617996091192,6,21.20577249511399,47.72000245422936,0,F
1,0,1,6,5,98.14979695972039,2,17.26872461996505,69.94204308843143,1,B
4,3,1,13,14,97.53885397586711,12,33.19235674698339,77.88764976391643,1,B
2,3,20,15,7,67.38042407127159,6,16.42255300890895,45.38639443120253,0,F
3,3,22,17,10,50.0,6,18.25,42.79324417773093,0,F
1,1,6,19,11,90.92528985131314,3,22.365661231414144,71.5878832578369,1,B
1,0,3,14,6,94.14492110281306,4,20.76811513785163,79.15557396754456,1,B
2,0,12,11,18,78.97825872183269,4,19.872282340229084,71.65961128319717,1,B
3,0,19,10,10,60.740576086624735,9,20.592572010828093,55.76630609920223,0,C
1,1,29,19,16,53.700025872548906,2,13.712503234068613,73.47416612445349,1,B
2,2,29,17,9,50.0,8,16.25,46.70824934299345,0,F
4,1,10,5,19,83.63473599588703,12,25.454341999485877,79.40454155033474,1,B
4,1,25,19,10,50.0,8,25.25,68.9064059539723,1,B
4,3,2,18,5,96.9333062738909,16,31.116663284236363,64.41493400620669,1,C
3,0,26,14,18,52.91420547434935,9,22.61427568429367,72.5884257394928,1,B
2,0,1,6,14,98.35027709772325,4,21.293784637215406,77.93792051809048,1,B
2,2,15,15,11,62.83230031382449,8,22.85403753922806,60.576060341823606,0,C
1,2,2,11,12,96.97595726473918,4,24.121994658092397,74.6178428472543,1,B
1,3,23,19,18,57.3949071682019,4,16.174363396025235,50.023689227654614,0,C
1,0,14,7,11,74.7611349172925,5,20.345141864661564,64.84977640910839,1,C
2,2,16,6,13,65.48202253469195,8,19.185252816836496,52.80665880350864,0,C
1,2,15,10,5,76.65433049879432,4,15.58179131234929,45.93300090595851,0,F
2,0,19,12,14,56.09826233813202,6,17.012282792266504,66.43541573712949,1,B
2,1,6,19,13,88.2008572197591,10,24.025107152469886,87.86439872006086,1,A
4,2,15,12,15,70.70841143858057,16,27.838551429822573,62.58981321535241,1,C
1,0,4,15,15,93.09284047847173,3,20.636605059808964,77.4479693334036,1,B
4,2,1,6,17,98.00995323269684,12,28.251244154087104,81.84355102042825,1,A
3,3,0,10,19,100.0,6,24.5,68.67622339797623,1,B
3,2,21,16,7,63.35213483870235,6,23.919016854837793,46.30523424273977,0,F
3,0,28,9,6,53.27732572419911,15,21.659665715524888,52.49521889959554,0,C
2,2,12,11,10,73.25997318551786,6,23.157496648189735,44.07950656878104,0,F
2,3,15,8,15,75.3693553998504,8,24.4211694249813,54.97704606345938,0,C
2,3,4,16,9,93.32807201543645,8,21.666009001929556,69.35394226346476,1,B
1,2,2,17,19,95.84585730547342,3,21.98073216318418,79.56452719845569,1,B
4,2,26,6,8,55.12198480962183,20,23.89024810120273,45.90353024044048,0,F
2,3,26,14,8,50.0,8,14.25,41.793814301031205,0,F
4,3,14,7,12,71.25915706070975,20,22.90739463258872,54.19837034353668,0,C
4,1,15,13,14,73.38355364527254,12,28.172944205659068,68.0548441087673,1,B
4,1,10,14,17,81.56445749130499,20,26.195557186413126,81.09439196841828,1,A
1,3,24,12,7,58.95503615074371,2,17.369379518842962,39.82836664607207,0,F
1,2,18,17,17,64.71235919507873,5,19.08904489938484,65.42498633970898,1,B
3,0,17,13,5,57.629201541264145,15,18.203650192658017,55.65999356604638,0,C
3,2,20,9,9,62.74576198263433,12,23.84322024782929,57.953659362732495,0,C
4,2,8,17,12,82.7733569660517,20,29.34666962075646,76.35307752411266,1,B
3,1,7,9,7,85.04873884286468,12,24.631092355358085,64.73838168687979,1,C
4,1,21,11,6,51.98388151016804,16,25.497985188771004,42.97949540947242,0,F
1,1,18,11,5,60.18546812949222,2,18.523183516186528,57.77672968679856,0,C
1,3,21,5,17,68.25262558658764,4,16.531578198323455,51.77300045845142,0,C
1,3,4,16,8,92.76313162998531,3,18.595391453748164,63.29903330224403,1,C
2,2,16,19,15,62.07626435395327,8,18.759533044244158,73.29517131596035,1,B
4,2,4,18,6,91.8417991256915,12,25.480224890711437,64.33691770221556,1,C
1,0,13,9,18,79.14508687954746,4,16.893135859943435,67.94967631856916,1,B
4,2,6,12,12,89.34317867395522,12,31.1678973342444,75.21647118124727,1,B
3,2,8,11,15,85.73291107765934,6,26.716613884707417,74.0608463673829,1,B
3,1,27,15,17,50.0,15,17.25,54.281782640866275,0,C
1,1,16,6,19,67.1455796628706,4,16.393197457858825,55.29198472616878,0,C
4,1,2,18,14,95.7833527583092,8,28.97291909478865,77.96186061119548,1,B
1,1,7,12,16,86.93054716579971,2,19.866318395724964,78.06104806791141,1,B
3,1,21,6,13,67.23348193548762,12,20.404185241935952,57.171679794648384,0,C
1,0,12,14,17,81.09702060403865,4,21.13712757550483,81.94424344370513,1,A
4,0,15,5,14,71.19426187558358,12,28.899282734447947,59.81193116243997,0,C
3,0,20,15,5,66.4501224318081,12,24.306265303976012,64.39888894367819,1,C
2,1,28,15,19,55.080648333036926,8,21.885081041629615,59.07060475451584,0,C
3,3,9,18,6,84.13980809651939,9,22.517476012064925,64.13546319507903,1,C
2,1,17,15,10,61.8852118697885,6,17.73565148372356,67.52532080350468,1,B
1,1,2,7,17,96.85396339120574,4,17.10674542390072,62.36581048786525,1,C
1,0,11,7,14,78.5695149983837,4,21.82118937479796,74.02496946679398,1,B
4,1,15,10,16,65.10869260653956,16,23.138586575817445,64.88550018036528,1,C
2,0,17,16,11,69.94527814261102,10,18.743159767826377,72.98342207983518,1,B
1,1,16,7,6,71.1700125563134,5,16.896251569539174,47.00996925020786,0,F
2,2,6,11,12,85.69475632837599,4,19.711844541047,57.21185636542499,0,C
1,3,29,12,17,50.0,2,11.25,53.29795741207374,0,C
3,3,18,7,14,58.641182287591356,12,25.33014778594892,42.44919647731159,0,F
1,0,22,13,13,60.63750723603562,3,16.579688404504452,70.60569275119752,1,B
4,2,27,5,12,50.0,16,26.25,47.25266552488689,0,F
3,3,22,19,13,63.90027986198049,12,25.98753498274756,59.62768813466754,0,C
4,0,7,7,19,82.76644038677,8,28.34580504834625,85.81022333588115,1,A
3,1,16,16,10,61.566414093573016,12,19.69580176169663,61.59028883801524,0,C
2,1,20,7,15,58.96210701789582,8,19.370263377236977,61.213326352297145,0,C
4,2,25,11,11,50.0,8,22.25,51.980037521358554,0,C
1,3,24,15,10,50.0,2,16.25,34.879858663482594,0,F
2,1,27,15,11,51.21688313281437,6,14.402110391601795,50.07597114696201,0,C
1,0,26,9,7,50.0,3,14.25,44.96874369695112,0,F
3,1,6,8,8,85.58574523762297,9,21.69821815470287,60.611904269977444,0,C
3,1,0,6,13,100.0,15,26.5,76.96896055041775,1,B
1,3,7,11,7,83.16129931449947,5,22.395162414312434,42.843108830377794,0,F
1,3,18,7,6,59.88199709279355,4,16.485249636599193,32.81700108833226,0,F
2,0,28,11,16,50.0,6,16.25,62.546196717653736,1,C
1,2,19,14,17,70.27035604235844,2,16.783794505294807,67.34182263277316,1,B
4,2,19,16,15,67.93262329080544,12,28.49157791135068,64.12832129914405,1,C
4,1,9,11,11,78.17264380600832,16,30.77158047575104,63.354127049569655,1,C
1,0,29,15,10,52.902507994279134,5,18.61281349928489,57.34030306626497,0,C
4,2,11,6,7,76.5569885886383,20,27.56962357357979,55.92032955941299,0,C
1,2,23,11,10,50.0,4,14.25,35.97272676481197,0,F
2,1,0,10,19,100.0,6,21.5,80.92932675193546,1,A
4,0,23,14,11,50.0,16,20.25,59.148869592438956,0,C
4,2,24,8,10,62.426163680914215,16,26.803270460114277,42.87981734670681,0,F
1,3,24,15,5,52.02955832697657,5,16.50369479087207,29.59559034033969,0,F
4,3,20,9,16,63.31133764500617,20,28.913917205625772,63.05622228944176,1,C
3,1,3,16,18,93.56277394792392,15,24.69534674349049,92.3756871987533,1,A
2,1,3,12,5,92.8329854617867,8,23.604123182723338,71.19314695402497,1,B
2,1,8,9,13,86.99607265501342,6,20.874509081876678,66.18748874222361,1,B
4,1,14,7,10,72.6956928653888,16,23.086961608173603,59.55918791644417,0,C
4,2,23,6,16,55.766542450419195,12,25.9708178063024,53.29187265650677,0,C
3,0,25,10,6,54.40511904015196,9,20.800639880018995,58.98429485867295,0,C
3,1,14,10,19,72.27766528299021,12,27.034708160373775,73.58716390363467,1,B
4,1,25,11,15,50.0,12,23.25,53.37413567559798,0,C
4,2,27,12,5,50.0,12,22.25,44.61496236910308,0,F
3,1,6,8,15,90.9829426756969,12,25.372867834462113,59.476832684016756,0,C
1,1,11,16,16,75.37065302575562,5,17.421331628219452,68.28009664121862,1,B
3,0,2,12,6,95.76983759937396,12,28.971229699921743,76.40752419782237,1,B
1,3,19,16,12,52.60426920345944,5,17.57553365043243,50.289245724411,0,C
2,1,8,5,9,87.28054883289064,6,21.91006860411133,62.55211828359815,1,C
2,2,13,10,11,69.95249807948986,10,23.744062259936232,53.19714013381106,0,C
3,0,12,10,11,70.79286184653641,15,20.849107730817053,66.098629595306,1,B
1,2,23,7,6,50.0,2,18.25,31.20256485140171,0,F
3,0,27,13,8,50.0,6,23.25,57.51585854654386,0,C
3,0,11,16,6,79.8968824048161,15,24.987110300602012,75.67192886921514,1,B
1,1,0,16,11,100.0,2,24.5,78.74286323130113,1,B
3,1,18,9,9,67.49070408598179,15,23.436338010747725,53.979649557949294,0,C
2,1,29,19,5,50.0,4,21.25,53.45457016527155,0,C
4,3,15,5,6,70.81412522812211,12,29.851765653515265,41.34642713203709,0,F
4,3,11,11,10,80.17854805943944,16,29.02231850742993,65.53617739748839,1,B
3,2,9,14,18,83.42355371730378,6,28.427944214662972,73.52041844716582,1,B
1,1,1,19,8,98.49268688103281,4,23.3115858601291,77.8607432819294,1,B
1,3,17,18,11,69.44965931605199,2,20.6812074145065,51.80649187359171,0,C
2,1,12,7,19,76.3323355100799,10,17.541541938759988,75.62960090340616,1,B
1,3,28,14,6,53.1557936339139,2,14.644474204239238,37.181971718265366,0,F
1,3,23,14,17,50.0,2,13.25,48.731297247044864,0,F
2,0,5,15,16,89.81181488935712,8,22.22647686116964,93.93347277327157,1,A
3,1,11,8,6,74.76731265002569,12,20.345914081253213,60.47597695485828,0,C
4,1,27,10,16,56.04120732597243,8,24.005150915746555,51.56530611770282,0,C
2,3,27,12,10,50.0,8,15.25,45.56030644555374,0,F
3,1,28,17,12,50.0,6,24.25,64.14291317799481,1,C
2,3,21,8,17,61.0984662932315,10,15.637308286653937,40.37469363360774,0,F
3,1,3,19,5,94.64814278659729,15,26.831017848324663,85.3581550373153,1,A
2,0,0,16,9,100.0,6,24.5,80.34604652066169,1,A
3,1,10,13,5,78.64085889457596,12,21.830107361821995,65.14411409735258,1,B
2,0,22,12,19,64.52570314410727,4,23.06571289301341,69.30190286679459,1,B
3,2,7,14,15,83.01268850709451,15,25.376586063386814,83.94173235710024,1,A
2,1,1,14,10,98.02094384462885,6,25.252617980578606,77.29789079440083,1,B
4,1,1,10,11,97.7355835853094,12,27.216947948163675,79.49303931837558,1,B
4,1,15,11,10,72.11023485724645,8,27.013779357155805,61.90375384874953,1,C
1,0,0,12,18,100.0,3,23.5,82.53933702786603,1,A
3,1,3,6,17,95.1661843117426,9,29.895773038967825,75.0242568717483,1,B
2,1,5,9,13,91.12740642618519,4,23.39092580327315,62.63260781812352,1,C
3,3,29,17,7,50.0,9,24.25,45.10946603324987,0,F
4,2,20,11,12,56.840796322333716,12,26.105099540291715,51.06779426665152,0,C
3,0,19,12,7,56.24713572919118,6,21.030891966148896,47.535944250801606,0,F
2,3,13,9,15,68.03938132880471,4,22.50492266610059,48.2556512613164,0,F
3,0,19,7,19,69.99916431587758,15,26.749895539484697,67.60924071320254,1,B
2,3,25,19,16,58.38263935662516,6,15.297829919578145,55.52617108654313,0,C
4,2,14,10,17,66.00848031208002,20,26.251060039010003,63.00872240700191,1,C
4,3,6,9,17,87.61267791004032,20,24.951584738755038,71.58961604502669,1,B
4,0,6,12,11,87.19090476756494,16,31.898863095945618,74.7765022468695,1,B
1,1,17,13,18,67.23021719943128,2,13.40377714992891,61.850345793139326,1,C
4,1,28,13,17,50.0,16,27.25,64.92902349293794,1,C
3,2,22,16,9,55.62062726625815,6,24.952578408282267,51.95119005521156,0,C
1,0,1,16,16,97.67387054168067,4,21.209233817710086,92.64657841383939,1,A
4,0,19,10,17,52.64845453199821,8,26.581056816499775,62.36170144043142,1,C
3,0,14,19,5,69.94582502022334,9,19.743228127527917,70.38446099799425,1,B
3,2,0,8,19,100.0,9,28.5,62.643682939779566,1,C
3,1,20,8,15,62.696842914695466,15,19.837105364336935,56.248753208046445,0,C
2,3,16,13,16,72.88485692034163,8,23.110607115042704,60.14949245748559,0,C
1,2,19,8,8,59.02350203644414,5,17.377937754555518,40.950887594433794,0,F
3,3,28,12,18,56.24615863246876,12,20.030769829058595,54.5251101604084,0,C
2,1,24,13,17,50.0,4,21.25,62.74521324515233,1,C
4,2,12,9,15,74.22933753394926,8,24.278667191743658,57.499262341944714,0,C
3,1,11,17,19,72.9470094940526,12,26.118376186756574,81.28012575272936,1,A
2,3,23,10,13,59.237686263193325,8,19.404710782899166,44.714597068059874,0,F
3,0,21,7,19,50.0,9,18.25,62.25409942520934,1,C
1,0,14,16,12,70.43024800938065,4,18.80378100117258,73.08759682501255,1,B
1,3,23,9,7,50.0,3,17.25,25.916393968621605,0,F
4,0,4,9,19,93.28430678914252,16,32.66053834864282,89.67909029910646,1,A
3,3,6,19,6,87.99933777125307,9,23.999917221406633,66.23947875656073,1,B
2,2,7,18,15,85.51727743739704,10,24.68965967967463,77.34547952401658,1,B
4,2,22,6,13,58.357202653954744,12,22.294650331744343,49.54471875486169,0,F
3,2,13,14,5,77.20797444216495,15,26.65099680527062,59.38569426234889,0,C
4,0,3,10,13,92.78567577550065,12,25.59820947193758,75.66853389822893,1,B
2,1,20,13,16,68.29882236789828,4,22.537352795987285,64.01510828053412,1,C
4,0,28,15,11,53.68836144915085,12,24.711045181143856,64.6034174405415,1,C
4,0,13,19,16,76.33336306928659,16,23.541670383660822,85.77768357182566,1,A
4,1,9,11,6,78.22206998652646,20,29.777758748315808,60.60955861280739,0,C
3,1,21,18,15,56.65158222368029,12,25.081447777960037,64.78803271583928,1,C
2,1,29,12,9,50.0,8,14.25,47.90985678148918,0,F
1,1,29,6,18,50.0,2,15.25,42.91651933584488,0,F
3,0,27,15,6,50.0,9,21.25,52.237514151046256,0,C
1,3,15,17,19,77.09830638116344,2,17.63728829764543,73.39542694137677,1,B
1,2,10,18,9,84.8866094176561,3,17.610826177207013,67.3973172475026,1,B
3,3,21,13,11,67.53222138116628,12,26.441527672645783,51.25890657505191,0,C
3,0,28,7,9,50.0,9,23.25,47.06634524585595,0,F
2,1,24,14,6,50.050014529403796,4,14.256251816175475,57.86353779468524,0,C
2,2,25,9,15,50.0,10,19.25,47.96547212794063,0,F
4,2,13,18,18,70.99521738279195,8,22.874402172848995,74.68196942555747,1,B
1,3,13,11,9,78.03359077415932,2,20.754198846769917,46.29668397797826,0,F
2,0,1,8,16,98.23771532384688,4,27.27971441548086,83.49878136486765,1,A
4,0,21,11,16,63.38635266502271,20,25.92329408312784,65.55665702842019,1,B
2,0,12,12,14,80.20993482267208,8,22.026241852834012,72.97058169749256,1,B
3,2,2,19,18,96.51120884719265,6,29.06390110589908,84.50770976935746,1,A
2,3,29,17,10,50.0,4,20.25,33.9840893268338,0,F
1,2,17,14,19,68.27100290682387,2,14.533875363352983,66.26972414356926,1,B
2,2,21,18,9,52.37383882445759,10,14.5467298530572,49.44274564369371,0,F
1,1,3,14,6,93.8907436019708,5,16.73634295024635,72.07742665503571,1,B
3,3,20,8,10,65.75921665766427,15,23.219902082208034,44.98518456052253,0,F
1,1,20,19,10,60.652359988333224,4,17.581544998541652,56.92730265890111,0,C
2,0,18,9,16,62.31936155340386,6,20.789920194175483,66.87513514855479,1,B
4,2,15,15,6,64.50707542856773,16,22.063384428570966,53.52593202120233,0,C
3,3,27,7,17,50.0,12,19.25,43.99202602936768,0,F
2,0,3,9,17,94.22056049345105,8,22.77757006168138,84.51977981040035,1,A
3,3,18,12,8,61.34183525624412,9,22.667729407030514,45.42874932564179,0,F
3,2,22,7,11,60.44829484735444,6,22.556036855919306,42.467929216128695,0,F
2,3,14,19,5,70.1379536677033,10,16.767244208462913,44.04852278539065,0,F
2,0,0,18,5,100.0,8,26.5,77.17647192513724,1,B
4,1,15,17,18,68.13185845504577,20,27.51648230688072,78.19400607465461,1,B
3,2,14,9,15,74.74719427616402,15,23.3433992845205,62.39150028726256,1,C
3,1,15,14,16,67.84024864944267,15,22.480031081180336,78.06234381103245,1,B
2,2,21,5,15,50.0,4,19.25,52.0328699090705,0,C
1,0,19,6,10,68.89610831532889,5,17.61201353941611,55.763588932520136,0,C
2,2,0,7,11,100.0,10,24.5,68.74173076663436,1,B
3,1,16,5,16,70.8631848010276,6,26.857898100128452,57.53324389673987,0,C
2,2,4,17,9,93.03413018442643,10,26.629266273053304,69.25666344209098,1,B
4,0,29,15,19,50.0,12,24.25,69.91785344860763,1,B
1,2,4,16,16,92.42412781607543,3,18.55301597700943,72.5607606987666,1,B
2,1,25,15,14,57.23917507766934,8,15.154896884708666,57.27910970767564,0,C
4,0,6,13,12,88.57824922893327,12,27.072281153616657,77.29313633984981,1,B
3,1,12,13,15,74.39521815661095,9,24.29940226957637,66.67531718617042,1,B
2,2,11,9,8,83.21694838275874,6,21.402118547844843,55.4836383904903,0,C
3,3,3,18,7,92.53232436205604,6,22.566540545257006,65.01378468002594,1,B
4,1,29,8,11,50.0,12,20.25,42.53532164412411,0,F
3,2,24,9,18,50.0,15,22.25,55.432284750556875,0,C
4,3,3,8,8,94.64935316450072,16,29.83116914556259,59.06885596419626,0,C
4,3,22,16,5,58.34221069237063,20,25.29277633654633,47.00250285142375,0,F
4,0,20,9,15,59.01525048395599,20,25.376906310494498,68.42985054069032,1,B
2,3,20,11,12,57.76294994727105,6,22.220368743408883,52.49746290739145,0,C
3,1,5,15,9,88.64771025239956,12,26.080963781549947,73.06571050294794,1,B
3,1,23,12,17,50.0,15,23.25,56.45162153028382,0,C
1,3,14,6,12,71.73815549228331,4,19.967269436535414,47.65951021932875,0,F
1,2,20,8,12,68.48548491472488,3,17.56068561434061,52.769181636957285,0,C
1,1,18,12,16,62.959895940078326,5,19.86998699250979,63.80670354129748,1,C
1,1,5,11,9,90.1120985796533,2,22.264012322456665,65.9019088745346,1,B
3,0,29,13,12,50.25378838930693,15,21.281723548663365,55.85984997042519,0,C
4,2,11,9,11,83.38820840811232,20,24.42352605101404,58.24586264322353,0,C
4,3,13,10,17,76.39244233565066,16,25.549055291956332,60.501908219335135,0,C
2,2,17,19,7,70.08869852484355,8,23.761087315605444,55.19486798045102,0,C
4,0,27,15,19,50.0,16,23.25,76.16867814933235,1,B
3,0,11,12,8,75.12238273823898,9,26.39029784227987,58.816032834363455,0,C
3,2,23,19,15,55.402079745071156,12,21.925259968133894,62.95145621286645,1,C
3,0,23,16,16,50.0,9,20.25,66.36040304650055,1,B
2,0,14,18,17,75.90161354645026,8,22.487701693306285,85.9915932216275,1,A
1,0,18,19,11,69.02286325177326,2,13.627857906471657,74.33399161815825,1,B
4,2,27,15,8,50.0,16,23.25,45.742030721608536,0,F
3,0,7,19,10,83.22616184349958,9,21.40327023043745,86.51576139008895,1,A
3,3,8,9,16,82.62513946179399,9,22.32814243272425,55.11134666552606,0,C
1,3,4,18,6,91.30528708177842,5,18.413160885222304,65.84931454975185,1,B
3,1,4,13,16,90.77485610223276,12,23.346857012779097,83.0336205999691,1,A
4,3,5,8,6,89.15660228632711,12,25.14457528579089,43.39021349810177,0,F
2,1,22,12,7,50.29435055109106,10,20.28679381888638,42.45150327536439,0,F
3,2,2,16,14,95.26774507678063,6,27.908468134597577,81.6961804938085,1,A
4,0,4,18,11,93.96835716978013,12,32.746044646222515,88.97781394347817,1,A
3,3,0,7,7,100.0,12,24.5,57.983532372884724,0,C
1,1,10,9,16,82.8473562226162,2,15.355919527827025,54.13777186069422,0,C
3,2,25,19,7,50.0,9,24.25,50.04477182722232,0,C
3,1,20,12,17,64.67633409438011,12,20.084541761797514,63.440226796598395,1,C
2,0,19,19,18,62.85046015259063,6,15.856307519073829,71.14674015429745,1,B
1,3,0,14,8,100.0,4,19.5,66.76155817456248,1,B
1,2,6,16,19,90.34151912374038,5,21.29268989046755,79.2880663387614,1,B
2,1,14,11,14,68.5660362024639,6,18.57075452530799,57.64168831853767,0,C
3,2,16,5,10,69.72082178078273,9,26.71510272259784,44.583291124493115,0,F
4,1,28,16,5,57.3251790817629,8,23.16564738522036,53.81350473091483,0,C
1,1,7,8,10,82.92606853089683,5,15.365758566362103,62.43108110607638,1,C
1,0,29,6,12,53.08296299228351,2,14.635370374035439,53.18817688548931,0,C
3,0,25,6,16,50.0,9,18.25,58.03614667831111,0,C
3,1,27,17,19,50.0,15,23.25,68.9315298811978,1,B
1,3,1,19,19,97.68941707168912,4,24.21117713396114,77.00539934995057,1,B
3,2,25,11,12,50.0,15,24.25,51.14266102362504,0,C
4,2,12,16,10,74.4013774946192,20,24.3001721868274,61.470803668989944,0,C
1,0,11,16,10,73.16855231247007,4,15.146069039058759,69.61417229981585,1,B
4,3,4,7,17,93.60430607701464,12,30.700538259626832,66.13074594420534,1,B
4,1,12,7,7,72.41705045784809,12,24.05213130723101,58.11554044982226,0,C
3,0,5,19,18,89.14607359200959,6,24.1432591990012,95.16135737197773,1,A
4,1,24,10,6,56.44670217907834,12,24.05583777238479,51.52533583110267,0,C
3,1,14,10,11,71.35638932060965,9,20.919548665076206,62.48710397218902,1,C
2,0,29,5,12,50.0,8,17.25,48.71866496084924,0,F
3,3,22,19,14,50.80202843043293,6,24.350253553804116,61.06474020226429,0,C
4,2,21,19,17,64.5717458681811,20,22.071468233522637,75.58549286432557,1,B
2,0,20,19,18,67.95772958019508,4,16.494716197524383,86.73334414964961,1,A
3,3,21,5,10,66.35682628410297,9,24.29460328551287,46.646382881689476,0,F
4,1,29,15,9,50.0,8,21.25,50.7168981379958,0,C
1,0,10,10,8,83.4582684594759,5,19.432283557434488,63.2494022699339,1,C
1,2,3,11,5,93.89307528107432,4,23.73663441013429,61.69015699565455,1,C
3,2,0,13,13,100.0,9,28.5,70.03941542213985,1,B
3,1,14,8,15,66.49706810982939,9,21.312133513728675,58.29867846822602,0,C
1,0,11,18,14,75.60857267284764,5,19.451071584105954,74.74016542842881,1,B
4,2,8,14,8,86.3535023377907,16,25.794187792223838,66.49810920474991,1,B
4,0,10,10,6,84.5427298963041,8,26.56784123703801,55.81354957015141,0,C
4,2,4,16,8,91.16337654479094,20,26.395422068098867,83.34765348162802,1,A
3,1,23,7,17,50.0,6,24.25,56.15239048712513,0,C
2,1,6,17,15,86.79403827606984,8,20.84925478450873,84.99732403572999,1,A
2,0,7,17,9,84.9934394356982,8,24.624179929462276,78.49590428523562,1,B
2,3,0,15,6,100.0,8,24.5,70.33171347226546,1,B
2,3,24,8,11,52.12951597059106,8,21.516189496323882,41.002424877763694,0,F
2,1,0,13,7,100.0,4,24.5,76.01750189988482,1,B
3,2,2,18,18,96.61325045451227,15,30.076656306814034,90.0,1,A
3,3,7,18,19,86.16419519355894,15,26.77052439919487,85.0,1,A
2,1,27,5,12,56.34023668777302,4,15.042529585971629,42.126054567625225,0,F
3,2,10,9,8,79.69281014900362,12,25.96160126862545,64.20890939074638,1,C
3,2,0,19,16,100.0,12,24.5,85.77857387644953,1,A
2,3,13,19,15,73.5399868038819,6,21.192498350485238,61.034315373785674,0,C
4,1,0,15,9,100.0,12,30.5,82.2166274170571,1,A
3,2,5,11,7,89.56273021246867,6,27.195341276558583,55.08390107001122,0,C
4,2,20,7,17,50.064009577616446,20,21.258001197202056,49.320902344713424,0,F
3,0,26,19,15,50.0,9,24.25,68.63359205665037,1,B
3,0,5,6,9,88.73716138846706,9,27.092145173558382,66.6538956096378,1,B
2,3,2,17,13,96.61575819757068,10,26.076969774696337,78.7003482485529,1,B
3,0,9,15,15,81.72978935320651,9,26.216223669150814,85.40423502344639,1,A
1,1,11,6,17,83.41744073448154,5,20.427180091810193,65.32928699178049,1,B
1,3,9,5,18,86.21688023373052,2,16.777110029216317,58.88219212186256,0,C
2,3,21,9,6,61.727911472739024,6,15.715988934092378,47.27285142836545,0,F
4,0,1,17,11,98.033399522288,16,30.254174940286,83.85717870684346,1,A
4,2,23,7,19,52.260352734644634,8,22.53254409183058,46.378505774967586,0,F
4,1,27,15,19,50.0,12,21.25,65.74226930225926,1,B
1,1,21,16,14,52.293116351233024,5,18.53663954390413,72.90484818742867,1,B
4,1,12,11,12,78.40027648720663,8,30.800034560900826,62.96844403255241,1,C
4,3,15,5,7,66.34773735905023,12,23.29346716988128,35.83406636128331,0,F
2,1,12,13,15,75.4073070043204,4,18.42591337554005,70.80874803485379,1,B
4,2,3,18,8,93.1624561392041,16,30.645307017400512,80.03436482483447,1,A
1,2,3,6,17,94.26685121554641,3,21.7833564019433,66.77919278006371,1,B
1,0,29,12,15,53.83509380705743,3,12.72938672588218,61.22625067918686,0,C
1,1,10,14,14,78.8151223072743,5,18.851890288409287,69.99737064088083,1,B
2,3,22,8,6,54.74517366582894,4,16.843146708228616,32.617847152573326,0,F
2,0,13,10,19,68.10315408987786,8,16.512894261234734,64.3154029557836,1,C
3,2,2,13,14,96.6757397217065,15,26.084467465213315,77.95310017201923,1,B
4,1,26,11,17,50.0,12,24.25,59.33768583129647,0,C
2,2,18,19,13,64.46667770714123,10,20.058334713392654,66.26358274343595,1,B
1,0,21,12,7,60.54262842332183,5,18.56782855291523,53.14785934785862,0,C
1,2,24,19,19,50.0,4,14.25,63.8220582722433,1,C
2,1,0,11,13,100.0,6,23.5,80.99988813788437,1,A
2,1,4,6,17,91.14159764660627,8,20.392699705825784,84.24118959069214,1,A
2,0,16,13,11,74.66237598822447,6,19.33279699852806,66.54893890939337,1,B
3,1,0,19,10,100.0,6,27.5,78.38902179678836,1,B
1,2,18,5,15,72.1584966642186,2,18.019812083027325,52.474648732148964,0,C
3,2,18,18,16,66.81373860518956,12,19.351717325648693,71.00005330739125,1,B
3,3,3,6,15,93.55624666423554,15,25.694530833029443,64.25439900680757,1,C
4,3,18,7,7,63.663278106146805,12,24.95790976326835,40.63376351135471,0,F
1,3,5,7,15,88.98531587974574,3,20.123164484968218,54.98339277513834,0,C
1,2,27,18,11,50.0,4,14.25,43.26835698387752,0,F
2,2,14,14,19,71.21860712972256,10,17.90232589121532,74.75530885706674,1,B
2,0,3,8,15,93.96710434330606,10,19.745888042913258,86.61091955751178,1,A
4,3,23,9,18,57.12051688682597,12,25.140064610853244,47.96886952082744,0,F
3,2,0,10,7,100.0,6,28.5,61.74225512138099,1,C
2,0,23,5,17,62.91393187387863,6,22.864241484234828,53.539349637818006,0,C
2,2,26,18,15,50.0,4,14.25,53.637256429519276,0,C
1,0,16,17,10,61.772613784550266,4,17.721576723068782,66.80976647866497,1,B
1,3,10,12,12,77.33729186539112,5,20.667161483173892,51.86277825841411,0,C
2,3,16,10,9,66.66262380531762,6,17.332827975664703,47.72199430939207,0,F
1,3,22,14,15,54.47805654294523,4,11.809757067868155,43.155151575311486,0,F
4,2,0,13,15,100.0,20,31.5,85.49380018540981,1,A
2,2,8,9,17,86.14922614729836,4,21.768653268412294,68.0671443512664,1,B
1,0,13,11,7,75.51055027571424,4,18.43881878446428,59.95578058097908,0,C
4,1,14,15,10,65.14131860926389,16,22.142664826157986,62.82536173431565,1,C
1,1,23,8,19,62.14653071288453,3,19.768316339110566,63.846705334143394,1,C
1,3,28,10,12,50.0,4,18.25,52.355483452993326,0,C
1,1,0,10,14,100.0,4,24.5,75.81763844144558,1,B
2,3,1,17,7,98.04699831897939,6,22.255874789872422,70.75469199909232,1,B
3,0,17,8,16,64.20462548525867,12,23.025578185657334,74.48947762865443,1,B
1,1,17,10,17,60.427516409012085,2,12.55343955112651,54.65739644492855,0,C
4,1,5,12,18,89.76219320947823,12,29.22027415118478,77.22983408717705,1,B
2,3,19,15,15,57.60208593122772,4,20.200260741403465,51.93768231966419,0,C
2,0,7,9,15,87.06909332694168,6,18.883636665867712,75.75941563610775,1,B
4,1,0,6,9,100.0,20,26.5,74.25441082831216,1,B
1,1,14,13,13,78.42570156702097,4,17.80321269587762,63.12009304748446,1,C
3,1,9,15,18,85.12390634754934,15,28.640488293443667,87.41924390300836,1,A
1,0,29,8,18,50.0,2,18.25,52.06872150692244,0,C
4,0,3,8,14,94.15313634598402,20,25.769142043248003,81.63859387907323,1,A
2,1,9,15,19,79.04485947735871,4,24.88060743466984,79.24743824666662,1,B
3,3,10,11,19,81.58025523868031,15,23.19753190483504,60.79828569487478,0,C
2,3,4,14,14,90.93116674629812,4,22.366395843287265,68.3678604174113,1,B
4,1,8,18,7,86.88709706196877,16,26.860887132746097,74.34768062566557,1,B
1,0,4,14,17,90.27941368442973,5,21.284926710553716,82.20480127684564,1,A
3,1,28,10,16,50.0,6,19.25,55.64490401128075,0,C
2,0,10,18,15,82.69098136026628,4,24.336372670033285,75.91713661258663,1,B
2,1,2,8,6,95.42169589265272,10,20.927711986581592,66.20139974572173,1,B
2,0,26,10,15,50.0,10,16.25,52.77898177841761,0,C
1,2,3,7,17,92.74575481446409,5,16.59321935180801,68.71482865154483,1,B
3,3,9,11,18,84.35854962999451,12,25.544818703749314,67.82124777391287,1,B
1,2,6,10,12,86.96795380358324,4,22.870994225447905,70.05804220328764,1,B
1,3,0,7,18,100.0,4,20.5,74.45825913806162,1,B
1,0,26,5,18,50.0,5,14.25,58.40685284679699,0,C
4,2,5,16,18,90.06533575715684,8,28.258166969644606,79.53955642900468,1,B
4,3,7,14,11,86.2116579033164,8,28.77645723791455,62.79199239223935,1,C
4,1,16,9,16,61.87669046664093,8,28.734586308330115,55.25382667759292,0,C
3,0,23,14,13,50.0,9,19.25,52.244965756709995,0,C
1,0,6,6,19,86.27442204890053,5,20.784302756112567,80.99716995716457,1,A
1,1,0,11,8,100.0,2,23.5,67.77244830111775,1,B
4,1,8,17,7,82.57306736857774,20,25.321633421072217,68.85778588034427,1,B
1,3,10,11,14,84.43818094107772,5,15.554772617634715,49.99512845385226,0,F
1,0,18,8,9,59.508348663663,2,17.438543582957877,52.56444909109667,0,C
2,3,1,10,15,97.86189552019798,10,23.232736940024747,66.9595136143753,1,B
1,1,22,5,5,60.34694928247691,3,12.543368660309614,35.4535736461058,0,F
2,0,10,6,9,76.79898513821328,6,24.59987314227666,56.86693899520376,0,C
1,1,2,19,17,95.33510585544936,2,18.916888231931168,87.58571286683407,1,A
3,3,16,10,17,61.08494932394218,15,24.63561866549277,54.703897773107116,0,C
4,3,9,6,7,82.7347776987998,12,31.341847212349975,40.591741306445584,0,F
2,3,28,16,5,50.0,4,19.25,33.28817050909786,0,F
4,0,2,16,7,95.18809149997657,16,31.89851143749707,87.36403529351547,1,A
2,1,21,15,9,61.84717059408033,8,16.73089632426004,54.04645945613298,0,C
2,1,2,8,9,95.40671472532198,8,25.92583934066525,72.32760203519217,1,B
2,3,20,8,19,50.1606678577339,8,21.270083482216737,46.29025645418804,0,F
3,3,24,14,14,50.0,9,20.25,45.07061984244282,0,F
1,3,6,13,16,85.0977761329993,2,21.63722201662491,61.694837252711,1,C
2,3,1,19,12,97.98418756829474,6,22.248023446036843,76.58135576040425,1,B
3,2,0,14,15,100.0,12,28.5,75.66289127231408,1,B
2,2,6,11,5,89.94642471625275,10,20.243303089531594,51.94867779553515,0,C
1,2,19,18,11,57.60388484466835,4,17.200485605583545,51.59531012510899,0,C
2,3,10,11,9,84.9909123335782,10,21.623864041697274,49.71654723082111,0,F
3,3,22,16,7,52.438465769870874,6,19.55480822123386,36.55197350101983,0,F
1,1,5,15,8,91.74364111294983,3,16.46795513911873,64.17943668648874,1,C
3,0,22,5,7,50.0,15,22.25,47.23523663872625,0,F
1,1,3,15,12,95.01061741763695,4,20.87632717720462,66.97277121020983,1,B
1,2,18,9,8,63.055648090416305,3,15.881956011302037,44.16729712505935,0,F
4,1,27,7,7,50.0,20,21.25,44.687601344044424,0,F
4,3,20,7,6,53.610076288171875,8,21.701259536021485,35.64625512440944,0,F
4,2,18,10,7,64.73325306187567,20,26.09165663273446,53.21511320864563,0,C
1,2,13,8,11,68.36061614639196,5,17.545077018298997,50.80386756661935,0,C
2,0,2,12,10,96.03950725386908,4,22.004938406733636,71.77542262869733,1,B
3,0,3,18,14,94.743820179618,9,26.84297752245225,87.86014962740987,1,A
3,2,7,8,16,85.34875347738821,6,24.668594184673527,57.296365437187035,0,C
3,2,17,12,17,63.31390514339228,9,23.914238142924034,66.56718042530257,1,B
4,1,3,18,9,93.97782657099282,12,29.747228321374102,87.06842630655177,1,A
1,2,10,16,12,77.66817871877822,3,17.708522339847278,65.89421348210472,1,B
4,3,15,19,15,71.18978834385234,20,22.898723542981543,62.55607365075521,1,C
2,1,2,16,5,96.9913263523702,8,24.123915794046276,75.92905916943366,1,B
1,3,6,8,7,89.41276637267038,4,16.176595796583797,47.2751496254142,0,F
3,3,1,7,6,97.55409467162539,15,29.194261833953174,48.660478290256464,0,F
4,3,0,9,6,100.0,12,31.5,58.00725773819775,0,C
4,2,25,16,16,57.761654393816436,8,22.220206799227054,65.9272099029914,1,B
2,0,0,17,15,100.0,4,25.5,89.57547396612071,1,A
2,0,5,9,16,90.74601550774685,8,25.343251938468356,79.9841524426886,1,B
4,3,18,14,5,57.94656527943702,12,25.243320659929626,36.87481583970934,0,F
2,2,6,14,9,90.36412352037084,10,20.295515440046355,65.59810355785777,1,B
3,1,23,5,9,53.00286096018519,15,22.62535762002315,43.97751079522079,0,F
2,3,4,19,7,92.89999901979644,8,19.612499877474555,60.575436866317574,0,C
2,1,20,12,16,55.47489955321561,6,15.934362444151951,59.362710217960995,0,C
4,1,27,12,16,59.48892147239055,8,21.43611518404882,60.605017334045414,0,C
4,2,17,12,13,69.78803984074798,8,24.723504980093498,61.829850537706804,1,C
1,2,23,18,16,50.0,5,16.25,54.72136114781573,0,C
1,0,25,14,10,50.0,4,16.25,56.34020299598536,0,C
4,0,12,8,18,72.65361248098245,20,23.081701560122806,71.58959391143664,1,B
2,2,0,17,14,100.0,4,27.5,71.84945140323076,1,B
2,3,9,18,18,81.7212201858407,10,20.21515252323009,77.7146888444051,1,B
1,0,8,13,10,86.43384167637535,3,16.80423020954692,69.66519420442094,1,B
1,1,16,14,14,65.77247777096525,2,13.221559721370657,57.15184426262369,0,C
1,3,0,7,10,100.0,2,19.5,59.534130019759985,0,C
3,1,0,11,18,100.0,15,23.5,85.53727988122512,1,A
3,2,6,10,6,89.03076855023241,15,25.12884606877905,53.96493832589763,0,C
1,1,3,13,15,94.29428072778151,4,21.78678509097269,76.63376269089034,1,B
2,3,27,16,19,50.0,10,17.25,46.95578063143884,0,F
1,2,22,18,14,54.22444885984508,3,12.778056107480635,52.552797049375066,0,C
3,3,20,17,14,60.62372360372236,12,21.577965450465296,64.01253493552959,1,C
2,1,11,8,12,82.99797405670265,8,23.37474675708783,59.333356842804506,0,C
3,3,15,8,10,72.34809434621806,6,24.043511793277258,43.05292479423824,0,F
2,2,13,10,17,79.70203470893077,6,19.962754338616346,65.81782813530512,1,B
3,1,22,12,19,64.40215696388947,9,24.050269620486183,63.16703002187381,1,C
2,1,9,7,18,85.66458789014749,8,23.708073486268436,68.09856499807474,1,B
2,0,13,15,7,78.44475801745878,8,21.805594752182348,74.61586589733994,1,B
2,0,6,12,14,86.12247679986064,4,21.76530959998258,71.81734959081209,1,B
2,3,3,18,13,93.61728281008818,10,20.70216035126102,71.32120105006913,1,B
4,0,1,12,6,97.99321908991348,12,33.24915238623919,74.04409201074643,1,B
3,0,23,18,11,50.0,9,21.25,61.209280986139724,0,C
3,0,17,18,7,58.15919580736291,6,23.269899475920365,63.2610806447313,1,C
4,0,15,11,19,71.23487282082098,16,28.904359102602623,78.8527496311247,1,B
2,2,8,11,16,85.06070445931748,6,19.632588057414686,64.38561160884018,1,C
2,2,4,9,19,90.08890574398144,4,19.261113217997682,69.68050609384316,1,B
3,0,8,6,10,81.82935707711891,12,28.228669634639864,71.2587141253978,1,B
4,3,24,16,9,50.0,8,25.25,44.09219993586852,0,F
2,2,29,18,17,50.0,6,18.25,59.105577836193234,0,C
2,0,7,19,10,85.95094099727098,8,18.743867624658872,76.95815653774687,1,B
2,2,23,6,12,52.83639066428599,4,18.60454883303575,43.18662815602472,0,F
1,1,19,17,18,59.11038403685748,2,19.388798004607185,62.47825172584594,1,C
4,2,15,16,7,71.84740974232162,8,29.980926217790202,65.3827981138776,1,B
2,2,29,14,6,50.0,6,20.25,41.855074684149855,0,F
1,3,19,16,12,54.224802071733784,3,13.778100258966724,45.03791834065565,0,F
4,2,29,12,5,50.0,20,21.25,49.64164757921753,0,F
2,3,17,15,6,68.01491441028702,6,16.501864301285877,50.272653735165036,0,C
3,1,3,10,14,93.4132306453717,6,28.676653830671462,81.55173201018687,1,A
1,0,15,12,5,74.76753168729164,3,17.345941460911455,64.15417090232673,1,C
1,3,3,7,9,92.59428205531556,2,20.574285256914443,49.398580337895865,0,F
2,2,5,5,12,89.21006322676001,4,24.151257903345,55.640593810708054,0,C
2,2,2,17,6,96.86486255382708,4,20.108107819228387,69.21138191933463,1,B
1,3,17,10,8,65.4942487841864,4,19.1867810980233,40.24580093499637,0,F
3,1,14,6,8,68.49522951037608,15,25.56190368879701,58.225777704563114,0,C
3,0,7,16,15,87.55507852445233,15,25.94438481555654,82.44250064237342,1,A
4,2,17,19,15,73.63317781494607,8,30.20414722686826,71.50848578025494,1,B
2,1,23,13,11,54.24926392830139,6,18.781157991037674,51.95431126066625,0,C
3,0,22,9,5,50.0,15,21.25,46.71572389536433,0,F
4,0,2,9,13,96.49693125521725,8,26.062116406902156,78.86962631352435,1,B
3,2,5,17,7,88.91493443114446,9,22.114366803893056,65.19499026632968,1,B
2,3,21,14,10,59.93639566228708,8,19.492049457785885,45.371110944797465,0,F
4,2,25,12,14,61.009198546544766,16,24.626149818318098,53.07081039978301,0,C
4,2,29,10,18,50.0,8,25.25,52.73750136323889,0,C
4,2,20,7,9,63.72195189463507,12,22.965243986829385,43.393296204718176,0,F
3,1,28,13,8,50.0,12,23.25,47.30306729075697,0,F
2,3,23,14,13,50.0,8,21.25,45.655759508481125,0,F
4,1,14,8,15,76.06325085169101,16,27.507906356461376,69.29703450806043,1,B
1,2,26,14,16,50.0,3,14.25,60.45120120300824,0,C
2,3,11,8,18,72.7562620059908,4,18.09453275074885,51.12022526468738,0,C
1,0,4,16,13,92.37092735977116,2,20.546365919971393,85.70092014725344,1,A
1,3,6,17,5,88.90497341181185,4,23.11312167647648,57.14204727073607,0,C
4,2,21,6,11,66.1924882378635,8,28.274061029732938,56.26604130959686,0,C
4,3,26,7,14,50.0,20,21.25,53.072993220216944,0,C
3,0,14,8,13,72.74192217853086,12,24.092740272316355,62.36872970119084,1,C
3,0,6,11,9,87.16802228759559,9,21.89600278594945,72.51545182885741,1,B
3,3,12,17,5,75.88171872825978,6,24.485214841032473,54.77043631006143,0,C
2,0,24,7,12,59.81110867371948,6,19.476388584214934,62.91910777007156,1,C
3,1,2,12,9,96.64726040870042,6,27.080907551087552,67.81217745230204,1,B
1,3,25,12,10,50.0,3,15.25,42.98645011897204,0,F
3,0,22,14,11,50.0,9,20.25,59.31609325035858,0,C
4,0,12,15,14,74.67239194012973,8,25.334048992516216,67.00707144883721,1,B
3,3,25,6,11,62.468893682412876,12,21.80861171030161,41.90901330258052,0,F
2,1,2,8,17,96.13340871841554,8,23.01667608980194,80.14087587702235,1,A
2,3,28,12,18,50.0,6,14.25,54.67743905068268,0,C
1,0,1,5,16,98.05056219259497,5,21.25632027407437,77.6821735267461,1,B
2,3,27,5,11,50.0,6,17.25,32.06195859451004,0,F
3,0,22,18,19,66.10095148791193,15,20.26261893598899,73.60747620767384,1,B
4,2,3,18,5,93.53521448019156,16,29.691901810023943,73.57568096805178,1,B
2,3,16,8,11,70.9786176215587,10,16.872327202694837,44.07433745811913,0,F
1,3,5,15,15,89.70261472100671,2,21.21282684012584,65.61788932826367,1,B
3,0,10,6,7,78.44082656508976,15,27.80510332063622,66.93636036080422,1,B
1,0,5,5,9,90.295893424692,2,21.2869866780865,66.82761494865943,1,B
2,0,21,12,14,65.38413793729706,6,16.173017242162132,68.48610373758609,1,B
2,0,1,6,9,97.9809618703116,10,26.24762023378895,67.99588018735523,1,B
1,3,16,8,12,61.07270134455058,2,13.634087668068823,33.40298046604829,0,F
3,0,2,7,11,95.92823964221738,9,27.99102995527717,71.30618717566234,1,B
2,3,11,19,11,82.14766178604364,10,18.268457723255455,59.226646950310766,0,C
4,1,13,6,10,69.78588067933053,20,27.72323508491632,63.74433946798425,1,C
2,3,1,12,11,98.27825511283706,4,24.284781889104632,65.35661562940321,1,B
3,0,21,7,18,60.72544350622155,9,20.590680438277694,73.65552677578414,1,B
2,0,28,19,11,50.0,4,16.25,64.74970548863973,1,C
1,1,27,13,19,50.328120323608644,5,14.29101504045108,67.08486135108544,1,B
2,3,21,14,9,60.00651351682053,6,15.500814189602567,47.11472116535967,0,F
2,1,28,9,9,50.0,8,20.25,51.34811625431817,0,C
3,3,4,13,8,93.10656396038196,12,26.638320495047743,62.68294768521163,1,C
1,0,9,7,18,82.26623296321497,4,16.283279120401872,78.8654508352277,1,B
3,3,9,16,8,86.31992291346431,15,22.78999036418304,67.40558960224064,1,B
2,0,20,9,9,59.84668161390297,8,19.48083520173787,48.56205475104993,0,F
4,0,8,18,14,87.1064908444329,20,28.888311355554112,94.67099287487196,1,A
2,2,29,14,13,50.0,6,15.25,53.00255020538689,0,C
3,2,20,10,18,63.502532113697505,6,18.937816514212187,48.28230717654202,0,F
4,3,12,13,15,81.01176849229708,20,29.126471061537135,67.0266254364448,1,B
3,0,9,12,16,83.25490452928177,9,24.40686306616022,84.71176695807623,1,A
3,1,5,6,10,90.0097129901723,9,25.25121412377154,53.340695524180134,0,C
1,0,10,6,12,80.68904578672559,3,18.0861307233407,67.18431882287776,1,B
4,1,3,17,13,94.65872405617138,8,29.83234050702142,84.69969602267588,1,A
2,3,25,9,16,55.12862598225404,10,15.891078247781756,46.488706766435804,0,F
3,3,13,9,18,72.26342054001057,9,26.03292756750132,74.02942391299132,1,B
2,1,29,9,8,50.0,8,20.25,48.282706844888025,0,F
1,1,16,8,16,66.77550956977947,4,14.346938696222434,55.90238224165974,0,C
1,0,19,12,17,52.952427226853445,3,12.61905340335668,60.46258898139139,0,C
4,3,1,15,11,97.55512593673897,16,31.194390742092374,77.04428806332399,1,B
1,0,9,9,9,85.61377940659958,4,16.701722425824947,69.36065508419296,1,B
1,1,2,5,8,96.47725119009995,5,18.059656398762492,60.174172092043904,0,C
2,2,6,14,16,85.78963532277535,4,20.72370441534692,75.75643680524786,1,B
1,2,6,18,11,90.8220189149257,5,23.352752364365713,67.60134026621475,1,B
1,2,0,9,7,100.0,3,22.5,66.14554410792826,1,B
3,1,7,5,5,82.81850322188487,9,25.35231290273561,51.58978472750655,0,C
1,0,22,8,11,52.0682111546165,4,18.508526394327063,54.65771298981932,0,C
3,3,0,5,13,100.0,15,29.5,73.06230640688884,1,B
1,1,7,10,6,84.26527588327826,3,20.533159485409783,49.400018982325854,0,F
1,2,13,10,11,75.60569937523115,3,18.450712421903894,53.04514977719712,0,C
4,0,13,5,14,68.52006301230357,16,24.565007876537948,53.38871261556831,0,C
4,3,1,16,6,98.21368371444363,16,33.27671046430545,71.8072214495871,1,B
3,3,7,12,17,86.187375758314,9,24.77342196978925,72.88643456192435,1,B
1,1,18,18,17,59.561070720170086,5,12.44513384002126,64.2804915902647,1,C
2,1,9,8,7,84.18214026071104,4,23.52276753258888,60.519660110485134,0,C
4,3,6,6,17,89.90930591537717,20,29.238663239422145,68.00362449859038,1,B
2,3,12,17,14,81.9675022995613,8,22.245937787445165,68.3108180745991,1,B
4,2,21,18,18,58.252801649416064,12,23.281600206177007,70.40788163177893,1,B
4,3,20,5,16,51.42765056021116,16,24.428456320026395,45.973635294634654,0,F
1,1,14,15,14,75.05917951946662,3,18.382397439933328,66.38255255919582,1,B
4,0,10,7,7,84.56621470924941,12,27.570776838656176,63.822868724847574,1,C
2,2,25,11,16,50.0,4,16.25,41.66357817894704,0,F
4,2,13,14,17,79.76979111254789,16,28.971223889068487,63.53425846465552,1,C
3,3,10,15,8,79.9308776552663,6,27.991359706908288,56.553275771684824,0,C
1,0,1,14,10,98.11847029228925,5,21.264808786536157,88.86911489498402,1,A
1,2,1,12,7,98.02457614625631,4,18.25307201828204,58.895049615767846,0,C
3,1,28,9,17,53.446071981581355,6,19.68075899769767,52.93171420342362,0,C
3,3,11,11,13,82.50777931356659,12,24.31347241419582,60.79372150810286,0,C
3,1,14,6,6,68.51412771152094,6,24.564265963940116,46.3718282140337,0,F
4,3,16,16,11,72.06933183904667,8,23.008666479880834,57.13549856822041,0,C
1,2,13,16,10,70.09448675938076,4,17.761810844922593,59.78549265495877,0,C
3,3,24,19,18,50.0,15,18.25,60.44430599278324,0,C
4,0,15,8,19,74.52431693928563,8,30.315539617410703,69.88756647462762,1,B
3,1,26,10,6,50.0,6,18.25,37.27709821501285,0,F
2,0,7,16,15,88.37104286003832,8,19.046380357504788,85.22369185397876,1,A
2,1,23,16,7,50.0,10,16.25,44.72826390994727,0,F
1,1,16,16,10,69.27146046834744,4,16.65893255854343,67.86565521808272,1,B
4,3,4,16,14,93.26793473724335,12,29.65849184215542,74.87406790170972,1,B
2,2,11,18,8,73.1807755168702,8,21.147596939608775,67.0261666628785,1,B
2,2,5,16,5,87.6837125679975,6,23.960464070999688,65.12053455155548,1,B
4,0,17,16,5,65.80666049932876,8,26.225832562416095,62.552916035457436,1,C
3,3,25,9,7,50.77063705933001,15,24.34632963241625,41.90661147172944,0,F
4,2,4,10,12,90.39663306886065,20,26.29957913360758,69.86758302864229,1,B
3,1,5,16,15,89.51931661195658,12,24.189914576494573,79.82037372106467,1,B
2,1,8,6,8,85.87169101372264,6,18.733961376715328,49.62033062418608,0,F
2,3,14,11,15,73.0472384040354,8,24.130904800504425,56.064821412815036,0,C
2,0,9,12,5,78.97609829372128,10,24.87201228671516,61.20931060083839,0,C
1,3,16,17,12,62.24698708232383,3,14.780873385290478,48.08789833783374,0,F
1,0,28,18,14,50.0,5,14.25,62.303864616031326,1,C
1,3,25,15,10,55.29347782056091,3,14.911684727570114,46.46645477678838,0,F
4,1,18,13,5,60.7608503745812,16,27.59510629682265,49.72160367448323,0,F
2,3,11,10,16,82.74772306431997,4,18.343465383039998,52.75642124266618,0,C
2,2,8,11,14,82.19277875578598,4,25.274097344473248,55.0535321428183,0,C
4,2,14,17,14,71.11520433935954,12,23.889400542419942,69.95655914416254,1,B
1,3,13,16,10,77.25304078983541,3,21.656630098729426,60.224058269229715,0,C
4,0,0,17,5,100.0,8,31.5,78.90781257363508,1,B
1,0,16,5,19,73.83708636661238,4,21.229635795826546,65.75384214188055,1,B
2,1,0,13,14,100.0,8,20.5,84.86013073822234,1,A
3,1,22,10,14,58.17990082653306,15,25.272487603316634,58.985227527158024,0,C
1,0,28,16,7,50.0,5,16.25,56.747776918396546,0,C
2,3,20,8,6,63.824313869444545,4,18.97803923368057,37.65264783235271,0,F
2,1,21,14,8,67.47027230606301,4,17.433784038257876,52.14105202622046,0,C
3,0,12,13,6,79.83111166747744,6,22.97888895843468,68.42463166388148,1,B
2,0,29,16,15,50.0,6,21.25,65.96065422730565,1,B
2,3,7,5,17,89.39324733646062,10,22.174155917057575,57.707931468528855,0,C
1,2,29,6,9,50.0,2,12.25,32.4353092527804,0,F
1,0,12,7,8,71.18655905969752,2,14.89831988246219,48.039656543258566,0,F
3,1,15,5,10,70.06903587779708,15,23.758629484724636,59.035561630324,0,C
3,3,1,6,18,97.79236958163266,6,25.224046197704084,67.08486707589533,1,B
2,3,12,6,19,76.44787851384616,4,18.55598481423077,55.77001043622968,0,C
1,3,17,11,11,69.25102399324763,4,13.656377999155954,47.79952896806257,0,F
3,2,2,14,16,96.67026724264694,15,28.08378340533087,82.75732646007197,1,A
3,2,12,17,6,75.78205254838326,12,26.472756568547908,53.90389678616422,0,C
4,1,18,10,6,56.2619877718139,20,23.032748471476737,64.68771633203806,1,C
3,1,12,16,12,71.32033399738192,6,21.91504174967274,70.81959997427336,1,B
2,3,18,13,17,56.44673559288074,6,21.055841949110093,53.92264699031183,0,C
1,1,3,18,17,92.60076081970598,3,19.575095102463248,93.48362705663351,1,A
3,0,18,9,13,70.02355640663285,12,21.752944550829106,68.44646387134335,1,B
4,2,17,13,9,72.00906919808014,12,25.001133649760018,67.81869914685868,1,B
1,3,24,18,11,53.733726211611376,3,15.716715776451423,58.40470416747259,0,C
3,3,5,17,17,89.05344231934247,12,24.13168028991781,81.85739111632014,1,A
4,0,18,16,16,65.0855094406224,8,27.1356886800778,75.22555348271443,1,B
3,0,24,14,13,50.0,15,22.25,63.329163872721246,1,C
1,0,3,18,18,93.34781054863112,2,21.66847631857889,88.9496860420433,1,A
1,0,3,18,5,93.5980875836614,4,23.699760947957675,81.10455823610087,1,A
1,3,23,13,12,63.86612996797671,2,13.98326624599709,42.439541740177546,0,F
2,2,6,6,14,89.94798743509435,4,25.243498429386793,61.35427282047186,0,C
3,2,6,19,14,88.43107747452768,12,29.05388468431596,68.47353461261932,1,B
2,0,25,16,13,50.0,8,20.25,58.12803992001528,0,C
1,1,22,13,13,59.643008631158274,4,12.455376078894783,57.560920257895134,0,C
4,3,25,7,14,50.0,12,26.25,44.442953225980126,0,F
3,2,15,15,11,62.66640950200609,12,23.833301187750763,63.033558955193115,1,C
2,0,26,7,16,54.13534846861048,8,18.76691855857631,58.67347621057015,0,C
3,1,15,16,16,74.99999465137631,12,24.37499933142204,73.16475391743069,1,B
4,1,4,15,16,91.814666871464,16,29.476833358933,82.19498492274927,1,A
2,0,14,18,16,71.27353453284013,4,20.909191816605016,74.963144484134,1,B
1,3,22,19,14,50.0,4,14.25,60.792768580836764,0,C
2,2,3,13,19,95.42070971442519,10,25.92758871430315,78.36593248919043,1,B
3,1,23,19,7,56.130312139775334,12,22.016289017471916,61.440322517057226,0,C
3,2,24,11,17,56.50364419700868,15,25.062955524626084,57.2757961349234,0,C
3,2,12,19,17,75.14736622138747,15,23.393420777673434,79.3621387743204,1,B
3,1,27,18,9,59.24808041876193,9,21.40601005234524,56.2202543794431,0,C
1,0,18,15,17,60.20085144877971,3,14.525106431097463,66.50332847050346,1,B
2,1,6,19,6,88.09006154504186,4,19.011257693130233,73.1447841950481,1,B
1,1,11,12,15,75.79241873525156,4,16.474052341906443,63.39663708652182,1,C
1,3,25,11,14,51.30484465884171,4,18.413105582355215,46.19200106624279,0,F
1,2,8,13,7,84.20645733445932,5,18.525807166807414,61.170492223418435,0,C
3,0,16,12,14,61.67120435084152,12,20.70890054385519,67.0180067848294,1,B
3,2,1,18,11,98.28910185137552,15,30.286137731421938,79.75538439863219,1,B
3,1,15,8,5,74.23766898226356,9,27.279708622782945,52.49823849860313,0,C
2,0,6,6,7,87.64314042933817,4,19.955392553667274,66.23995475282203,1,B
4,0,28,18,9,50.0,12,27.25,66.0975431151143,1,B
3,0,17,17,15,68.47030003080349,12,25.558787503850436,85.79972724604171,1,A
2,0,6,15,18,87.88293299611055,10,22.98536662451382,81.26197900049377,1,A
3,3,0,9,8,100.0,9,27.5,53.39815253973231,0,C
3,0,2,6,7,96.72817875538034,12,29.09102234442254,68.90105817780342,1,B
1,1,20,8,10,65.23474699867495,5,19.15434337483437,50.963236217456675,0,C
1,3,29,18,16,50.0,4,14.25,51.35551472182996,0,C
1,1,27,16,10,50.0,4,13.25,60.09109650943594,0,C
2,1,29,6,8,52.432875333295904,4,20.554109416661987,42.873438360272004,0,F
4,2,10,9,13,84.53439693884798,12,31.566799617355997,66.47312109441275,1,B
4,0,21,10,15,66.54311559123829,16,23.317889448904786,67.2068271234971,1,B
2,0,14,15,10,74.89194074155562,8,18.361492592694454,69.90234148800806,1,B
3,1,28,5,19,50.0,6,24.25,53.36745449087035,0,C
2,0,24,19,13,56.287012321429245,4,20.035876540178656,67.77133812753489,1,B
3,3,24,16,17,59.54427368155766,15,19.443034210194707,60.54016121807058,0,C
2,2,2,12,15,96.20831778908408,8,23.02603972363551,76.1549437624213,1,B
2,0,29,6,14,52.90244495210172,8,19.612805619012715,58.99965905509388,0,C
2,0,23,18,14,54.68501257097854,8,16.835626571372316,73.09429963255592,1,B
4,3,12,9,6,73.89335014424432,16,24.23666876803054,49.15648963143151,0,F
1,2,3,15,19,94.39345414083175,2,17.79918176760397,84.66535088569665,1,A
2,3,22,12,10,63.18054708930436,6,17.897568386163044,47.383675314564016,0,F
4,1,21,9,18,58.98285287580599,8,23.372856609475747,57.04730065305106,0,C
1,1,7,7,8,84.16257537266229,5,19.520321921582784,49.95237180731335,0,F
1,0,21,10,6,66.89152071553588,2,20.361440089441984,61.746054252460034,1,C
2,2,3,5,9,95.28718863392966,6,19.910898579241206,54.824495953523126,0,C
3,1,17,5,18,69.09211742964175,12,19.63651467870522,66.64338835275558,1,B
3,3,6,12,19,88.50968327557675,15,23.063710409447093,79.61514727637783,1,B
3,1,10,11,7,82.83528164271607,15,23.35441020533951,59.99766181720467,0,C
2,1,28,14,10,57.24650232634251,8,19.155812790792815,51.83896987092906,0,C
3,3,26,14,15,55.29144931024135,9,20.91143116378017,56.00100993756422,0,C
4,0,3,15,19,94.1938903843787,8,25.774236298047338,93.69273707934641,1,A
4,2,12,15,18,81.04687186676534,16,29.130858983345668,75.83317249583192,1,B
4,0,8,7,12,82.27286537084824,12,24.28410817135603,71.18894184350395,1,B
4,3,8,12,8,83.58319324471816,12,26.44789915558977,60.52602518789365,0,C
1,1,22,15,16,57.442315164346084,3,18.180289395543262,66.56276792536815,1,B
4,2,20,19,8,59.62576313574239,16,24.453220391967797,66.42621998960621,1,B
3,0,18,12,9,61.19549232369344,9,18.64943654046168,56.5796359254476,0,C
2,3,2,18,10,95.01040298851358,10,25.8763003735642,76.71614943261439,1,B
3,1,24,18,15,50.0,15,21.25,75.17250456569755,1,B
4,1,24,5,11,51.03128533470756,8,20.378910666838443,46.75033790924755,0,F
1,0,11,14,10,75.02412821824527,2,16.37801602728066,74.97499033014033,1,B
4,3,28,11,11,50.0,12,22.25,41.10687306082729,0,F
2,1,10,6,13,81.89091297271949,6,23.236364121589936,63.34496977003978,1,C
3,1,19,16,8,66.52273572150978,9,24.315341965188722,64.3109879602832,1,C
2,2,10,6,14,81.00520722899674,4,25.125650903624592,58.622243373775135,0,C
2,1,16,6,19,75.9634675935605,10,24.495433449195062,64.32487482037095,1,C
2,0,28,17,5,53.04523450004037,10,17.630654312505047,51.653458477681475,0,C
3,3,25,9,19,59.336666377352756,12,18.417083297169093,57.683228027784764,0,C
4,3,20,11,13,50.79315947306192,8,23.349144934132738,48.030272951464106,0,F
2,2,13,8,11,79.65697828888361,6,23.95712228611045,47.99341395737021,0,F
3,3,15,15,8,69.98540838789535,15,26.74817604848692,58.116050550116526,0,C
1,0,23,16,14,50.0,4,11.25,63.67630570300666,1,C
3,1,9,8,12,81.03231803028814,15,22.129039753786017,63.20060776649065,1,C
1,2,3,13,16,94.01419276598013,4,16.751774095747514,74.84383744858724,1,B
3,3,9,18,11,79.81305951743002,9,22.976632439678752,58.92181895953,0,C
4,2,25,14,16,53.66561770957169,12,27.70820221369646,56.73566900462136,0,C
2,2,19,13,6,67.81942563381608,10,23.47742820422701,47.766791639894095,0,F
4,3,28,11,5,50.0,8,22.25,38.32927129835516,0,F
3,2,11,18,13,82.87759625127224,15,28.359699531409028,73.70922612047164,1,B
2,3,29,19,11,50.0,4,15.25,44.986393568544585,0,F
1,0,8,14,18,87.17307128036519,5,15.896633910045649,79.75179487900328,1,B
3,3,14,19,14,70.24204970930234,6,19.780256213662792,65.79440264451401,1,B
2,1,8,8,5,84.18362137076214,6,20.522952671345266,59.32763239952436,0,C
1,3,6,12,17,85.00875298046752,4,16.62609412255844,61.747673071984465,1,C
1,1,25,14,8,52.80198061520968,2,13.60024757690121,50.92030879551353,0,C
4,2,23,7,19,50.0,12,26.25,37.71752977560086,0,F
3,3,11,7,9,79.05841445653003,12,21.882301807066256,45.123388077905595,0,F
1,1,27,16,9,50.0,3,13.25,57.039615509574794,0,C
2,3,19,11,18,59.27043589194066,6,19.40880448649258,50.92972229373049,0,C
1,3,23,17,18,63.511605106227336,3,19.938950638278417,54.424208777702276,0,C
1,3,13,15,18,70.83624436082874,2,13.854530545103593,68.90141831076409,1,B
4,0,21,16,9,64.11798017585143,12,25.014747521981427,59.621800413208305,0,C
4,1,15,13,15,71.67338581220689,12,29.959173226525863,64.55269035154814,1,C
2,0,28,17,7,50.0,6,18.25,52.30750567539937,0,C
4,0,18,15,9,56.00235363974907,8,23.000294204968633,57.392402584389664,0,C
1,1,22,8,8,54.684319563446245,5,12.835539945430781,50.42336356356196,0,C
1,3,2,8,19,95.96123099796293,3,19.995153874745366,65.86984262553459,1,B
4,0,10,5,9,79.95076583186349,20,24.993845728982937,77.17980443144239,1,B
1,0,22,5,11,50.0,3,16.25,36.552132561321656,0,F
1,0,20,17,9,50.13767840177139,2,18.267209800221423,62.749552348330724,1,C
2,3,19,18,18,59.46177016821694,10,16.432721271027116,58.98738846067917,0,C
4,0,18,7,19,66.18479632329897,12,27.27309954041237,68.29849320131271,1,B
1,2,7,16,18,87.9693497993184,5,21.9961687249148,74.55505267443301,1,B
4,1,19,17,18,67.72239712559212,16,27.465299640699016,76.16666914124662,1,B
2,2,7,11,12,83.50694298876962,10,18.438367873596203,67.67910433903906,1,B
4,3,25,17,12,50.0,12,27.25,47.5045101677008,0,F
1,0,2,19,7,95.60401911915824,5,18.95050238989478,81.01910633680089,1,A
4,1,9,13,9,77.89753945640842,12,23.737192432051053,71.32756378490377,1,B
1,0,12,8,16,77.80005360202819,5,19.725006700253523,59.61351731880134,0,C
1,3,8,6,8,82.97923813249918,5,16.372404766562397,55.994757554090356,0,C
1,1,5,10,18,89.94157723213354,2,16.242697154016692,80.23541737475512,1,A
2,2,14,10,18,72.2517457899294,4,21.031468223741175,64.38711612964597,1,C
4,1,15,13,9,68.0143954575937,20,28.501799432199213,66.46574255595658,1,B
2,0,4,19,12,92.75864474205515,4,24.594830592756892,87.18094110709431,1,A
4,1,20,8,8,57.18755322551064,8,22.14844415318883,44.39895758085288,0,F
2,3,12,12,9,73.9256616198113,8,18.240707702476413,54.94681452231566,0,C
3,3,18,17,11,57.94996000293045,9,22.243745000366307,50.846724616071,0,C
1,1,1,18,7,97.76951858154769,3,18.22118982269346,70.23093972214505,1,B
1,3,5,17,17,90.90112768437453,4,19.362640960546816,79.01705093013483,1,B
2,3,26,7,10,50.0,10,17.25,30.553298191372924,0,F
3,3,0,6,13,100.0,6,25.5,66.10654490221899,1,B
1,2,14,13,15,75.39788207329053,3,16.424735259161316,61.603341952917845,1,C
4,0,14,19,8,71.70676916081699,16,22.963346145102122,77.61960183268906,1,B
2,3,13,10,8,79.19010984876118,6,24.898763731095148,45.43372760193942,0,F
1,1,6,15,10,87.57636222520159,5,15.947045278150199,65.58905939794046,1,B
1,3,4,12,10,92.43888339321495,4,22.55486042415187,64.02073056801936,1,C
2,2,19,15,7,70.83944076654046,10,20.854930095817558,64.03404780231395,1,C
2,1,24,14,18,53.57325084134187,10,18.696656355167732,69.96687996811923,1,B
4,0,25,13,5,55.471495588771305,16,25.93393694859641,58.67816122564211,0,C
4,1,15,5,7,76.49533938713357,12,29.561917423391698,49.21822918582308,0,F
1,1,16,17,12,71.30608221768216,2,14.91326027721027,55.11732796161036,0,C
1,1,10,5,12,82.05904876273947,2,17.25738109534243,67.37888866980771,1,B
2,1,14,15,10,74.02896861153815,8,22.25362107644227,63.15884260264555,1,C
1,3,19,9,11,64.53697558566876,2,15.067121948208595,49.05119466269609,0,F
1,0,15,13,6,71.05342742817633,5,15.881678428522042,63.47789964511466,1,C
2,3,2,11,13,96.8160837445509,6,27.102010468068862,55.46921531771379,0,C
1,2,5,11,7,92.47361108862566,4,18.559201386078207,59.15932558940629,0,C
1,2,20,6,6,55.27985425600663,5,11.909981782000829,36.541665604238275,0,F
3,1,22,7,9,59.57837811260297,15,21.44729726407537,42.34244240202068,0,F
4,3,12,8,5,74.63665869451054,12,28.329582336813818,42.81062360355783,0,F
2,3,0,6,9,100.0,6,24.5,51.458530590253474,0,C
3,0,28,14,14,50.0,6,21.25,68.8377858252675,1,B
4,0,20,13,8,63.691505913665914,12,23.96143823920824,58.7486057532532,0,C
4,0,13,9,16,72.63442276722903,16,25.079302845903626,75.44247121799482,1,B
4,3,1,17,10,98.28002875138459,16,26.285003593923072,69.07990072490816,1,B
3,0,1,11,16,97.98219762162304,9,30.24777470270288,83.11148192185229,1,A
3,0,26,15,9,50.0,9,17.25,56.6879898521626,0,C
4,0,14,13,13,76.44046344503025,20,27.55505793062878,78.46864330359307,1,B
1,1,26,9,9,57.78495942585202,4,14.223119928231503,47.58089942327292,0,F
1,2,17,19,17,57.94877806751074,2,14.243597258438843,53.90251730083026,0,C
3,2,8,10,12,80.85385907758229,15,27.106732384697786,68.42583760771909,1,B
3,3,25,8,16,50.0,15,22.25,52.99124578528364,0,C
3,3,2,18,17,95.27789145748949,6,26.909736432186186,78.64345147255256,1,B
4,1,3,12,6,95.2133188810137,8,25.901664860126715,68.16623748436372,1,B
1,2,14,5,7,68.78873252352639,3,18.5985915654408,46.785004393798026,0,F
3,0,4,5,7,92.85758261856131,9,26.607197827320164,69.0308781669514,1,B
3,0,29,9,7,50.0,15,17.25,50.31223633225578,0,C
2,3,19,14,10,56.968535550680336,8,15.121066943835043,43.061415326363594,0,F
4,2,19,13,11,70.86389272726196,16,29.857986590907743,62.178647127121835,1,C
2,3,4,6,11,91.22064727560391,10,24.40258090945049,47.273418812620974,0,F
1,3,9,15,16,82.58619888574161,4,20.323274860717703,66.66781848086042,1,B
2,0,15,19,11,70.90490692182826,8,16.863113365228532,81.64133758446629,1,A
2,0,24,7,16,50.0,4,16.25,44.259213105651106,0,F
2,2,11,12,7,74.04289975477361,6,21.2553624693467,41.787129505814164,0,F
4,3,24,9,5,62.61919012585291,12,21.827398765731616,43.248020995716175,0,F
1,1,29,7,10,50.0,5,18.25,54.345209399811566,0,C
2,2,13,10,7,74.83399985954708,4,20.354249982443385,60.56836720882147,0,C
4,3,21,10,17,66.02589624941831,16,28.25323703117729,56.799624881054825,0,C
1,2,10,18,19,76.48948613711585,5,21.56118576713948,78.00797134012973,1,B
3,2,27,9,7,57.569201027712026,15,18.196150128464005,50.44273527209123,0,C
2,2,29,9,19,55.56917553725963,8,14.946146942157455,47.0404594977565,0,F
1,1,18,10,7,69.44472028084058,3,20.680590035105073,43.7104188598053,0,F
2,1,5,6,19,90.98310371699954,8,26.372887964624944,73.8672486441298,1,B
3,0,9,10,13,85.952073003153,15,26.744009125394125,73.0515101041924,1,B
1,0,19,6,16,59.31508227703764,3,12.414385284629706,58.762126065588326,0,C
4,3,2,7,19,96.1256999516369,20,32.01571249395461,71.6114483988577,1,B
1,2,21,6,8,59.84403390620622,2,19.480504238275778,48.2733389806414,0,F
4,3,14,5,9,76.96522972454007,12,30.620653715567506,51.09760258704168,0,C
1,0,10,16,7,80.62210916362733,5,16.077763645453416,69.1684578787709,1,B
4,1,21,5,14,60.306515166016446,20,26.538314395752057,46.79239469355604,0,F
3,0,1,13,17,98.11635728007877,6,26.264544660009847,90.73108016583286,1,A
3,3,24,17,19,58.754391715078214,12,20.344298964384777,63.59918937132326,1,C
3,0,23,8,16,63.32794129977696,9,24.91599266247212,64.25682460457777,1,C
1,3,5,9,5,91.19646034321886,5,23.399557542902357,48.19073000151338,0,F
3,3,16,14,19,65.32367736175159,15,24.16545967021895,60.78085393876303,0,C
2,3,27,18,16,57.53106720727826,10,19.191383400909782,65.82866927252579,1,B
3,3,17,19,8,68.00048449883923,15,23.500060562354903,64.62138499014067,1,C
4,0,3,11,19,93.95687130810295,16,30.74460891351287,88.74990371211271,1,A
4,3,22,19,5,50.0,16,24.25,48.19656783503566,0,F
4,3,8,6,15,81.24939998319721,16,29.15617499789965,61.164194096593064,0,C
1,2,9,16,15,78.25048000543052,3,16.781310000678815,61.0920106428093,0,C
2,3,20,15,11,53.59996917010345,8,14.699996146262931,42.504348189668555,0,F
3,0,25,14,11,50.0,9,24.25,66.65912286802244,1,B
2,3,1,13,19,97.63921319546799,8,23.2049016494335,70.66355639377808,1,B
2,1,28,16,8,50.0,10,18.25,50.386971869265935,0,C
4,1,10,8,19,81.42252006958144,8,31.177815008697678,72.39761116041362,1,B
4,3,10,14,9,81.27657999380837,12,25.159572499226044,57.97481424013499,0,C
4,1,10,14,14,79.34538286683302,8,24.918172858354126,67.84914297782414,1,B
1,1,0,17,11,100.0,2,20.5,78.09763434863054,1,B
2,0,25,17,17,59.15868279471501,10,19.394835349339377,64.52015325402266,1,C
2,2,13,5,10,79.9895521447914,10,17.998694018098924,55.657409667686395,0,C
1,1,28,12,17,50.0,3,15.25,55.52681325535536,0,C
1,1,29,8,8,50.0,3,17.25,34.38297944626293,0,F
1,2,0,11,8,100.0,3,17.5,61.460729855085404,0,C
2,2,20,7,6,50.466469460140985,8,18.308308682517623,24.400123463186553,0,F
2,1,29,15,14,50.0,8,15.25,51.902730127459705,0,C
4,3,22,16,6,62.725576542355405,8,23.840697067794427,38.672089338376765,0,F
4,1,24,13,16,55.816514862416795,12,25.9770643578021,74.98129394136673,1,B
2,3,8,19,8,80.97630160901167,4,25.12203770112646,62.15057043107352,1,C
4,3,23,17,9,65.17883103703967,16,25.14735387962996,56.02554933813133,0,C
1,3,0,9,8,100.0,2,17.5,52.129243371627936,0,C
3,2,20,9,18,65.6642722617893,6,21.208034032723663,59.72581886385204,0,C
4,1,21,7,7,60.60575778959774,12,28.575719723699716,49.97327396455895,0,F
2,1,21,15,15,62.150732145382946,6,15.768841518172868,68.04134079693945,1,B
4,0,3,13,6,93.02524647167542,8,31.628155808959427,72.50581502601518,1,B
4,2,0,7,8,100.0,16,29.5,62.99305171982104,1,C
4,0,18,6,18,57.91899372542419,8,28.23987421567802,59.7641902078507,0,C
3,0,9,15,15,83.0461573490161,12,27.38076966862701,81.89653198634137,1,A
1,3,14,17,9,70.65865601377868,2,19.832332001722335,53.86644807016614,0,C
2,2,19,13,5,61.7063464652587,4,17.713293308157336,51.43629668864743,0,C
3,0,3,16,19,94.07582035466962,9,28.759477544333702,99.72116716910972,1,A
2,1,28,16,17,50.0,4,21.25,60.836176705680174,0,C
2,0,19,13,5,58.02480802066563,8,17.253101002583204,66.78487866261612,1,B
2,2,13,14,10,73.68761512233998,4,22.2109518902925,60.77260960704413,0,C
3,1,4,16,9,93.68558887564423,6,27.710698609455527,78.62049533375864,1,B
1,1,28,17,15,57.98537323858079,4,15.248171654822599,67.74374364183801,1,B
2,1,14,8,8,78.71553331602684,4,20.839441664503354,62.75049223514297,1,C
1,3,14,8,5,77.93669950653245,2,14.742087438316556,45.89523122987093,0,F
1,1,26,17,16,51.35519103053853,2,18.419398878817315,58.55792459370723,0,C
4,3,24,15,18,56.6640235076762,8,27.083002938459526,55.56076970915679,0,C
3,3,15,14,11,75.15036432086478,12,22.393795540108098,51.22866645188628,0,C
3,0,15,19,19,69.7682604732957,15,22.721032559161962,88.81152676439956,1,A
4,0,3,17,8,92.58945576009131,16,30.573681970011414,88.72389993441652,1,A
4,1,24,17,7,60.14328067093864,16,21.517910083867328,65.5470890135425,1,B
1,2,8,10,18,85.99526828640983,5,22.74940853580123,70.63721250238409,1,B
2,1,0,13,11,100.0,8,27.5,81.52675240003369,1,A
3,0,4,12,6,91.43663698850179,6,26.429579623562724,63.25325834337527,1,C
2,1,8,14,14,83.19800007307484,8,23.399750009134355,71.8752657081127,1,B
2,0,19,7,5,61.59721369117849,4,18.699651711397312,45.57781667487747,0,F
4,1,4,10,15,91.0509271455103,12,30.381365893188786,84.14321992151422,1,A
2,2,3,19,8,92.96216332216854,4,25.620270415271065,73.38539418586754,1,B
1,1,28,17,17,50.0,2,16.25,63.02711956384354,1,C
4,2,15,11,12,70.51734175077044,16,24.814667718846305,53.221949236227736,0,C
2,2,1,19,17,97.50504337887355,8,24.188130422359194,78.83021481201602,1,B
4,1,25,19,10,50.0,16,23.25,60.47280603660083,0,C
1,2,15,10,13,67.63987373231873,3,19.45498421653984,57.24279533276959,0,C
1,2,17,7,5,63.62538788367232,5,13.95317348545904,34.274321142156204,0,F
2,0,1,18,5,97.58925570523874,4,27.198656963154843,86.94323974988579,1,A
4,0,15,18,15,63.28098540915054,20,23.910123176143816,75.03224058685343,1,B
2,2,28,18,9,53.00218681720316,10,20.625273352150394,55.97412680786738,0,C
2,3,0,17,10,100.0,6,25.5,67.34086923329828,1,B
4,1,15,17,12,63.3782522477552,8,23.9222815309694,71.77150322690683,1,B
2,2,2,13,7,96.23577433801682,4,20.029471792252103,73.9809216774101,1,B
1,1,14,8,10,75.7425285004892,3,20.46781606256115,59.93175774279729,0,C
4,0,29,6,7,53.52305782866213,12,21.690382228582767,45.29419090191114,0,F
4,1,10,13,12,79.02782396455996,8,26.878477995569995,64.68044571443417,1,C
4,2,9,7,16,80.19754453240871,12,25.024693066551087,59.81370744191564,0,C
4,2,16,10,15,72.87123221796443,16,28.108904027245554,61.56351219776782,0,C
2,2,3,9,15,93.47908566048375,4,22.68488570756047,65.15503765914056,1,B
2,2,16,18,8,61.606092925062654,10,21.700761615632832,62.957678262750704,1,C
1,3,3,17,6,94.76926163710782,4,16.84615770463848,62.13504531457308,1,C
3,3,18,19,16,70.80400187826962,15,24.850500234783702,71.18251358930115,1,B
3,3,24,6,13,50.0,9,22.25,31.43199689394372,0,F
1,2,0,5,19,100.0,5,21.5,69.65691417600395,1,B
3,3,13,13,14,77.70679474820338,12,21.713349343525422,64.2714219969036,1,C
1,1,23,7,19,50.0,3,18.25,50.824671299009474,0,C
2,2,10,11,17,79.09080536947629,8,19.886350671184537,67.97424158807692,1,B
4,0,24,13,12,58.25928512483686,12,24.282410640604606,62.81516032943144,1,C
4,2,27,13,19,50.0,8,21.25,62.952941185554494,1,C
2,1,6,16,10,88.17737551190721,10,22.0221719389884,74.62668262156738,1,B
4,3,16,14,7,64.79465800865702,20,23.099332251082128,47.823435702082215,0,F
4,2,3,10,6,94.59573150981058,8,27.824466438726322,63.13276273053525,1,C
3,3,9,12,17,79.15796559936,6,23.89474569992,64.12709291642042,1,C
2,2,16,13,8,71.77142466275924,10,19.971428082844906,60.30899594538219,0,C
3,1,3,7,8,94.40563827024954,6,26.800704783781192,58.41694376705108,0,C
3,2,18,10,5,65.95355454150189,9,19.244194317687736,40.73777659079677,0,F
4,3,17,9,19,70.99074373504187,20,23.873842966880233,63.15792394596754,1,C
4,3,16,11,13,62.0100892495644,16,28.75126115619555,49.790149578750075,0,F
2,1,5,11,14,91.93256080023585,4,21.49157010002948,73.9143628481902,1,B
4,2,27,13,12,50.0,12,26.25,52.29212382007363,0,C
4,0,6,5,11,86.1150949045952,20,28.7643868630744,66.93866295855945,1,B
2,2,5,10,10,89.59547528599795,10,23.199434410749745,64.968595314775,1,C
4,1,24,9,7,56.15448410810369,12,21.019310513512963,45.318574366824905,0,F
3,0,11,8,8,74.90509433707334,6,26.363136792134167,53.1498901104557,0,C
2,1,8,14,6,84.00658088896213,10,20.500822611120267,65.32811448136749,1,B
4,2,17,16,11,71.72878155566548,8,28.966097694458185,61.04424023739992,0,C
1,0,1,15,6,98.18313672514724,3,22.272892090643403,73.29058610691831,1,B
2,1,24,18,18,50.0,8,21.25,67.02549657740664,1,B
2,3,16,5,19,65.45957579523221,6,17.182446974404026,51.524112157819886,0,C
1,0,20,8,14,59.03735818664383,2,15.379669773330479,54.27308756044564,0,C
4,0,0,14,5,100.0,20,33.5,86.69056340313857,1,A
4,1,22,15,10,53.93744191603643,8,27.742180239504552,52.23155774362967,0,C
2,3,8,11,8,85.34038773444692,4,18.667548466805865,49.87614332074183,0,F
2,0,5,8,19,91.37539462548511,8,22.42192432818564,89.06780192855713,1,A
4,1,29,5,12,50.0,20,24.25,45.30665618134775,0,F
4,0,1,14,5,98.18512659687558,16,29.27314082460945,79.48042952149008,1,B
3,0,5,5,13,90.82189772635725,12,23.352737215794654,68.73866726393148,1,B
2,0,8,5,10,80.82578836188846,6,23.103223545236055,69.50118161419343,1,B
2,3,2,15,18,96.71461404912189,6,27.089326756140238,71.93915613640702,1,B
1,2,15,14,6,68.73107690855207,5,14.591384613569009,58.78100353228774,0,C
